id,document_name,source_type,status,version,is_parent,supersedes_document_id,superseded_by_document_id,chunks_total,chunks_active
8c21c273-4a20-4da7-90b4-50ebf409bf6b,http://npstrust.org.in/grievance-form,URL,COMPLETED,2,False,170209d9-18bf-489d-a711-c1c6ae40aaed,,0,0
170209d9-18bf-489d-a711-c1c6ae40aaed,http://npstrust.org.in/grievance-form,URL,COMPLETED,1,False,,8c21c273-4a20-4da7-90b4-50ebf409bf6b,0,0
35aeb226-b80d-404d-962a-043fa5845418,https://npstrust.org.in/,URL,COMPLETED,2,True,237e6606-5e9d-4a19-94e7-02e35f63a8f1,,15966,15966
237e6606-5e9d-4a19-94e7-02e35f63a8f1,https://npstrust.org.in/,URL,COMPLETED,1,True,,35aeb226-b80d-404d-962a-043fa5845418,15845,15845
1823d394-80f9-45a9-8858-f70864bbe193,https://npstrust.org.in/5-reasons-why-you-should-start-investing-national-pension-system-nps-first-week-april-2025,URL,COMPLETED,1,False,,,0,0
a2833b2a-add4-4f86-8b6a-011dbdd148c5,https://npstrust.org.in/5-reasons-why-you-should-start-investing-nps-first-week-april-2025,URL,COMPLETED,1,False,,,0,0
202617e4-ac2f-4d7c-8135-986a773b791c,https://npstrust.org.in/6-income-tax-saving-ways-investors-optimise-returns-nps-scheme,URL,COMPLETED,1,False,,,0,0
69a5c9cc-8536-4e93-9686-173eae49466e,https://npstrust.org.in/about,URL,COMPLETED,1,False,,ba090452-998b-457d-b5e5-f7debbd55ba6,0,0
ba090452-998b-457d-b5e5-f7debbd55ba6,https://npstrust.org.in/about,URL,COMPLETED,2,False,69a5c9cc-8536-4e93-9686-173eae49466e,,0,0
fdadceeb-3de1-4374-ae45-31e08d082c77,https://npstrust.org.in/about-apy,URL,COMPLETED,2,False,1e8edd35-a955-47a5-a5c1-a9a3de85beee,,0,0
1e8edd35-a955-47a5-a5c1-a9a3de85beee,https://npstrust.org.in/about-apy,URL,COMPLETED,1,False,,fdadceeb-3de1-4374-ae45-31e08d082c77,0,0
34e3b098-be83-42fe-88cc-0cbc7e866a62,https://npstrust.org.in/about-msf,URL,COMPLETED,1,False,,8149f7d3-2eb1-4200-8cbc-b792e5676b94,0,0
8149f7d3-2eb1-4200-8cbc-b792e5676b94,https://npstrust.org.in/about-msf,URL,COMPLETED,2,False,34e3b098-be83-42fe-88cc-0cbc7e866a62,,0,0
fa398e14-2990-4e9a-a683-00a61317de46,https://npstrust.org.in/about-nps,URL,COMPLETED,2,False,9a4e7518-bb18-4415-a66d-7ca2e49811a7,,0,0
9a4e7518-bb18-4415-a66d-7ca2e49811a7,https://npstrust.org.in/about-nps,URL,COMPLETED,1,False,,fa398e14-2990-4e9a-a683-00a61317de46,0,0
597781fa-ed5c-49e0-a7f5-ea3a86783ade,https://npstrust.org.in/about-nps-trust,URL,COMPLETED,1,False,,d883ab8d-ed75-413c-9377-93969326222f,0,0
d883ab8d-ed75-413c-9377-93969326222f,https://npstrust.org.in/about-nps-trust,URL,COMPLETED,2,False,597781fa-ed5c-49e0-a7f5-ea3a86783ade,,0,0
825a49f7-bd58-4065-9fa2-10c934fe4d5c,https://npstrust.org.in/about-nps-vatsalya,URL,COMPLETED,1,False,,282a6140-74c6-44db-b595-5e8e5f246f5d,0,0
282a6140-74c6-44db-b595-5e8e5f246f5d,https://npstrust.org.in/about-nps-vatsalya,URL,COMPLETED,2,False,825a49f7-bd58-4065-9fa2-10c934fe4d5c,,0,0
4cd60709-5c42-4500-b6c5-7bf2b2151556,https://npstrust.org.in/accessibility,URL,COMPLETED,1,False,,44405b8a-50be-42ec-a04c-fd0676f3e99b,0,0
44405b8a-50be-42ec-a04c-fd0676f3e99b,https://npstrust.org.in/accessibility,URL,COMPLETED,2,False,4cd60709-5c42-4500-b6c5-7bf2b2151556,,0,0
147849b1-802a-440a-bb62-0b861ef80028,https://npstrust.org.in/act-and-regulations,URL,COMPLETED,1,False,,0acfc580-34b5-4f9d-af9e-cabf464fe601,0,0
0acfc580-34b5-4f9d-af9e-cabf464fe601,https://npstrust.org.in/act-and-regulations,URL,COMPLETED,2,False,147849b1-802a-440a-bb62-0b861ef80028,,0,0
abf392dd-d9ad-4425-974a-639d00d914ca,https://npstrust.org.in/act-and-regulations?page=0,URL,COMPLETED,1,False,,,0,0
5ce53e6a-d3aa-47b9-8832-1e4543f5133b,https://npstrust.org.in/act-and-regulations?page=1,URL,COMPLETED,1,False,,,0,0
b6534dc2-759a-4cf2-87db-beb348171f33,https://npstrust.org.in/act-and-regulations?page=2,URL,COMPLETED,1,False,,,0,0
7ca5095e-deed-4de1-bd6e-e97b6532acb9,https://npstrust.org.in/act-and-regulations?page=3,URL,COMPLETED,1,False,,,0,0
d498af30-3108-4414-8bcb-fb1932193b51,https://npstrust.org.in/act-and-regulations?page=4,URL,COMPLETED,1,False,,,0,0
dd48f54d-68a6-4942-acb0-5741c1c779ac,https://npstrust.org.in/act-and-regulations?page=5,URL,COMPLETED,1,False,,,0,0
f3d76a06-5af1-4426-a889-3a82ff2f45e3,https://npstrust.org.in/activate-d-remit,URL,COMPLETED,2,False,b2b67f06-cbe6-4cde-85d2-a270e85704a7,,0,0
b2b67f06-cbe6-4cde-85d2-a270e85704a7,https://npstrust.org.in/activate-d-remit,URL,COMPLETED,1,False,,f3d76a06-5af1-4426-a889-3a82ff2f45e3,0,0
5758ed1a-bbb2-4661-b64f-28fc3f26d375,https://npstrust.org.in/activate-tier-ii,URL,COMPLETED,1,False,,2b5ce06c-37b4-4716-a54d-fcb7dcd225d8,0,0
2b5ce06c-37b4-4716-a54d-fcb7dcd225d8,https://npstrust.org.in/activate-tier-ii,URL,COMPLETED,2,False,5758ed1a-bbb2-4661-b64f-28fc3f26d375,,0,0
c84a931d-2a9b-4bcb-bf90-0034fdd79c59,https://npstrust.org.in/aif,URL,COMPLETED,1,False,,,0,0
91bbadd7-da3f-4692-8206-7a5bcab71f3d,https://npstrust.org.in/aif/about,URL,COMPLETED,1,False,,,0,0
ed7eb577-7f6d-40db-9c0b-a7bf885319b5,https://npstrust.org.in/aif/aif-cell-careers,URL,COMPLETED,1,False,,,0,0
dac34909-ef90-42ab-b1d8-6af491a44200,https://npstrust.org.in/aif/circular,URL,COMPLETED,1,False,,,0,0
68602831-d310-43a4-951f-c3c81cbd7b20,https://npstrust.org.in/aif/coming-soon,URL,COMPLETED,1,False,,,0,0
32a685e9-999a-49fa-a6aa-af6e4bfb03ee,https://npstrust.org.in/aif/eligibility-criteria,URL,COMPLETED,1,False,,,0,0
0ba84620-cdc0-453d-8efd-2ca24965a149,https://npstrust.org.in/aif/faq,URL,COMPLETED,1,False,,,0,0
ed2c9fc7-9539-4348-98d3-20456d4240fb,https://npstrust.org.in/aif/news,URL,COMPLETED,1,False,,,0,0
d9be0ee2-c295-4c36-9773-1cb23df7a56f,https://npstrust.org.in/aif/news/launch-nps-bharat-fund-funds-platform,URL,COMPLETED,1,False,,,0,0
d79d2c21-4a90-4e59-879e-d7ace46a26b4,https://npstrust.org.in/aif/news/nps-bharat-fund-funds-enabling-smarter-long-term-investing,URL,COMPLETED,1,False,,,0,0
13316abb-5c3f-4b9d-8f4c-bed352ec6f41,https://npstrust.org.in/aif/news/shri-dinesh-kumar-khara-chairman-nps-trust-addressing-session-allocating-india-private,URL,COMPLETED,1,False,,,0,0
e25a5614-ef25-4c09-9ebc-39d8627db85c,https://npstrust.org.in/aif/news/shri-dinesh-kumar-khara-chairman-nps-trust-speaking-session-allocating-india-private,URL,COMPLETED,1,False,,,0,0
d2da0a6e-643a-4f2d-be70-e5c28013a695,https://npstrust.org.in/aif/portal,URL,COMPLETED,1,False,,,0,0
2e518aef-28fe-4a75-8465-73fd81a905f4,https://npstrust.org.in/aif/regulations,URL,COMPLETED,1,False,,,0,0
9da8133c-9d7b-498a-a820-c5a5b41acacc,https://npstrust.org.in/aif/strategic-objectives,URL,COMPLETED,1,False,,,0,0
f01750c8-e29d-4de0-a6ce-aa06c455bc49,https://npstrust.org.in/annual-reports,URL,COMPLETED,2,False,589ddba3-171c-407c-a25a-ed222f41d6aa,,0,0
589ddba3-171c-407c-a25a-ed222f41d6aa,https://npstrust.org.in/annual-reports,URL,COMPLETED,1,False,,f01750c8-e29d-4de0-a6ce-aa06c455bc49,0,0
7b435285-c99f-4235-a1ad-8ff4786f230b,https://npstrust.org.in/annual-reports?page=0,URL,COMPLETED,1,False,,,0,0
6503381f-b999-4c33-b436-582476122b32,https://npstrust.org.in/annual-reports?page=1,URL,COMPLETED,1,False,,,0,0
1e63f883-e186-4e41-82ab-4a58ce3897a8,https://npstrust.org.in/appointment-trustees-board-trustees-national-pension-system-trust,URL,COMPLETED,1,False,,de7808a4-81d1-4f87-a92c-5f35b3202b27,0,0
de7808a4-81d1-4f87-a92c-5f35b3202b27,https://npstrust.org.in/appointment-trustees-board-trustees-national-pension-system-trust,URL,COMPLETED,2,False,1e63f883-e186-4e41-82ab-4a58ce3897a8,,0,0
52376253-bcd6-473f-9b40-e4afea58d93f,https://npstrust.org.in/apy-aum-and-subscriber,URL,COMPLETED,1,False,,7d107501-4c46-470c-ab96-d857bf1f1035,0,0
7d107501-4c46-470c-ab96-d857bf1f1035,https://npstrust.org.in/apy-aum-and-subscriber,URL,COMPLETED,2,False,52376253-bcd6-473f-9b40-e4afea58d93f,,0,0
114615c7-e9b8-4ac1-9253-ff76fec54d55,https://npstrust.org.in/apy-calculator,URL,COMPLETED,2,False,cf12cba9-74c0-479d-ab54-522c09aea3bc,,0,0
cf12cba9-74c0-479d-ab54-522c09aea3bc,https://npstrust.org.in/apy-calculator,URL,COMPLETED,1,False,,114615c7-e9b8-4ac1-9253-ff76fec54d55,0,0
81f18773-4975-4c4f-9695-3b094fbb15f5,https://npstrust.org.in/apy-eligibility,URL,COMPLETED,1,False,,76fab470-8caa-4e8f-8fdc-9f6e2c7c5d8f,0,0
76fab470-8caa-4e8f-8fdc-9f6e2c7c5d8f,https://npstrust.org.in/apy-eligibility,URL,COMPLETED,2,False,81f18773-4975-4c4f-9695-3b094fbb15f5,,0,0
14686bcd-7cae-4a35-8f50-9eb9774bf09f,https://npstrust.org.in/apy-lead-generation,URL,COMPLETED,1,False,,957e3550-af05-4505-9888-1dda2a093d66,0,0
957e3550-af05-4505-9888-1dda2a093d66,https://npstrust.org.in/apy-lead-generation,URL,COMPLETED,2,False,14686bcd-7cae-4a35-8f50-9eb9774bf09f,,0,0
4e01105e-092c-43f2-bc36-8b3509c6aa09,https://npstrust.org.in/apy-weekly,URL,COMPLETED,1,False,,ab27d517-18d6-4130-b1f3-2b1231e339e2,0,0
ab27d517-18d6-4130-b1f3-2b1231e339e2,https://npstrust.org.in/apy-weekly,URL,COMPLETED,2,False,4e01105e-092c-43f2-bc36-8b3509c6aa09,,0,0
5c6cd63f-2e90-4baf-8875-a7d1dca03486,https://npstrust.org.in/archive/apy-scheme-return,URL,COMPLETED,1,False,,bb339654-5ada-4483-b66b-cf8c79ab00ba,0,0
bb339654-5ada-4483-b66b-cf8c79ab00ba,https://npstrust.org.in/archive/apy-scheme-return,URL,COMPLETED,2,False,5c6cd63f-2e90-4baf-8875-a7d1dca03486,,0,0
b3e19eac-d75d-4b17-9728-50a75aac8800,https://npstrust.org.in/archive/circulars,URL,COMPLETED,1,False,,31f8453d-6097-46b9-9726-ccb8e6c157e6,0,0
31f8453d-6097-46b9-9726-ccb8e6c157e6,https://npstrust.org.in/archive/circulars,URL,COMPLETED,2,False,b3e19eac-d75d-4b17-9728-50a75aac8800,,0,0
6743f24f-0707-43b6-860b-51cf59357925,https://npstrust.org.in/archive/tenders,URL,COMPLETED,2,False,2649aff7-b844-417a-90a8-a83becdc9c4a,,0,0
2649aff7-b844-417a-90a8-a83becdc9c4a,https://npstrust.org.in/archive/tenders,URL,COMPLETED,1,False,,6743f24f-0707-43b6-860b-51cf59357925,0,0
3ae7e0ab-2693-485a-bd05-dfcd0358c8f7,https://npstrust.org.in/asset-allocation-pattern,URL,COMPLETED,1,False,,4ed36169-c605-4eaa-b142-66eb4d6efb66,0,0
4ed36169-c605-4eaa-b142-66eb4d6efb66,https://npstrust.org.in/asset-allocation-pattern,URL,COMPLETED,2,False,3ae7e0ab-2693-485a-bd05-dfcd0358c8f7,,0,0
258f66af-6b6d-44bb-8ab4-492c12cca447,https://npstrust.org.in/aum-and-subcriber-base,URL,COMPLETED,1,False,,c8ffc54f-c116-4bdd-baaf-702a6ce4467e,0,0
c8ffc54f-c116-4bdd-baaf-702a6ce4467e,https://npstrust.org.in/aum-and-subcriber-base,URL,COMPLETED,2,False,258f66af-6b6d-44bb-8ab4-492c12cca447,,0,0
08107718-e032-4440-9cf4-9ca9c9673da4,https://npstrust.org.in/benefits-of-nps,URL,COMPLETED,1,False,,f2622d83-98ad-4ede-b4e7-69cdd12d10ec,0,0
f2622d83-98ad-4ede-b4e7-69cdd12d10ec,https://npstrust.org.in/benefits-of-nps,URL,COMPLETED,2,False,08107718-e032-4440-9cf4-9ca9c9673da4,,0,0
8e6e5604-95c3-4ce9-b6bd-13ca6fd02a71,https://npstrust.org.in/benefits-under-ups,URL,COMPLETED,2,False,e815d56d-40f3-4012-a133-986fb3973139,,0,0
e815d56d-40f3-4012-a133-986fb3973139,https://npstrust.org.in/benefits-under-ups,URL,COMPLETED,1,False,,8e6e5604-95c3-4ce9-b6bd-13ca6fd02a71,0,0
ed4af859-54e4-4843-b789-330ef94a664f,https://npstrust.org.in/board-of-nps-trust,URL,COMPLETED,2,False,f32eade1-31f8-4575-8921-264d2490f407,,0,0
f32eade1-31f8-4575-8921-264d2490f407,https://npstrust.org.in/board-of-nps-trust,URL,COMPLETED,1,False,,ed4af859-54e4-4843-b789-330ef94a664f,0,0
70483744-a522-4cd2-9fa9-b0f21f334204,https://npstrust.org.in/career,URL,COMPLETED,1,False,,533d810b-5fa8-450b-9c59-86f73228e370,0,0
533d810b-5fa8-450b-9c59-86f73228e370,https://npstrust.org.in/career,URL,COMPLETED,2,False,70483744-a522-4cd2-9fa9-b0f21f334204,,0,0
a5e839bc-0ea4-41b0-a669-03d2bab05167,https://npstrust.org.in/career-vacancies,URL,COMPLETED,1,False,,e1fcd8ed-53f8-417a-93a2-e9fc43cf71e0,0,0
e1fcd8ed-53f8-417a-93a2-e9fc43cf71e0,https://npstrust.org.in/career-vacancies,URL,COMPLETED,2,False,a5e839bc-0ea4-41b0-a669-03d2bab05167,,0,0
b41967b3-978f-4650-96c1-cebbdbdb13d4,https://npstrust.org.in/change-pension-fund,URL,COMPLETED,2,False,8693c28b-3743-43a4-80ac-735091bf384c,,0,0
8693c28b-3743-43a4-80ac-735091bf384c,https://npstrust.org.in/change-pension-fund,URL,COMPLETED,1,False,,b41967b3-978f-4650-96c1-cebbdbdb13d4,0,0
8a9b6818-d9bc-4042-a53e-9b74a5633e68,https://npstrust.org.in/charges-under-apy,URL,COMPLETED,1,False,,5f828b9b-e873-4ec5-9588-d67f5c7ff313,0,0
5f828b9b-e873-4ec5-9588-d67f5c7ff313,https://npstrust.org.in/charges-under-apy,URL,COMPLETED,2,False,8a9b6818-d9bc-4042-a53e-9b74a5633e68,,0,0
457752d7-4391-48a5-a4b7-39a777220682,https://npstrust.org.in/charges-under-nps,URL,COMPLETED,1,False,,20af38c2-d791-47ed-bf99-6de7ba582e50,0,0
20af38c2-d791-47ed-bf99-6de7ba582e50,https://npstrust.org.in/charges-under-nps,URL,COMPLETED,2,False,457752d7-4391-48a5-a4b7-39a777220682,,0,0
50e2eae9-14e8-4256-b29d-822adebddd7c,https://npstrust.org.in/charges-under-nps-vatsalya,URL,COMPLETED,2,False,6fc40d4d-bfe3-4577-8929-fc1fbbbdf052,,0,0
6fc40d4d-bfe3-4577-8929-fc1fbbbdf052,https://npstrust.org.in/charges-under-nps-vatsalya,URL,COMPLETED,1,False,,50e2eae9-14e8-4256-b29d-822adebddd7c,0,0
4d524cf2-530d-4ce6-b53a-f3ed957a5c9b,https://npstrust.org.in/circulars,URL,COMPLETED,2,False,98ae8613-ac97-44d1-ac5e-119278b7319f,,0,0
98ae8613-ac97-44d1-ac5e-119278b7319f,https://npstrust.org.in/circulars,URL,COMPLETED,1,False,,4d524cf2-530d-4ce6-b53a-f3ed957a5c9b,0,0
9789c071-a7d4-433b-8c1f-35ac81133728,https://npstrust.org.in/circulars?page=0,URL,COMPLETED,1,False,,,0,0
ba93bf96-ef8e-47b8-9ce5-620981f963c0,https://npstrust.org.in/circulars?page=1,URL,COMPLETED,1,False,,,0,0
0c07c9e3-0921-4707-b604-8b605efbf87b,https://npstrust.org.in/circulars?page=2,URL,COMPLETED,1,False,,,0,0
1d9608aa-2b43-4c67-bb49-deca496cd72e,https://npstrust.org.in/circulars?page=3,URL,COMPLETED,1,False,,,0,0
e206804a-7319-4655-b5a0-e7f3f005f7f7,https://npstrust.org.in/circulars?page=4,URL,COMPLETED,1,False,,,0,0
028b778f-edb7-4c61-a608-cc60b3d6cf16,https://npstrust.org.in/circulars?page=5,URL,COMPLETED,1,False,,,0,0
42a3aab7-e18a-4932-84f4-2474017285a7,https://npstrust.org.in/circulars?page=6,URL,COMPLETED,1,False,,,0,0
57f634da-b50f-4d85-9752-48d190b03d01,https://npstrust.org.in/circulars?page=7,URL,COMPLETED,1,False,,,0,0
fa06639b-6dc2-4fdc-8302-b0527feb9257,https://npstrust.org.in/circulars?title=vatsalya,URL,COMPLETED,1,False,,a2b8a3d5-cc27-40fd-abd9-19a9620e2244,0,0
a2b8a3d5-cc27-40fd-abd9-19a9620e2244,https://npstrust.org.in/circulars?title=vatsalya,URL,COMPLETED,2,False,fa06639b-6dc2-4fdc-8302-b0527feb9257,,0,0
e57cdbf5-db5a-4681-83ba-3981cefee6e7,https://npstrust.org.in/comparative-overview-nps-vs-ups,URL,COMPLETED,1,False,,58d0f5f7-d08a-465a-ba76-fef319ae11d2,0,0
58d0f5f7-d08a-465a-ba76-fef319ae11d2,https://npstrust.org.in/comparative-overview-nps-vs-ups,URL,COMPLETED,2,False,e57cdbf5-db5a-4681-83ba-3981cefee6e7,,0,0
2165ba20-0a95-42bb-921a-441d99485db9,https://npstrust.org.in/contact-details-of-nps-trust,URL,COMPLETED,1,False,,6b55ba6f-dc1b-4425-ac4c-e0c10f167a41,0,0
6b55ba6f-dc1b-4425-ac4c-e0c10f167a41,https://npstrust.org.in/contact-details-of-nps-trust,URL,COMPLETED,2,False,2165ba20-0a95-42bb-921a-441d99485db9,,0,0
7cf5cc77-190f-4620-a098-a42f1ab7ce4f,https://npstrust.org.in/contact-details-of-pfrda,URL,COMPLETED,2,False,f1faacd7-4b02-4adb-b28d-e0c49c8342cd,,0,0
f1faacd7-4b02-4adb-b28d-e0c49c8342cd,https://npstrust.org.in/contact-details-of-pfrda,URL,COMPLETED,1,False,,7cf5cc77-190f-4620-a098-a42f1ab7ce4f,0,0
e418adfe-3211-449b-97d7-97956d272431,https://npstrust.org.in/content-archival-policy,URL,COMPLETED,2,False,0113beac-bc56-4f3b-9223-f91e4736bc0c,,0,0
0113beac-bc56-4f3b-9223-f91e4736bc0c,https://npstrust.org.in/content-archival-policy,URL,COMPLETED,1,False,,e418adfe-3211-449b-97d7-97956d272431,0,0
c7734b88-472a-4f3d-b7ff-74d322bbd705,https://npstrust.org.in/content-contribution-moderation-and-approval-policy-cmap,URL,COMPLETED,1,False,,b868474d-ee8b-4026-b6e1-e1f10908c63b,0,0
b868474d-ee8b-4026-b6e1-e1f10908c63b,https://npstrust.org.in/content-contribution-moderation-and-approval-policy-cmap,URL,COMPLETED,2,False,c7734b88-472a-4f3d-b7ff-74d322bbd705,,0,0
cd22e3a4-ad1d-4b93-9fd7-f4db03707e98,https://npstrust.org.in/content-reivew-policy,URL,COMPLETED,1,False,,d6209313-020d-453c-b51e-940c412f30b3,0,0
d6209313-020d-453c-b51e-940c412f30b3,https://npstrust.org.in/content-reivew-policy,URL,COMPLETED,2,False,cd22e3a4-ad1d-4b93-9fd7-f4db03707e98,,0,0
c331c256-50aa-4446-a566-9fbd68e71f88,https://npstrust.org.in/contribute-to-pran,URL,COMPLETED,1,False,,42b2ca06-6f9d-4ef4-9887-dfd54fb7a9e6,0,0
42b2ca06-6f9d-4ef4-9887-dfd54fb7a9e6,https://npstrust.org.in/contribute-to-pran,URL,COMPLETED,2,False,c331c256-50aa-4446-a566-9fbd68e71f88,,0,0
3071c59e-c0bf-4606-bf4a-f21c77331d12,https://npstrust.org.in/copyright-policy,URL,COMPLETED,1,False,,1a792db2-4d20-4183-a466-0fe53b558a53,0,0
1a792db2-4d20-4183-a466-0fe53b558a53,https://npstrust.org.in/copyright-policy,URL,COMPLETED,2,False,3071c59e-c0bf-4606-bf4a-f21c77331d12,,0,0
6782fde8-7038-4f80-8b44-60139a9da085,https://npstrust.org.in/cras-registered-under-nps,URL,COMPLETED,1,False,,53a55535-039e-4a6a-8a03-858c1408bcb6,0,0
53a55535-039e-4a6a-8a03-858c1408bcb6,https://npstrust.org.in/cras-registered-under-nps,URL,COMPLETED,2,False,6782fde8-7038-4f80-8b44-60139a9da085,,0,0
6bf26882-e9e7-447b-ad5e-ff8af45d24aa,https://npstrust.org.in/custodian-under-nps,URL,COMPLETED,1,False,,4e8d76d6-a6d2-4837-a57d-ddb0c8b93bb2,0,0
4e8d76d6-a6d2-4837-a57d-ddb0c8b93bb2,https://npstrust.org.in/custodian-under-nps,URL,COMPLETED,2,False,6bf26882-e9e7-447b-ad5e-ff8af45d24aa,,0,0
8c09ec63-698f-4803-a9ff-e988ca5d265b,https://npstrust.org.in/deferment,URL,COMPLETED,2,False,e0675871-f5b1-42c5-9dd6-970c39eda1d6,,0,0
e0675871-f5b1-42c5-9dd6-970c39eda1d6,https://npstrust.org.in/deferment,URL,COMPLETED,1,False,,8c09ec63-698f-4803-a9ff-e988ca5d265b,0,0
27450698-4aab-419b-b06c-0bbc7e63b5a2,https://npstrust.org.in/disclosures,URL,COMPLETED,1,False,,65eba446-8eba-4c61-afb7-98e229583797,0,0
65eba446-8eba-4c61-afb7-98e229583797,https://npstrust.org.in/disclosures,URL,COMPLETED,2,False,27450698-4aab-419b-b06c-0bbc7e63b5a2,,0,0
39ad3b9a-a5f6-4b99-b626-0e2604876c1e,https://npstrust.org.in/eligibility,URL,COMPLETED,2,False,5228cb2f-99c0-4440-a2a4-8934f7047c2b,,0,0
5228cb2f-99c0-4440-a2a4-8934f7047c2b,https://npstrust.org.in/eligibility,URL,COMPLETED,1,False,,39ad3b9a-a5f6-4b99-b626-0e2604876c1e,0,0
b247faa6-6c94-46fd-b84c-92dda513f50d,https://npstrust.org.in/eligibility-0,URL,COMPLETED,2,False,80f57531-bcac-4c4b-9428-bc6a675c1519,,0,0
80f57531-bcac-4c4b-9428-bc6a675c1519,https://npstrust.org.in/eligibility-0,URL,COMPLETED,1,False,,b247faa6-6c94-46fd-b84c-92dda513f50d,0,0
09c34ba0-e226-4b4c-bd59-95a297c3403c,https://npstrust.org.in/eligibility-joining,URL,COMPLETED,1,False,,874558fb-fdd9-472c-90ef-8b0a5712c7e3,0,0
874558fb-fdd9-472c-90ef-8b0a5712c7e3,https://npstrust.org.in/eligibility-joining,URL,COMPLETED,2,False,09c34ba0-e226-4b4c-bd59-95a297c3403c,,0,0
358b3317-a3db-471c-99b0-d5a1ed676987,https://npstrust.org.in/exit-and-partial-withdrawals-under-nps-sanchay,URL,COMPLETED,2,False,62d1f9a8-2e70-4dbf-8e4b-e758dbf8e2f7,,0,0
62d1f9a8-2e70-4dbf-8e4b-e758dbf8e2f7,https://npstrust.org.in/exit-and-partial-withdrawals-under-nps-sanchay,URL,COMPLETED,1,False,,358b3317-a3db-471c-99b0-d5a1ed676987,0,0
fe56e3fc-8104-4798-b81a-574cab1cece7,https://npstrust.org.in/exit-nps-vatsalya,URL,COMPLETED,2,False,3f757df0-cfab-4cc7-a5a5-e132ed99ec0d,,0,0
3f757df0-cfab-4cc7-a5a5-e132ed99ec0d,https://npstrust.org.in/exit-nps-vatsalya,URL,COMPLETED,1,False,,fe56e3fc-8104-4798-b81a-574cab1cece7,0,0
348babc3-fbf6-4c00-b324-ef394a454a8b,https://npstrust.org.in/faqs,URL,COMPLETED,2,False,bed42e4e-f7c5-4854-b9ad-d51551ce9011,,0,0
bed42e4e-f7c5-4854-b9ad-d51551ce9011,https://npstrust.org.in/faqs,URL,COMPLETED,1,False,,348babc3-fbf6-4c00-b324-ef394a454a8b,0,0
9578f25c-383c-4dc8-a245-0e1a829e0211,https://npstrust.org.in/features-ups,URL,COMPLETED,2,False,17c6d56c-8ce1-4fd2-a516-5dd39b259fd1,,0,0
17c6d56c-8ce1-4fd2-a516-5dd39b259fd1,https://npstrust.org.in/features-ups,URL,COMPLETED,1,False,,9578f25c-383c-4dc8-a245-0e1a829e0211,0,0
a95b19fe-3ccd-4a82-991a-0c119ec1411d,https://npstrust.org.in/format-certificates,URL,COMPLETED,2,False,012c445a-7d89-4b9f-8e28-ade6af46ed02,,0,0
012c445a-7d89-4b9f-8e28-ade6af46ed02,https://npstrust.org.in/format-certificates,URL,COMPLETED,1,False,,a95b19fe-3ccd-4a82-991a-0c119ec1411d,0,0
1e2b23db-9cc9-478b-bad1-5f4e21d57257,https://npstrust.org.in/functions-of-aggregators,URL,COMPLETED,2,False,4a8ac467-9774-4f54-8ef9-c82a7cd52629,,0,0
4a8ac467-9774-4f54-8ef9-c82a7cd52629,https://npstrust.org.in/functions-of-aggregators,URL,COMPLETED,1,False,,1e2b23db-9cc9-478b-bad1-5f4e21d57257,0,0
0d1609bf-4bdc-4d0a-9cb4-60626eaac82c,https://npstrust.org.in/functions-of-asps,URL,COMPLETED,2,False,6fd44d86-6538-4880-8da8-cb44a3ed59a3,,0,0
6fd44d86-6538-4880-8da8-cb44a3ed59a3,https://npstrust.org.in/functions-of-asps,URL,COMPLETED,1,False,,0d1609bf-4bdc-4d0a-9cb4-60626eaac82c,0,0
b22f0d12-3ea3-4941-925e-87e8faf33112,https://npstrust.org.in/functions-of-cg-nodal-offices,URL,COMPLETED,1,False,,df38bd7d-ed3c-48f2-a3e5-eff6608d18a4,0,0
df38bd7d-ed3c-48f2-a3e5-eff6608d18a4,https://npstrust.org.in/functions-of-cg-nodal-offices,URL,COMPLETED,2,False,b22f0d12-3ea3-4941-925e-87e8faf33112,,0,0
85ccdaa0-c8f6-4805-9ca6-41ea74030e13,https://npstrust.org.in/functions-of-cra,URL,COMPLETED,2,False,00691819-89a9-408d-95e7-600d24617fcc,,0,0
00691819-89a9-408d-95e7-600d24617fcc,https://npstrust.org.in/functions-of-cra,URL,COMPLETED,1,False,,85ccdaa0-c8f6-4805-9ca6-41ea74030e13,0,0
d58841f2-9fea-44ec-a42f-7776370d03c0,https://npstrust.org.in/functions-of-custodian,URL,COMPLETED,1,False,,dc50de78-6c0f-48b6-98a3-70a98b7c8ffe,0,0
dc50de78-6c0f-48b6-98a3-70a98b7c8ffe,https://npstrust.org.in/functions-of-custodian,URL,COMPLETED,2,False,d58841f2-9fea-44ec-a42f-7776370d03c0,,0,0
f73192cc-a1eb-48d1-afcd-9a876dba35a5,https://npstrust.org.in/functions-of-nps-trust,URL,COMPLETED,2,False,af020dbc-ba8d-41d2-8a25-e83cf6941a3b,,0,0
af020dbc-ba8d-41d2-8a25-e83cf6941a3b,https://npstrust.org.in/functions-of-nps-trust,URL,COMPLETED,1,False,,f73192cc-a1eb-48d1-afcd-9a876dba35a5,0,0
896d45c9-4f94-458d-ab2e-9e69f841c27e,https://npstrust.org.in/functions-of-pension-funds,URL,COMPLETED,1,False,,c0c55d30-8418-4239-82d4-44f8c2f9bfd8,0,0
c0c55d30-8418-4239-82d4-44f8c2f9bfd8,https://npstrust.org.in/functions-of-pension-funds,URL,COMPLETED,2,False,896d45c9-4f94-458d-ab2e-9e69f841c27e,,0,0
801d7319-344f-403f-bc9c-b2297a786cfa,https://npstrust.org.in/functions-of-pfrda,URL,COMPLETED,2,False,d0a1e4db-2e1b-421c-85eb-fe3f59b99233,,0,0
d0a1e4db-2e1b-421c-85eb-fe3f59b99233,https://npstrust.org.in/functions-of-pfrda,URL,COMPLETED,1,False,,801d7319-344f-403f-bc9c-b2297a786cfa,0,0
3fd2e9e7-7706-4b04-b6cb-f131278535a8,https://npstrust.org.in/functions-of-pop,URL,COMPLETED,1,False,,6301c4d2-690b-41b1-bef6-e5fa792af78e,0,0
6301c4d2-690b-41b1-bef6-e5fa792af78e,https://npstrust.org.in/functions-of-pop,URL,COMPLETED,2,False,3fd2e9e7-7706-4b04-b6cb-f131278535a8,,0,0
8104e4e4-3dab-4a75-9394-6b5a2721aa4c,https://npstrust.org.in/functions-of-sg-nodal-Offices,URL,COMPLETED,2,False,390b47b8-a573-498a-af5c-b9d37dd15345,,0,0
390b47b8-a573-498a-af5c-b9d37dd15345,https://npstrust.org.in/functions-of-sg-nodal-Offices,URL,COMPLETED,1,False,,8104e4e4-3dab-4a75-9394-6b5a2721aa4c,0,0
13e20fa9-b79c-4a2d-8857-d4212ba45c59,https://npstrust.org.in/functions-of-trustee-bank,URL,COMPLETED,1,False,,b6ec520e-4125-4989-91f3-d20d06d66532,0,0
b6ec520e-4125-4989-91f3-d20d06d66532,https://npstrust.org.in/functions-of-trustee-bank,URL,COMPLETED,2,False,13e20fa9-b79c-4a2d-8857-d4212ba45c59,,0,0
a1a5f232-ea6d-43fe-ad99-0b6d1813220f,https://npstrust.org.in/grievance-form,URL,COMPLETED,2,False,e6cabeb4-dacd-422b-b67b-ec1af1b820d1,,0,0
e6cabeb4-dacd-422b-b67b-ec1af1b820d1,https://npstrust.org.in/grievance-form,URL,COMPLETED,1,False,,a1a5f232-ea6d-43fe-ad99-0b6d1813220f,0,0
caca8363-c767-4218-9153-5005e22f54e2,https://npstrust.org.in/grievance-redressal-policy,URL,COMPLETED,1,False,,4c403141-6cf9-4122-9c51-b210078d12b3,0,0
4c403141-6cf9-4122-9c51-b210078d12b3,https://npstrust.org.in/grievance-redressal-policy,URL,COMPLETED,2,False,caca8363-c767-4218-9153-5005e22f54e2,,0,0
1178ac80-6148-4f73-aadc-4c6876b60c97,https://npstrust.org.in/grievance-redressal-policy-0,URL,COMPLETED,2,False,df6eb183-c61b-4180-8a5d-8e2883308874,,0,0
df6eb183-c61b-4180-8a5d-8e2883308874,https://npstrust.org.in/grievance-redressal-policy-0,URL,COMPLETED,1,False,,1178ac80-6148-4f73-aadc-4c6876b60c97,0,0
e0786fb1-9ede-4126-817c-35bfbba9eeb2,https://npstrust.org.in/grievances-faq,URL,COMPLETED,2,False,a1f64d85-6f30-4a06-a041-f2f0594f01d7,,0,0
a1f64d85-6f30-4a06-a041-f2f0594f01d7,https://npstrust.org.in/grievances-faq,URL,COMPLETED,1,False,,e0786fb1-9ede-4126-817c-35bfbba9eeb2,0,0
a344f363-5fb4-4167-8270-6d1920c0b7a5,https://npstrust.org.in/grievances-faq-0,URL,COMPLETED,2,False,233a3372-09db-46a5-a5f4-2f0fced66b5e,,0,0
233a3372-09db-46a5-a5f4-2f0fced66b5e,https://npstrust.org.in/grievances-faq-0,URL,COMPLETED,1,False,,a344f363-5fb4-4167-8270-6d1920c0b7a5,0,0
66fe2d34-68fc-4a6a-b519-0bd6f8929975,https://npstrust.org.in/gros-and-cgros-under-nps-architecture-0,URL,COMPLETED,1,False,,c00c67d8-df6b-4841-98d4-314f87924e69,0,0
c00c67d8-df6b-4841-98d4-314f87924e69,https://npstrust.org.in/gros-and-cgros-under-nps-architecture-0,URL,COMPLETED,2,False,66fe2d34-68fc-4a6a-b519-0bd6f8929975,,0,0
596e05cd-6c91-40e8-8240-14464986c1a4,https://npstrust.org.in/gros-and-cgros-under-nps-architecture-1,URL,COMPLETED,2,False,4568b2bf-9854-44a6-9734-990be58773f3,,0,0
4568b2bf-9854-44a6-9734-990be58773f3,https://npstrust.org.in/gros-and-cgros-under-nps-architecture-1,URL,COMPLETED,1,False,,596e05cd-6c91-40e8-8240-14464986c1a4,0,0
cc0fc3b3-ec1b-4562-b48e-9a7dacad21f4,https://npstrust.org.in/help,URL,COMPLETED,2,False,02156763-119d-470c-bfdb-80c1ba05a58c,,0,0
02156763-119d-470c-bfdb-80c1ba05a58c,https://npstrust.org.in/help,URL,COMPLETED,1,False,,cc0fc3b3-ec1b-4562-b48e-9a7dacad21f4,0,0
f38a1917-ab6a-41f9-9e39-8eedb7c138e3,https://npstrust.org.in/how-invest-nps,URL,COMPLETED,1,False,,,0,0
b40a98d2-97ff-432f-a231-aff51264d760,https://npstrust.org.in/hyperlinking-policy,URL,COMPLETED,2,False,b0cd2709-d0b1-46d2-8d99-02316995f80c,,0,0
b0cd2709-d0b1-46d2-8d99-02316995f80c,https://npstrust.org.in/hyperlinking-policy,URL,COMPLETED,1,False,,b40a98d2-97ff-432f-a231-aff51264d760,0,0
13144878-7c6a-43a0-a8e3-068edebc55a3,https://npstrust.org.in/investor-charter,URL,COMPLETED,2,False,929135f5-c607-4309-a88a-032d5fc98642,,0,0
929135f5-c607-4309-a88a-032d5fc98642,https://npstrust.org.in/investor-charter,URL,COMPLETED,1,False,,13144878-7c6a-43a0-a8e3-068edebc55a3,0,0
43970c54-4434-4aa1-9df2-da0eee5d61ab,https://npstrust.org.in/key-person/dr-arvind-gupta,URL,COMPLETED,1,False,,,0,0
66317073-1792-44e4-bdf7-9dba1b1759ad,https://npstrust.org.in/key-person/dr-prasenjit-mukherjee,URL,COMPLETED,1,False,,,0,0
f90290d0-a160-4f4c-a47c-a72bb4b8582f,https://npstrust.org.in/key-person/dr-richa-bagla,URL,COMPLETED,1,False,,,0,0
90a1521b-1dcd-4be3-ae4e-a2708e4fdd51,https://npstrust.org.in/key-person/shri-amit-sharma,URL,COMPLETED,1,False,,,0,0
5bf618c3-6cb2-4d86-ba60-09de8fff4544,https://npstrust.org.in/key-person/shri-debasish-mallick,URL,COMPLETED,1,False,,,0,0
cface35a-6f6a-417d-92a4-2979a834f2ae,https://npstrust.org.in/key-person/shri-sanjay-kumar,URL,COMPLETED,1,False,,,0,0
7fdea463-e483-48ba-a425-c52df8a3d9d4,https://npstrust.org.in/key-person/smt-dibarani-dora,URL,COMPLETED,1,False,,,0,0
5eb9dfc2-1865-493d-bbcc-232f90f3041b,https://npstrust.org.in/key-person/smt-sunita-gupta,URL,COMPLETED,1,False,,,0,0
0d6b4f2d-4dd8-4050-b2fd-e763dfd3f8ba,https://npstrust.org.in/key-person/smt-swati-anil-kulkarni,URL,COMPLETED,1,False,,,0,0
add0a4f9-87e6-436e-b4b2-bea24933b60b,https://npstrust.org.in/knowledge-resources,URL,COMPLETED,2,False,61f974df-cd07-441b-bd17-a96376c79a60,,0,0
61f974df-cd07-441b-bd17-a96376c79a60,https://npstrust.org.in/knowledge-resources,URL,COMPLETED,1,False,,add0a4f9-87e6-436e-b4b2-bea24933b60b,0,0
4a97582d-8541-4313-bd28-942d75cd43f8,https://npstrust.org.in/knowledge-resources?page=0,URL,COMPLETED,1,False,,,0,0
6f66eac4-5212-474c-9cfe-d140152d7618,https://npstrust.org.in/knowledge-resources?page=1,URL,COMPLETED,1,False,,,0,0
27f9a180-c660-46be-9577-9ee9e9f3fbc6,https://npstrust.org.in/launch-nps-bharat-fund-funds,URL,COMPLETED,2,False,f2cdfdd3-9d70-4467-a49d-72157c22e8eb,,0,0
f2cdfdd3-9d70-4467-a49d-72157c22e8eb,https://npstrust.org.in/launch-nps-bharat-fund-funds,URL,COMPLETED,1,False,,27f9a180-c660-46be-9577-9ee9e9f3fbc6,0,0
8ddffcb0-535e-4678-bd50-b46657e6cc25,https://npstrust.org.in/list-of-aggregators,URL,COMPLETED,2,False,7a60def3-f355-4476-965a-fbe420d56f53,,0,0
7a60def3-f355-4476-965a-fbe420d56f53,https://npstrust.org.in/list-of-aggregators,URL,COMPLETED,1,False,,8ddffcb0-535e-4678-bd50-b46657e6cc25,0,0
0e578196-5a10-4909-96ca-d5dabe18fe26,https://npstrust.org.in/list-of-annuity-service-provider-enrolled-under-nps,URL,COMPLETED,1,False,,2cf6701d-b80a-4750-899f-2a839f5face5,0,0
2cf6701d-b80a-4750-899f-2a839f5face5,https://npstrust.org.in/list-of-annuity-service-provider-enrolled-under-nps,URL,COMPLETED,2,False,0e578196-5a10-4909-96ca-d5dabe18fe26,,0,0
fa9fbb66-57fc-4ce0-8f7e-6dc60441aae3,https://npstrust.org.in/list-of-holiday,URL,COMPLETED,2,False,2809170d-1afa-44d4-8cbb-a4d636977d79,,0,0
2809170d-1afa-44d4-8cbb-a4d636977d79,https://npstrust.org.in/list-of-holiday,URL,COMPLETED,1,False,,fa9fbb66-57fc-4ce0-8f7e-6dc60441aae3,0,0
37de72c1-4fa0-41c1-bcc0-71605719fab4,https://npstrust.org.in/list-of-holiday?page=0,URL,COMPLETED,1,False,,,0,0
085615d6-b5ab-483d-b42f-061502685fd3,https://npstrust.org.in/list-of-holiday?page=1,URL,COMPLETED,1,False,,,0,0
d108b198-d227-40e5-ac31-74e7e6b9d7a4,https://npstrust.org.in/list-of-pop-registered-under-nps,URL,COMPLETED,1,False,,f06a6bcb-ab72-41bf-9291-82e62f000f6d,0,0
f06a6bcb-ab72-41bf-9291-82e62f000f6d,https://npstrust.org.in/list-of-pop-registered-under-nps,URL,COMPLETED,2,False,d108b198-d227-40e5-ac31-74e7e6b9d7a4,,0,0
a6fa0e2a-ed77-4ba9-ad68-c8eb74fd9e66,https://npstrust.org.in/list-of-state-governments-under-nps,URL,COMPLETED,2,False,a890fbce-3a7e-453f-a569-ddba09661971,,0,0
a890fbce-3a7e-453f-a569-ddba09661971,https://npstrust.org.in/list-of-state-governments-under-nps,URL,COMPLETED,1,False,,a6fa0e2a-ed77-4ba9-ad68-c8eb74fd9e66,0,0
094eb73a-3016-46dd-8dcf-9a1d9faa39d3,https://npstrust.org.in/lodge-a-grievance,URL,COMPLETED,2,False,82c409ab-daaa-401d-947b-7151c1bb3a5f,,0,0
82c409ab-daaa-401d-947b-7151c1bb3a5f,https://npstrust.org.in/lodge-a-grievance,URL,COMPLETED,1,False,,094eb73a-3016-46dd-8dcf-9a1d9faa39d3,0,0
e0f5ab38-67fa-46f1-b762-30d5ea1202ed,https://npstrust.org.in/lodge-grievance-apy,URL,COMPLETED,2,False,8314c9f4-a72a-4713-8069-e6d4c77fa133,,0,0
8314c9f4-a72a-4713-8069-e6d4c77fa133,https://npstrust.org.in/lodge-grievance-apy,URL,COMPLETED,1,False,,e0f5ab38-67fa-46f1-b762-30d5ea1202ed,0,0
c44d611d-573b-416b-95e9-1f7f34ae262b,https://npstrust.org.in/login-apy-account,URL,COMPLETED,2,False,0a622abb-6e47-4727-b2df-57672e08b00c,,0,0
0a622abb-6e47-4727-b2df-57672e08b00c,https://npstrust.org.in/login-apy-account,URL,COMPLETED,1,False,,c44d611d-573b-416b-95e9-1f7f34ae262b,0,0
b50b95dc-d132-4dfa-8491-9066cfb3dd70,https://npstrust.org.in/login-nps-account,URL,COMPLETED,2,False,2810eed9-e150-486b-b334-efe18e69f22c,,0,0
2810eed9-e150-486b-b334-efe18e69f22c,https://npstrust.org.in/login-nps-account,URL,COMPLETED,1,False,,b50b95dc-d132-4dfa-8491-9066cfb3dd70,0,0
bd41b3bd-0319-41a6-93f6-16d37be0802b,https://npstrust.org.in/migrate-from-nps-lite-to-apy,URL,COMPLETED,1,False,,e16ada6e-330b-4d8d-b791-390caa4c8e82,0,0
e16ada6e-330b-4d8d-b791-390caa4c8e82,https://npstrust.org.in/migrate-from-nps-lite-to-apy,URL,COMPLETED,2,False,bd41b3bd-0319-41a6-93f6-16d37be0802b,,0,0
25cd576c-c353-4ed6-86f3-275bd56ec1a5,https://npstrust.org.in/ms-chitra-Jayasimha-trustee,URL,COMPLETED,1,False,,,0,0
37f9ffc0-adcc-4645-b336-1b01cd7223df,https://npstrust.org.in/msf-asset-allocation,URL,COMPLETED,1,False,,b710fe49-59b3-49b6-990f-6ef6385c6ed3,0,0
b710fe49-59b3-49b6-990f-6ef6385c6ed3,https://npstrust.org.in/msf-asset-allocation,URL,COMPLETED,2,False,37f9ffc0-adcc-4645-b336-1b01cd7223df,,0,0
a53524fa-c8f9-4d40-87eb-4f4b9237c371,https://npstrust.org.in/msf-asset-allocation?page=0,URL,COMPLETED,1,False,,,0,0
0032949e-dd26-4437-a885-99d8a9ec50a7,https://npstrust.org.in/msf-asset-allocation?page=1,URL,COMPLETED,1,False,,,0,0
b8360207-9a64-4bf9-9374-7243b368081a,https://npstrust.org.in/nav-report-excel,URL,ERROR,1,False,,,0,0
8c313377-bb19-4ada-8d51-e05a3424d452,https://npstrust.org.in/nav-report-excel,URL,ERROR,2,False,b8360207-9a64-4bf9-9374-7243b368081a,,0,0
30df3fcc-02a0-49a5-b78d-010674fa5c80,https://npstrust.org.in/news,URL,COMPLETED,2,False,c1eff66b-9a6d-410a-be29-486fb9b1d5b3,,0,0
c1eff66b-9a6d-410a-be29-486fb9b1d5b3,https://npstrust.org.in/news,URL,COMPLETED,1,False,,30df3fcc-02a0-49a5-b78d-010674fa5c80,0,0
af266301-c584-40ef-b763-1cda206b5ec6,https://npstrust.org.in/news?page=0,URL,COMPLETED,2,False,2f645db5-3494-4086-ac39-1b2386059aef,,0,0
2f645db5-3494-4086-ac39-1b2386059aef,https://npstrust.org.in/news?page=0,URL,COMPLETED,1,False,,af266301-c584-40ef-b763-1cda206b5ec6,0,0
a4cf15ad-7ea8-4d24-b1cf-dab1554d856a,https://npstrust.org.in/news?page=1,URL,COMPLETED,2,False,2af81427-cbae-45fb-a36a-3ec5f8a7577f,,0,0
2af81427-cbae-45fb-a36a-3ec5f8a7577f,https://npstrust.org.in/news?page=1,URL,COMPLETED,1,False,,a4cf15ad-7ea8-4d24-b1cf-dab1554d856a,0,0
6947d8ed-0230-4608-bd5b-9b76adbd1b6f,https://npstrust.org.in/news?page=11,URL,COMPLETED,2,False,1b108ea1-9861-492d-bfab-624f5f5f8335,,0,0
1b108ea1-9861-492d-bfab-624f5f5f8335,https://npstrust.org.in/news?page=11,URL,COMPLETED,1,False,,6947d8ed-0230-4608-bd5b-9b76adbd1b6f,0,0
b6a5ce49-8fad-4ed3-b1f6-1a9da7d8d0ec,https://npstrust.org.in/news?page=2,URL,ERROR,2,False,f0c60cc0-b3a0-45d4-a501-8c9a7e714b55,,0,0
f0c60cc0-b3a0-45d4-a501-8c9a7e714b55,https://npstrust.org.in/news?page=2,URL,COMPLETED,1,False,,,0,0
951ae3c1-cfc3-4778-814b-98ac94943538,https://npstrust.org.in/news?page=3,URL,COMPLETED,1,False,,851dfa92-5da0-4dde-94cb-022f8d0edefc,0,0
851dfa92-5da0-4dde-94cb-022f8d0edefc,https://npstrust.org.in/news?page=3,URL,COMPLETED,2,False,951ae3c1-cfc3-4778-814b-98ac94943538,,0,0
0023cec2-c9a0-44c2-ad1e-9292dbf2ff50,https://npstrust.org.in/news?page=4,URL,COMPLETED,2,False,beb0ede1-79c5-4762-bf91-e0d1e808cb1d,,0,0
beb0ede1-79c5-4762-bf91-e0d1e808cb1d,https://npstrust.org.in/news?page=4,URL,COMPLETED,1,False,,0023cec2-c9a0-44c2-ad1e-9292dbf2ff50,0,0
2b207a72-63af-4789-887a-a7a0ba88f282,https://npstrust.org.in/news?page=5,URL,COMPLETED,1,False,,ca7ec144-abd4-4dc3-853a-b2d83600ecc7,0,0
ca7ec144-abd4-4dc3-853a-b2d83600ecc7,https://npstrust.org.in/news?page=5,URL,COMPLETED,2,False,2b207a72-63af-4789-887a-a7a0ba88f282,,0,0
bb399bce-4145-431d-89a8-437fbb783665,https://npstrust.org.in/news?page=6,URL,COMPLETED,2,False,9040b66e-c796-4d1d-9300-af6aec4d71a6,,0,0
9040b66e-c796-4d1d-9300-af6aec4d71a6,https://npstrust.org.in/news?page=6,URL,COMPLETED,1,False,,bb399bce-4145-431d-89a8-437fbb783665,0,0
67ee2905-39de-461c-8314-4765076d6d06,https://npstrust.org.in/news?page=7,URL,COMPLETED,1,False,,a7caae25-189d-4758-8c7b-dad8c0d29acf,0,0
a7caae25-189d-4758-8c7b-dad8c0d29acf,https://npstrust.org.in/news?page=7,URL,COMPLETED,2,False,67ee2905-39de-461c-8314-4765076d6d06,,0,0
2f28bbdc-9fee-4151-b213-2d7545b24abe,https://npstrust.org.in/news?page=8,URL,COMPLETED,1,False,,cb2dd38d-8fed-4be8-95c1-d93b727721bf,0,0
cb2dd38d-8fed-4be8-95c1-d93b727721bf,https://npstrust.org.in/news?page=8,URL,COMPLETED,2,False,2f28bbdc-9fee-4151-b213-2d7545b24abe,,0,0
c50e9f63-3126-4184-833c-664c5390d47e,https://npstrust.org.in/node/1758,URL,COMPLETED,1,False,,,0,0
c10b9461-6734-45c8-9246-5c3c924482b0,https://npstrust.org.in/nominee-selector,URL,COMPLETED,1,False,,2c3f22e9-e973-4839-90b3-10ba92c0722e,0,0
2c3f22e9-e973-4839-90b3-10ba92c0722e,https://npstrust.org.in/nominee-selector,URL,COMPLETED,2,False,c10b9461-6734-45c8-9246-5c3c924482b0,,0,0
ccd66f33-34dc-489a-86df-ca55f0fe3825,https://npstrust.org.in/normal-exit,URL,COMPLETED,2,False,0e185093-baf7-4eac-a9af-5bfd71f207f2,,0,0
0e185093-baf7-4eac-a9af-5bfd71f207f2,https://npstrust.org.in/normal-exit,URL,COMPLETED,1,False,,ccd66f33-34dc-489a-86df-ca55f0fe3825,0,0
16bb9f9b-b318-475b-8112-22a28473a49d,https://npstrust.org.in/nps-architecture,URL,COMPLETED,2,False,f2b55466-6441-45c1-a2de-421a1976e39c,,0,0
f2b55466-6441-45c1-a2de-421a1976e39c,https://npstrust.org.in/nps-architecture,URL,COMPLETED,1,False,,16bb9f9b-b318-475b-8112-22a28473a49d,0,0
2bd91103-7b72-4763-97c5-5ee910087a5f,https://npstrust.org.in/nps-calculator,URL,COMPLETED,2,False,15cd1a78-a0a3-487b-8059-a41b6051c9e8,,0,0
15cd1a78-a0a3-487b-8059-a41b6051c9e8,https://npstrust.org.in/nps-calculator,URL,COMPLETED,1,False,,2bd91103-7b72-4763-97c5-5ee910087a5f,0,0
5404b9c1-7daa-4eef-b09c-9ef9cb82f5fa,https://npstrust.org.in/nps-subscriber-base-rises-23-62-4-million-march-4-shows-data,URL,COMPLETED,1,False,,,0,0
552f4e98-209d-46f9-8210-2037204eaf68,https://npstrust.org.in/nps-vatsalya-all-you-need-know-about-new-pension-scheme-minors-0,URL,COMPLETED,1,False,,,0,0
cdd420f8-5bec-4d85-8a44-67360e685403,https://npstrust.org.in/nps-vatsalya-calculator,URL,COMPLETED,2,False,3d198968-1c8b-4cc7-801e-ceaaff4e6f55,,0,0
3d198968-1c8b-4cc7-801e-ceaaff4e6f55,https://npstrust.org.in/nps-vatsalya-calculator,URL,COMPLETED,1,False,,cdd420f8-5bec-4d85-8a44-67360e685403,0,0
cc988f60-1c44-4bbd-8111-40249b9bbecc,https://npstrust.org.in/online-apy-awareness-program-april-2026,URL,COMPLETED,1,False,,af75d90a-e3a5-4419-b444-5103b14b5373,0,0
af75d90a-e3a5-4419-b444-5103b14b5373,https://npstrust.org.in/online-apy-awareness-program-april-2026,URL,COMPLETED,2,False,cc988f60-1c44-4bbd-8111-40249b9bbecc,,0,0
b2593f55-501a-409d-b3c3-e51c142b0e64,https://npstrust.org.in/online-apy-awareness-program-february-2026,URL,COMPLETED,1,False,,9169d8a4-a7f8-443a-bf39-1fc9196349ad,0,0
9169d8a4-a7f8-443a-bf39-1fc9196349ad,https://npstrust.org.in/online-apy-awareness-program-february-2026,URL,COMPLETED,2,False,b2593f55-501a-409d-b3c3-e51c142b0e64,,0,0
0df3482a-8d90-4cab-a7d7-e912d79eefd5,https://npstrust.org.in/online-apy-awareness-program-month-december-2025,URL,COMPLETED,2,False,8a4104ba-e23b-4995-bf1e-9310a3c3dd1b,,0,0
8a4104ba-e23b-4995-bf1e-9310a3c3dd1b,https://npstrust.org.in/online-apy-awareness-program-month-december-2025,URL,COMPLETED,1,False,,0df3482a-8d90-4cab-a7d7-e912d79eefd5,0,0
fc128724-b0b4-4ed8-82e1-105191284b3e,https://npstrust.org.in/open-an-nps-account,URL,COMPLETED,1,False,,4fe257b1-a782-4455-a73e-6e8897a9caf8,0,0
4fe257b1-a782-4455-a73e-6e8897a9caf8,https://npstrust.org.in/open-an-nps-account,URL,COMPLETED,2,False,fc128724-b0b4-4ed8-82e1-105191284b3e,,0,0
ba787aec-4121-4c54-859f-5ce40d7d6d6d,https://npstrust.org.in/open-apy-account,URL,COMPLETED,2,False,266b3de7-d6ca-4af1-947e-d03af3b81163,,0,0
266b3de7-d6ca-4af1-947e-d03af3b81163,https://npstrust.org.in/open-apy-account,URL,COMPLETED,1,False,,ba787aec-4121-4c54-859f-5ce40d7d6d6d,0,0
f79d4aaf-ff06-4e0d-880e-2e965772f36c,https://npstrust.org.in/open-nps-vatsalya,URL,COMPLETED,1,False,,ac1bc01e-fd38-41c8-9b06-2f33d5e49919,0,0
ac1bc01e-fd38-41c8-9b06-2f33d5e49919,https://npstrust.org.in/open-nps-vatsalya,URL,COMPLETED,2,False,f79d4aaf-ff06-4e0d-880e-2e965772f36c,,0,0
80c0772a-6baf-4c28-a34c-62c1359c2fb2,https://npstrust.org.in/operational-process,URL,COMPLETED,2,False,09cded92-aae0-4605-b572-fdcd94af32e4,,0,0
09cded92-aae0-4605-b572-fdcd94af32e4,https://npstrust.org.in/operational-process,URL,COMPLETED,1,False,,80c0772a-6baf-4c28-a34c-62c1359c2fb2,0,0
1043811b-9913-4db1-aa76-78efd90058fd,https://npstrust.org.in/organogram,URL,COMPLETED,2,False,13184703-d286-408d-a843-49525d51b8a1,,0,0
13184703-d286-408d-a843-49525d51b8a1,https://npstrust.org.in/organogram,URL,COMPLETED,1,False,,1043811b-9913-4db1-aa76-78efd90058fd,0,0
736aee3d-7333-4aad-b46a-6883d59c4fee,https://npstrust.org.in/other-services,URL,COMPLETED,2,False,1484a400-1fc1-4d78-907c-1bb3ea247831,,0,0
1484a400-1fc1-4d78-907c-1bb3ea247831,https://npstrust.org.in/other-services,URL,COMPLETED,1,False,,736aee3d-7333-4aad-b46a-6883d59c4fee,0,0
5ca310af-6ae6-430b-b45c-c08e82aa8b34,https://npstrust.org.in/other-services-as-below,URL,COMPLETED,1,False,,392378f0-0924-45d3-a46b-e04a8cdbee27,0,0
392378f0-0924-45d3-a46b-e04a8cdbee27,https://npstrust.org.in/other-services-as-below,URL,COMPLETED,2,False,5ca310af-6ae6-430b-b45c-c08e82aa8b34,,0,0
b8948308-f817-4fa8-8417-17b8cca9717c,https://npstrust.org.in/partial-withdrawal,URL,COMPLETED,1,False,,ff826132-3a65-4bc4-95ba-0257f3d9c911,0,0
ff826132-3a65-4bc4-95ba-0257f3d9c911,https://npstrust.org.in/partial-withdrawal,URL,COMPLETED,2,False,b8948308-f817-4fa8-8417-17b8cca9717c,,0,0
b9719e76-aba0-4d5f-8a50-ec8bffa392de,https://npstrust.org.in/pension-assets-may-reach-rs45-trn-5-years-pfrda-chairperson-s-ramann,URL,COMPLETED,1,False,,,0,0
4aea198a-f801-420d-a623-4f035fdd2eb3,https://npstrust.org.in/pfs-under-nps,URL,COMPLETED,1,False,,b7ae15d9-8a81-4a7f-a2d1-8b52e7b203a9,0,0
b7ae15d9-8a81-4a7f-a2d1-8b52e7b203a9,https://npstrust.org.in/pfs-under-nps,URL,COMPLETED,2,False,4aea198a-f801-420d-a623-4f035fdd2eb3,,0,0
a95c29aa-4ee9-4081-b5c5-3b6a530aee01,https://npstrust.org.in/pre-mature-exit,URL,COMPLETED,1,False,,34d4b608-1afc-4189-816b-9403a28d8e97,0,0
34d4b608-1afc-4189-816b-9403a28d8e97,https://npstrust.org.in/pre-mature-exit,URL,COMPLETED,2,False,a95c29aa-4ee9-4081-b5c5-3b6a530aee01,,0,0
20826fb6-e282-40d4-a1f2-cc58bab660f7,https://npstrust.org.in/privacy-policy,URL,COMPLETED,2,False,f96991ae-5404-43b9-b821-8e65bc8b05a4,,0,0
f96991ae-5404-43b9-b821-8e65bc8b05a4,https://npstrust.org.in/privacy-policy,URL,COMPLETED,1,False,,20826fb6-e282-40d4-a1f2-cc58bab660f7,0,0
4678ded6-24cf-4517-8afb-cbe87a1df068,https://npstrust.org.in/recruitment-post-executive-vice-president-head-aif-cell-0,URL,COMPLETED,2,False,fc51bd15-1f23-491c-b2bd-f86f5a483ccd,,0,0
fc51bd15-1f23-491c-b2bd-f86f5a483ccd,https://npstrust.org.in/recruitment-post-executive-vice-president-head-aif-cell-0,URL,COMPLETED,1,False,,4678ded6-24cf-4517-8afb-cbe87a1df068,0,0
7e2bd39e-8d05-45c0-ac52-c2119b59cfc5,https://npstrust.org.in/recruitment-specialists-aif-cell-nps-trust-0,URL,COMPLETED,2,False,eb854347-aa72-487c-aed7-89262bb55c3f,,0,0
eb854347-aa72-487c-aed7-89262bb55c3f,https://npstrust.org.in/recruitment-specialists-aif-cell-nps-trust-0,URL,COMPLETED,1,False,,7e2bd39e-8d05-45c0-ac52-c2119b59cfc5,0,0
87ed857d-5958-4429-8612-0d6cb1c00e26,https://npstrust.org.in/results-providing-professional-indemnity-insurance-policy-trustees-national-pension-system-trust-0,URL,COMPLETED,1,False,,bcb0aaee-1e13-449b-8e5b-35133a08c612,0,0
bcb0aaee-1e13-449b-8e5b-35133a08c612,https://npstrust.org.in/results-providing-professional-indemnity-insurance-policy-trustees-national-pension-system-trust-0,URL,COMPLETED,2,False,87ed857d-5958-4429-8612-0d6cb1c00e26,,0,0
a7af1e03-21be-4ae2-aecb-9fd792a44a31,https://npstrust.org.in/retirement-advisers,URL,COMPLETED,1,False,,d1f4aab0-0b56-4d0b-81f6-512353a80eaf,0,0
d1f4aab0-0b56-4d0b-81f6-512353a80eaf,https://npstrust.org.in/retirement-advisers,URL,COMPLETED,2,False,a7af1e03-21be-4ae2-aecb-9fd792a44a31,,0,0
9d0148ab-86f4-445d-895b-86f7a9870dc5,https://npstrust.org.in/retirement-advisor,URL,COMPLETED,2,False,ba5ba0a8-7567-4ea6-a4e2-27be0c9e6684,,0,0
ba5ba0a8-7567-4ea6-a4e2-27be0c9e6684,https://npstrust.org.in/retirement-advisor,URL,COMPLETED,1,False,,9d0148ab-86f4-445d-895b-86f7a9870dc5,0,0
5075a47d-7f68-416f-b193-52362884e6a7,https://npstrust.org.in/rti-0,URL,COMPLETED,2,False,d391716d-4bc8-458d-be23-9381e11c2356,,0,0
d391716d-4bc8-458d-be23-9381e11c2356,https://npstrust.org.in/rti-0,URL,COMPLETED,1,False,,5075a47d-7f68-416f-b193-52362884e6a7,0,0
076c127f-af2e-4f53-9550-f011fa3a7d16,https://npstrust.org.in/scheme-portfolio,URL,COMPLETED,2,False,8906bf8d-dd53-4a5c-b0eb-36b35e9f51cd,,0,0
8906bf8d-dd53-4a5c-b0eb-36b35e9f51cd,https://npstrust.org.in/scheme-portfolio,URL,COMPLETED,1,False,,076c127f-af2e-4f53-9550-f011fa3a7d16,0,0
84ca6085-62b0-4333-93f3-0bda267a03e5,https://npstrust.org.in/scheme-wise-nav-report-excel,URL,ERROR,1,False,,,0,0
b721be19-99ed-42c2-9322-dd94a0b4cc86,https://npstrust.org.in/scheme-wise-nav-report-excel,URL,ERROR,2,False,84ca6085-62b0-4333-93f3-0bda267a03e5,,0,0
05ded2a0-778d-4fa7-bb22-8718741b2219,https://npstrust.org.in/screen-reader-access,URL,COMPLETED,2,False,0f3e7028-6e75-4c0a-a9b7-bcb057d28268,,0,0
0f3e7028-6e75-4c0a-a9b7-bcb057d28268,https://npstrust.org.in/screen-reader-access,URL,COMPLETED,1,False,,05ded2a0-778d-4fa7-bb22-8718741b2219,0,0
6577f991-d9a1-43eb-87e0-1704322a3800,https://npstrust.org.in/selection-positions-executive-vice-president-head-and-vice-president-due-diligence-alternative,URL,COMPLETED,2,False,ff974a30-05cf-4948-a599-cc95a9425ae8,,0,0
ff974a30-05cf-4948-a599-cc95a9425ae8,https://npstrust.org.in/selection-positions-executive-vice-president-head-and-vice-president-due-diligence-alternative,URL,COMPLETED,1,False,,6577f991-d9a1-43eb-87e0-1704322a3800,0,0
9c06fedb-01e2-4cd4-be76-2195616590f1,https://npstrust.org.in/self-employed-vs-salaried-what-are-tax-benefits-under-nps,URL,COMPLETED,1,False,,,0,0
7db2feab-183a-4a88-891e-742e564d0ac9,https://npstrust.org.in/settlement-corpus-closure-nps-account,URL,COMPLETED,1,False,,a9cd4d13-28e3-4404-9a35-bf233db00db6,0,0
a9cd4d13-28e3-4404-9a35-bf233db00db6,https://npstrust.org.in/settlement-corpus-closure-nps-account,URL,COMPLETED,2,False,7db2feab-183a-4a88-891e-742e564d0ac9,,0,0
379365c7-bbd0-4c77-a80c-0e4479ca5914,https://npstrust.org.in/shortlisting-agencies-presentation-rfp-empanelment-multi-media-agencies-media-marketing-and-0,URL,COMPLETED,1,False,,9bc7f27b-0247-4608-8152-ac5258a10cce,0,0
9bc7f27b-0247-4608-8152-ac5258a10cce,https://npstrust.org.in/shortlisting-agencies-presentation-rfp-empanelment-multi-media-agencies-media-marketing-and-0,URL,COMPLETED,2,False,379365c7-bbd0-4c77-a80c-0e4479ca5914,,0,0
853b7b3b-777f-4520-b6fe-332904886944,https://npstrust.org.in/sites/default/files/apy_poster/poster_assamese.jpg,URL,ERROR,1,False,,,0,0
a2fec949-ac64-4109-bbf8-c830c9bb9bee,https://npstrust.org.in/sites/default/files/apy_poster/poster_assamese.jpg,URL,ERROR,2,False,853b7b3b-777f-4520-b6fe-332904886944,,0,0
2620b88a-0bfe-441d-94e3-8864cc92e222,https://npstrust.org.in/sites/default/files/apy_poster/poster_bengali.jpg,URL,ERROR,1,False,,,0,0
d52aec1b-6c74-44a3-a208-07fcd10847d9,https://npstrust.org.in/sites/default/files/apy_poster/poster_bengali.jpg,URL,ERROR,2,False,2620b88a-0bfe-441d-94e3-8864cc92e222,,0,0
9bf1f738-affe-4dc3-879f-9f230c841fb2,https://npstrust.org.in/sites/default/files/apy_poster/poster_english.jpg,URL,ERROR,1,False,,,0,0
ab42161d-206b-4148-b161-155af26cbcae,https://npstrust.org.in/sites/default/files/apy_poster/poster_english.jpg,URL,ERROR,2,False,9bf1f738-affe-4dc3-879f-9f230c841fb2,,0,0
20d1a035-5ced-4131-97d5-618f621cd23e,https://npstrust.org.in/sites/default/files/apy_poster/poster_gujarati.jpg,URL,ERROR,1,False,,,0,0
196caec6-96af-4f56-8df0-d009d54c54df,https://npstrust.org.in/sites/default/files/apy_poster/poster_gujarati.jpg,URL,ERROR,2,False,20d1a035-5ced-4131-97d5-618f621cd23e,,0,0
7fe19508-fc53-4de7-98f4-ee8b09fddcfc,https://npstrust.org.in/sites/default/files/apy_poster/poster_kannada.jpg,URL,ERROR,1,False,,,0,0
ab3ea655-1e9b-454a-8155-759af027af11,https://npstrust.org.in/sites/default/files/apy_poster/poster_kannada.jpg,URL,ERROR,2,False,7fe19508-fc53-4de7-98f4-ee8b09fddcfc,,0,0
4784f1f0-48d2-4fdf-9124-36d2f8ea97cf,https://npstrust.org.in/sites/default/files/apy_poster/poster_malayalam.jpg,URL,ERROR,2,False,77784289-e60e-467f-8499-1059c1b6193f,,0,0
77784289-e60e-467f-8499-1059c1b6193f,https://npstrust.org.in/sites/default/files/apy_poster/poster_malayalam.jpg,URL,ERROR,1,False,,,0,0
5ae6297b-827f-4049-ab80-0146bdd9e66b,https://npstrust.org.in/sites/default/files/apy_poster/poster_marathi.jpg,URL,ERROR,1,False,,,0,0
4348a010-e02e-45b7-8180-58a1359fd25f,https://npstrust.org.in/sites/default/files/apy_poster/poster_marathi.jpg,URL,ERROR,2,False,5ae6297b-827f-4049-ab80-0146bdd9e66b,,0,0
b66990b5-c93f-4c75-8200-e6082dff7163,https://npstrust.org.in/sites/default/files/apy_poster/poster_punjabi.jpg,URL,ERROR,1,False,,,0,0
5e30c35a-5173-456e-9d54-e46c3d992419,https://npstrust.org.in/sites/default/files/apy_poster/poster_punjabi.jpg,URL,ERROR,2,False,b66990b5-c93f-4c75-8200-e6082dff7163,,0,0
064bb893-8489-4ae7-a550-f6be1b3bc4bd,https://npstrust.org.in/sites/default/files/apy_poster/poster_tamil.jpg,URL,ERROR,1,False,,,0,0
c3b948e9-5c34-4cfc-b3e7-2eeae356269d,https://npstrust.org.in/sites/default/files/apy_poster/poster_tamil.jpg,URL,ERROR,2,False,064bb893-8489-4ae7-a550-f6be1b3bc4bd,,0,0
dcda9213-5c55-4773-aaed-eadd0b13d586,https://npstrust.org.in/sites/default/files/apy_poster/poster_telugu.jpg,URL,ERROR,2,False,24c8df4f-a1e1-44c2-9397-f7b98c23f6cf,,0,0
24c8df4f-a1e1-44c2-9397-f7b98c23f6cf,https://npstrust.org.in/sites/default/files/apy_poster/poster_telugu.jpg,URL,ERROR,1,False,,,0,0
bd4e1151-380c-4262-98dd-8f336960599f,https://npstrust.org.in/sites/default/files/apy_poster/poster_urdu.jpg,URL,ERROR,2,False,9a9598ce-042e-4748-974f-0f9dac4e3671,,0,0
9a9598ce-042e-4748-974f-0f9dac4e3671,https://npstrust.org.in/sites/default/files/apy_poster/poster_urdu.jpg,URL,ERROR,1,False,,,0,0
e397d3e9-20b7-474e-bbac-634c55d11adb,https://npstrust.org.in/sites/default/files/apy_poster/showimg.jpg,URL,ERROR,2,False,ba23fcb3-7451-4bb4-9579-125bcca1a929,,0,0
ba23fcb3-7451-4bb4-9579-125bcca1a929,https://npstrust.org.in/sites/default/files/apy_poster/showimg.jpg,URL,ERROR,1,False,,,0,0
ab1a27e6-c745-41a0-9606-69090025bcd5,https://npstrust.org.in/sites/default/files/inline-files/Aatl_Pension_Yojna_30_sec_Bengali.wav,URL,ERROR,1,False,,,0,0
ef966aba-ea27-4c19-8b41-0558f0b35c49,https://npstrust.org.in/sites/default/files/inline-files/Aatl_Pension_Yojna_30_sec_Bengali.wav,URL,ERROR,2,False,ab1a27e6-c745-41a0-9606-69090025bcd5,,0,0
1f577a19-9c0e-4cf0-bc1b-9fef6e80401a,https://npstrust.org.in/sites/default/files/inline-files/Atal_Pension_Yojana_30_sec_Gujarati.mp3,URL,ERROR,1,False,,,0,0
2bf64e1f-bca4-42b8-be34-a3000c53f52d,https://npstrust.org.in/sites/default/files/inline-files/Atal_Pension_Yojana_30_sec_Gujarati.mp3,URL,ERROR,2,False,1f577a19-9c0e-4cf0-bc1b-9fef6e80401a,,0,0
2dc50015-6f96-442a-8a51-4fc1bfed6115,https://npstrust.org.in/sites/default/files/inline-files/Atal_Pension_Yojana_30_sec_Kannada.mp3,URL,ERROR,2,False,6b04b693-1c88-491b-8c3a-da00697d96d9,,0,0
6b04b693-1c88-491b-8c3a-da00697d96d9,https://npstrust.org.in/sites/default/files/inline-files/Atal_Pension_Yojana_30_sec_Kannada.mp3,URL,ERROR,1,False,,,0,0
36c0c6ab-cf60-43a1-b33c-b610f3bc9570,https://npstrust.org.in/sites/default/files/inline-files/Atal_Pension_Yojana_30_sec_Marathi.mp3,URL,ERROR,2,False,0c20e829-1193-4aec-93e3-a421e42de335,,0,0
0c20e829-1193-4aec-93e3-a421e42de335,https://npstrust.org.in/sites/default/files/inline-files/Atal_Pension_Yojana_30_sec_Marathi.mp3,URL,ERROR,1,False,,,0,0
26423eaa-e66e-4443-a120-1785032a0c61,https://npstrust.org.in/sites/default/files/inline-files/Atal_Pension_Yojana_30_ sec_Oriya.mp3,URL,ERROR,1,False,,,0,0
6f500c10-491b-462e-a72f-ab013d0e651f,https://npstrust.org.in/sites/default/files/inline-files/Atal_Pension_Yojana_30_ sec_Oriya.mp3,URL,ERROR,2,False,26423eaa-e66e-4443-a120-1785032a0c61,,0,0
1a918e33-95bb-4df9-b0da-16804ce30b18,https://npstrust.org.in/sites/default/files/inline-files/Atal_Pension_Yojana_30_sec_Punjabi.wav,URL,ERROR,2,False,54f98516-74a4-44af-b054-6e2a6276af9c,,0,0
54f98516-74a4-44af-b054-6e2a6276af9c,https://npstrust.org.in/sites/default/files/inline-files/Atal_Pension_Yojana_30_sec_Punjabi.wav,URL,ERROR,1,False,,,0,0
4642e6e1-4acc-4b41-959e-9c15ab608c5f,https://npstrust.org.in/sites/default/files/inline-files/Atal_Pension_Yojana_30_sec_Tamil.mp3,URL,ERROR,1,False,,,0,0
1b6dc2a5-bc69-4fdb-8ae2-52bcd7537ddf,https://npstrust.org.in/sites/default/files/inline-files/Atal_Pension_Yojana_30_sec_Tamil.mp3,URL,ERROR,2,False,4642e6e1-4acc-4b41-959e-9c15ab608c5f,,0,0
a9544318-e385-4838-9300-6de12782a19a,https://npstrust.org.in/sites/default/files/inline-files/Atal_Pension_Yojana_30_sec_Telugu.mp3,URL,ERROR,2,False,5413d830-817e-42d4-a68e-229cb5561dfd,,0,0
5413d830-817e-42d4-a68e-229cb5561dfd,https://npstrust.org.in/sites/default/files/inline-files/Atal_Pension_Yojana_30_sec_Telugu.mp3,URL,ERROR,1,False,,,0,0
037f6a3d-d1f9-41f7-842d-c29abff54b1a,https://npstrust.org.in/sites/default/files/inline-files/Atal_ Pension_Yojna_30_sec_Assamese.wav,URL,ERROR,2,False,396f0cd6-9e1e-4383-bdfd-755027852184,,0,0
396f0cd6-9e1e-4383-bdfd-755027852184,https://npstrust.org.in/sites/default/files/inline-files/Atal_ Pension_Yojna_30_sec_Assamese.wav,URL,ERROR,1,False,,,0,0
0493155a-c45f-4f06-bb3d-3a0780394d6b,https://npstrust.org.in/sites/default/files/inline-files/Atal_Pension_Yojna_30_sec_Hindi.wav,URL,ERROR,2,False,31a264aa-1166-4c03-89db-3c3d95a68dd6,,0,0
31a264aa-1166-4c03-89db-3c3d95a68dd6,https://npstrust.org.in/sites/default/files/inline-files/Atal_Pension_Yojna_30_sec_Hindi.wav,URL,ERROR,1,False,,,0,0
07820c86-8786-41c9-ae04-2da691047fd5,https://npstrust.org.in/sites/default/files/inline-files/Atal_Pension_Yojna_30_sec_Malayalam.wav,URL,ERROR,2,False,b4ef435d-6921-469d-b4e4-b79936baea41,,0,0
b4ef435d-6921-469d-b4e4-b79936baea41,https://npstrust.org.in/sites/default/files/inline-files/Atal_Pension_Yojna_30_sec_Malayalam.wav,URL,ERROR,1,False,,,0,0
07442cd8-253b-4a5c-92c9-d1bfa0f74fc5,https://npstrust.org.in/sites/default/files/pension_calculator.mp4,URL,ERROR,1,False,,,0,0
e27e8bbf-2f02-41ee-ae7e-ac102abb08f3,https://npstrust.org.in/sites/default/files/pension_calculator.mp4,URL,ERROR,2,False,07442cd8-253b-4a5c-92c9-d1bfa0f74fc5,,0,0
504c6eeb-3d80-4d99-8f8b-b87aaac3ee99,https://npstrust.org.in/sitharaman-launches-nps-vatsalya-lets-parents-open-pension-account-kids,URL,COMPLETED,1,False,,,0,0
ad483cd7-d97e-4fac-bc89-6a1abb793004,https://npstrust.org.in/subscribers-login,URL,COMPLETED,2,False,8c26354c-544b-42f7-b26e-4d95ae0ccfb4,,0,0
8c26354c-544b-42f7-b26e-4d95ae0ccfb4,https://npstrust.org.in/subscribers-login,URL,COMPLETED,1,False,,ad483cd7-d97e-4fac-bc89-6a1abb793004,0,0
6ddc8f97-890a-43a4-bc86-8504b1ea7b56,https://npstrust.org.in/tb-under-nps,URL,COMPLETED,2,False,81c09c18-5045-418e-a771-b99a2eb21329,,0,0
81c09c18-5045-418e-a771-b99a2eb21329,https://npstrust.org.in/tb-under-nps,URL,COMPLETED,1,False,,6ddc8f97-890a-43a4-bc86-8504b1ea7b56,0,0
a6c50d28-266b-4310-85b3-52201fb1d23e,https://npstrust.org.in/tenders,URL,COMPLETED,1,False,,98447072-5b43-484d-86fe-59abcd0b0567,0,0
98447072-5b43-484d-86fe-59abcd0b0567,https://npstrust.org.in/tenders,URL,COMPLETED,2,False,a6c50d28-266b-4310-85b3-52201fb1d23e,,0,0
e19ec8c8-9094-408e-932b-6559a0474b86,https://npstrust.org.in/tenders?page=0,URL,COMPLETED,1,False,,,0,0
5f2d8110-1d8c-470a-9dab-b38b77661967,https://npstrust.org.in/tenders?page=1,URL,COMPLETED,1,False,,,0,0
ffd88c3b-674e-4667-8d26-180c00965356,https://npstrust.org.in/tenders?page=10,URL,COMPLETED,1,False,,,0,0
808519e5-80b4-428a-a49a-91d6807a9db4,https://npstrust.org.in/tenders?page=2,URL,COMPLETED,1,False,,,0,0
6793f4c7-328a-401d-8a3e-6eca7d0a02e0,https://npstrust.org.in/tenders?page=3,URL,COMPLETED,1,False,,,0,0
b5613192-cced-485f-8468-7951f15886b9,https://npstrust.org.in/tenders?page=4,URL,COMPLETED,1,False,,,0,0
1d5c9316-baa0-40e9-9a0c-ef8361795f9d,https://npstrust.org.in/tenders?page=5,URL,COMPLETED,1,False,,,0,0
e6ed2237-bcfe-4884-9b10-d371aeb161ec,https://npstrust.org.in/tenders?page=6,URL,COMPLETED,1,False,,,0,0
969a4e92-8648-41f8-a817-c67ebcb91488,https://npstrust.org.in/tenders?page=7,URL,COMPLETED,1,False,,,0,0
0e7abdb7-2f40-468d-a310-aaa8917d3b5a,https://npstrust.org.in/tenders?page=8,URL,COMPLETED,1,False,,,0,0
11be78eb-b460-47f9-810d-8646922f7f43,https://npstrust.org.in/unfortunate-death-subscriber,URL,COMPLETED,2,False,6e506e26-e26c-49ce-a5c2-76f1ce4b82c6,,0,0
6e506e26-e26c-49ce-a5c2-76f1ce4b82c6,https://npstrust.org.in/unfortunate-death-subscriber,URL,COMPLETED,1,False,,11be78eb-b460-47f9-810d-8646922f7f43,0,0
fc0790a9-32c7-4d31-ba2e-6d57b0883df2,https://npstrust.org.in/update-personal-details,URL,COMPLETED,1,False,,225de9f1-5fbb-48f9-a8d7-c2e8853a0848,0,0
225de9f1-5fbb-48f9-a8d7-c2e8853a0848,https://npstrust.org.in/update-personal-details,URL,COMPLETED,2,False,fc0790a9-32c7-4d31-ba2e-6d57b0883df2,,0,0
dd1abd0a-63d4-4554-83f2-b769ee94d62a,https://npstrust.org.in/ups-calculator,URL,COMPLETED,2,False,7cd79b96-944c-4ad6-9c52-e5fa9c0f637a,,0,0
7cd79b96-944c-4ad6-9c52-e5fa9c0f637a,https://npstrust.org.in/ups-calculator,URL,COMPLETED,1,False,,dd1abd0a-63d4-4554-83f2-b769ee94d62a,0,0
85550562-0016-4ea4-854c-e9ed82e58a92,https://npstrust.org.in/view-grievance-status,URL,COMPLETED,2,False,cb471ed8-e7a0-468c-b89f-1aa6dcbcad00,,0,0
cb471ed8-e7a0-468c-b89f-1aa6dcbcad00,https://npstrust.org.in/view-grievance-status,URL,COMPLETED,1,False,,85550562-0016-4ea4-854c-e9ed82e58a92,0,0
64fb25b0-bfd0-43b0-9626-658ba88f98a9,https://npstrust.org.in/view-grievance-status-apy,URL,COMPLETED,2,False,6e3f3a14-5f9f-45c6-95f3-0237d05a2027,,0,0
6e3f3a14-5f9f-45c6-95f3-0237d05a2027,https://npstrust.org.in/view-grievance-status-apy,URL,COMPLETED,1,False,,64fb25b0-bfd0-43b0-9626-658ba88f98a9,0,0
555699a8-cbfc-4f44-93ef-c3c9b746afef,https://npstrust.org.in/voluntary-exit,URL,COMPLETED,2,False,bc802cac-b633-4c7f-b2c8-5f6ca5e95410,,0,0
bc802cac-b633-4c7f-b2c8-5f6ca5e95410,https://npstrust.org.in/voluntary-exit,URL,COMPLETED,1,False,,555699a8-cbfc-4f44-93ef-c3c9b746afef,0,0
bfb92604-fbff-439f-9410-254c52501ff3,https://npstrust.org.in/website-contingency-management-policy,URL,COMPLETED,1,False,,373521bf-af1e-4688-b17e-ed4f7c11a283,0,0
373521bf-af1e-4688-b17e-ed4f7c11a283,https://npstrust.org.in/website-contingency-management-policy,URL,COMPLETED,2,False,bfb92604-fbff-439f-9410-254c52501ff3,,0,0
8c60a21d-87e6-4ddb-a817-b644dc2fd649,https://npstrust.org.in/website-monitoring-policy,URL,COMPLETED,1,False,,bf92f102-c5c3-42ce-99f7-21b95eb3a0e5,0,0
bf92f102-c5c3-42ce-99f7-21b95eb3a0e5,https://npstrust.org.in/website-monitoring-policy,URL,COMPLETED,2,False,8c60a21d-87e6-4ddb-a817-b644dc2fd649,,0,0
7490e8f8-a7a3-4529-8979-fee578361a0d,https://npstrust.org.in/website-policies,URL,COMPLETED,1,False,,51f0c42a-ebff-4fbf-8b74-3d561333d85d,0,0
51f0c42a-ebff-4fbf-8b74-3d561333d85d,https://npstrust.org.in/website-policies,URL,COMPLETED,2,False,7490e8f8-a7a3-4529-8979-fee578361a0d,,0,0
ae141724-cb37-43e4-a9aa-c3e734bc39f7,https://npstrust.org.in/website-security-policy,URL,COMPLETED,2,False,393104c1-3658-4c25-aad0-73a9865be5c6,,0,0
393104c1-3658-4c25-aad0-73a9865be5c6,https://npstrust.org.in/website-security-policy,URL,COMPLETED,1,False,,ae141724-cb37-43e4-a9aa-c3e734bc39f7,0,0
01b38d66-f69f-457e-aa5b-51447420f61e,https://npstrust.org.in/weekly-snapshot-nps-schemes,URL,COMPLETED,1,False,,bbc49d57-6107-47e1-96b7-94d49c4fad34,0,0
bbc49d57-6107-47e1-96b7-94d49c4fad34,https://npstrust.org.in/weekly-snapshot-nps-schemes,URL,COMPLETED,2,False,01b38d66-f69f-457e-aa5b-51447420f61e,,0,0
23424061-5ff7-46ab-81ac-b03b3d95f9ae,https://npstrust.org.in/who-all-will-qualify-guaranteed-pension-under-ups-april-1,URL,COMPLETED,1,False,,,0,0
71261ea0-6b94-4568-831c-9ab7f59970c5,https://npstrust.org.in/why-nps-subscribers,URL,COMPLETED,2,False,02245d15-8e0e-4a7b-b03e-960fc037dd84,,0,0
02245d15-8e0e-4a7b-b03e-960fc037dd84,https://npstrust.org.in/why-nps-subscribers,URL,COMPLETED,1,False,,71261ea0-6b94-4568-831c-9ab7f59970c5,0,0
85046fd1-3fca-40eb-94e6-e8d9f599c6e2,https://oldwebsite.pfrda.org.in/,URL,ERROR,1,False,,,0,0
28fc68c2-3e32-4398-beb4-001a7da8b3f9,https://oldwebsite.pfrda.org.in/,URL,ERROR,2,False,85046fd1-3fca-40eb-94e6-e8d9f599c6e2,,0,0
c0b96473-863a-49ee-ada5-48c62fe5140d,https://oldwebsite.pfrda.org.in/,URL,ERROR,8,False,8aa774cd-5d28-4b84-9ab2-9571387a07fa,,0,0
274726a7-03f2-48d4-a14d-f68be06b0892,https://oldwebsite.pfrda.org.in/,URL,ERROR,6,False,acb69948-63b8-44d1-91c0-8cc938541f41,,0,0
8aa774cd-5d28-4b84-9ab2-9571387a07fa,https://oldwebsite.pfrda.org.in/,URL,ERROR,7,False,274726a7-03f2-48d4-a14d-f68be06b0892,,0,0
a75d9b0d-f951-42fa-a539-42a4b0efa2e0,https://oldwebsite.pfrda.org.in/,URL,ERROR,3,False,28fc68c2-3e32-4398-beb4-001a7da8b3f9,,0,0
acb69948-63b8-44d1-91c0-8cc938541f41,https://oldwebsite.pfrda.org.in/,URL,ERROR,5,False,0bb6571f-c81b-4e09-98ef-4d5bf8d78e17,,0,0
0bb6571f-c81b-4e09-98ef-4d5bf8d78e17,https://oldwebsite.pfrda.org.in/,URL,ERROR,4,False,a75d9b0d-f951-42fa-a539-42a4b0efa2e0,,0,0
095ff6ac-ae91-4328-bac7-ffd44d893cbc,https://pensionsahayak.pfrda.org.in/,URL,COMPLETED,1,False,,,0,0
cefcf0d0-d80e-4a6e-bdc7-2a01400516c4,https://pensionsahayak.pfrda.org.in/en/auth,URL,COMPLETED,1,False,,,0,0
b755be58-7d59-4fbd-bef0-0e1ce259196b,https://pfrda.org.in/,URL,COMPLETED,1,False,,6875f0b1-12d2-45b1-8803-f89b40085734,0,0
cfe706de-70b8-4199-a240-e5ab944bb5cf,https://pfrda.org.in/,URL,COMPLETED,4,False,afc14093-8278-4b8f-a2e0-188eadd8317f,283d6ab3-8ef2-41ae-8cad-3203adc4ef4f,0,0
6875f0b1-12d2-45b1-8803-f89b40085734,https://pfrda.org.in/,URL,COMPLETED,2,False,b755be58-7d59-4fbd-bef0-0e1ce259196b,afc14093-8278-4b8f-a2e0-188eadd8317f,0,0
afc14093-8278-4b8f-a2e0-188eadd8317f,https://pfrda.org.in/,URL,COMPLETED,3,False,6875f0b1-12d2-45b1-8803-f89b40085734,cfe706de-70b8-4199-a240-e5ab944bb5cf,0,0
5f158f9d-70aa-4daf-81a5-e9028a1bb5f3,https://pfrda.org.in/,URL,COMPLETED,6,False,283d6ab3-8ef2-41ae-8cad-3203adc4ef4f,,0,0
283d6ab3-8ef2-41ae-8cad-3203adc4ef4f,https://pfrda.org.in/,URL,COMPLETED,5,False,cfe706de-70b8-4199-a240-e5ab944bb5cf,5f158f9d-70aa-4daf-81a5-e9028a1bb5f3,0,0
93c029be-6cee-4324-afbf-8cac4d5af3b3,https://pfrda.org.in/about-us,URL,COMPLETED,1,False,,,0,0
bab84386-613e-4208-b12d-2ef16503540f,https://pfrda.org.in/about-us/authority/about-authority,URL,COMPLETED,1,False,,,0,0
c7e21ccb-22e4-4317-89d7-557942317257,https://pfrda.org.in/about-us/authority/meeting-minutes,URL,COMPLETED,3,False,110d928c-47a2-44e2-b205-9562f7c75387,,0,0
56072211-fab5-4806-9431-72fda8d99439,https://pfrda.org.in/about-us/authority/meeting-minutes,URL,COMPLETED,1,False,,110d928c-47a2-44e2-b205-9562f7c75387,0,0
110d928c-47a2-44e2-b205-9562f7c75387,https://pfrda.org.in/about-us/authority/meeting-minutes,URL,COMPLETED,2,False,56072211-fab5-4806-9431-72fda8d99439,c7e21ccb-22e4-4317-89d7-557942317257,0,0
16e95cb9-4dae-4960-b640-75a48fe8c610,https://pfrda.org.in/about-us/history,URL,COMPLETED,1,False,,,0,0
d023f3d0-b834-4ba6-a1a3-486e518dfda6,https://pfrda.org.in/about-us/organization,URL,COMPLETED,1,False,,,0,0
02fbbd51-e98a-4c0a-8e46-754474bc0e8b,https://pfrda.org.in/about-us/organization/departments,URL,COMPLETED,1,False,,,0,0
a4334369-4c8e-4879-9395-bc535b3782c3,https://pfrda.org.in/about-us/organization/organogram,URL,COMPLETED,1,False,,,0,0
b154c7b0-443c-4bf9-9a75-782f52e4a9f8,https://pfrda.org.in/about-us/organization/reservation-roster,URL,COMPLETED,1,False,,,0,0
e1fde767-114f-4cd9-8776-ebe9923b8e8f,https://pfrda.org.in/about-us/organization/staff-directory,URL,COMPLETED,1,False,,029f5776-ffd0-4495-b0a4-521d94839841,0,0
029f5776-ffd0-4495-b0a4-521d94839841,https://pfrda.org.in/about-us/organization/staff-directory,URL,COMPLETED,2,False,e1fde767-114f-4cd9-8776-ebe9923b8e8f,,0,0
ff8c82ae-c3e3-47b2-8811-52b8346420c5,https://pfrda.org.in/authority,URL,COMPLETED,1,False,,,0,0
0a6007c0-b9d9-4e6c-bbd1-b646f6dd8d6f,https://pfrda.org.in/chairperson-s-video,URL,COMPLETED,2,False,a5da2675-a7a8-493c-8053-ba7baf9e14f4,,0,0
a5da2675-a7a8-493c-8053-ba7baf9e14f4,https://pfrda.org.in/chairperson-s-video,URL,COMPLETED,1,False,,0a6007c0-b9d9-4e6c-bbd1-b646f6dd8d6f,0,0
c0ca04c9-3071-4139-9327-0303cfc4031d,https://pfrda.org.in/compliance/accessibility,URL,COMPLETED,3,False,ed649124-fe6a-4e65-9067-995cb1073a27,,0,0
ed649124-fe6a-4e65-9067-995cb1073a27,https://pfrda.org.in/compliance/accessibility,URL,COMPLETED,2,False,d5901319-13f7-4822-829c-cea5d1d5dd22,c0ca04c9-3071-4139-9327-0303cfc4031d,0,0
d5901319-13f7-4822-829c-cea5d1d5dd22,https://pfrda.org.in/compliance/accessibility,URL,COMPLETED,1,False,,ed649124-fe6a-4e65-9067-995cb1073a27,0,0
fbf067d6-c35f-4190-9322-aa5b95df2667,https://pfrda.org.in/compliance/grievance,URL,COMPLETED,5,False,3efc1dc8-bbc8-4fe5-877e-1f2252bbd30e,5813ae79-ff22-4f00-95f9-fa002d0bda22,0,0
3efc1dc8-bbc8-4fe5-877e-1f2252bbd30e,https://pfrda.org.in/compliance/grievance,URL,COMPLETED,4,False,867396a7-763f-4ece-b4ec-95843d9a0e87,fbf067d6-c35f-4190-9322-aa5b95df2667,0,0
19cf5351-00fe-45f7-9a89-a68f449b5318,https://pfrda.org.in/compliance/grievance,URL,COMPLETED,7,False,5813ae79-ff22-4f00-95f9-fa002d0bda22,,0,0
4cbc13a0-1c24-4ce9-993c-f87221d1e1b6,https://pfrda.org.in/compliance/grievance,URL,COMPLETED,1,False,,f4b26064-1495-4e78-98e4-47e9f8a42054,0,0
5813ae79-ff22-4f00-95f9-fa002d0bda22,https://pfrda.org.in/compliance/grievance,URL,COMPLETED,6,False,fbf067d6-c35f-4190-9322-aa5b95df2667,19cf5351-00fe-45f7-9a89-a68f449b5318,0,0
f4b26064-1495-4e78-98e4-47e9f8a42054,https://pfrda.org.in/compliance/grievance,URL,COMPLETED,2,False,4cbc13a0-1c24-4ce9-993c-f87221d1e1b6,867396a7-763f-4ece-b4ec-95843d9a0e87,0,0
867396a7-763f-4ece-b4ec-95843d9a0e87,https://pfrda.org.in/compliance/grievance,URL,COMPLETED,3,False,f4b26064-1495-4e78-98e4-47e9f8a42054,3efc1dc8-bbc8-4fe5-877e-1f2252bbd30e,0,0
942a4e7d-70b0-4347-bff8-f6bb6afa9e21,https://pfrda.org.in/compliance/posh,URL,COMPLETED,1,False,,4f1fbd76-9132-4544-8d11-999f633bc2be,0,0
1d1ba64f-77c6-4696-8b96-b094bdc1c187,https://pfrda.org.in/compliance/posh,URL,COMPLETED,3,False,4f1fbd76-9132-4544-8d11-999f633bc2be,,0,0
4f1fbd76-9132-4544-8d11-999f633bc2be,https://pfrda.org.in/compliance/posh,URL,COMPLETED,2,False,942a4e7d-70b0-4347-bff8-f6bb6afa9e21,1d1ba64f-77c6-4696-8b96-b094bdc1c187,0,0
f13130b2-033e-41ac-a7cb-5e1c54bd4cc0,https://pfrda.org.in/compliance/rajbhasha,URL,COMPLETED,1,False,,,0,0
9be519b7-c16e-4c6d-afc6-fee8af5578f2,https://pfrda.org.in/compliance/right-to-information,URL,COMPLETED,2,False,b05b9f98-94ce-4b5c-bcf1-ca1c4e215070,e6c2cfd5-2cdd-4665-8759-c58bf4436a13,0,0
b05b9f98-94ce-4b5c-bcf1-ca1c4e215070,https://pfrda.org.in/compliance/right-to-information,URL,COMPLETED,1,False,,9be519b7-c16e-4c6d-afc6-fee8af5578f2,0,0
e6c2cfd5-2cdd-4665-8759-c58bf4436a13,https://pfrda.org.in/compliance/right-to-information,URL,COMPLETED,3,False,9be519b7-c16e-4c6d-afc6-fee8af5578f2,,0,0
049d757f-4901-4052-ac7c-2acb3f170031,https://pfrda.org.in/compliance/vigilance,URL,COMPLETED,1,False,,90694451-9ee8-49d4-9015-3c1cac31e5d7,0,0
2c651cad-bcda-4a2f-b1c7-5fbbdf1a124e,https://pfrda.org.in/compliance/vigilance,URL,COMPLETED,3,False,90694451-9ee8-49d4-9015-3c1cac31e5d7,,0,0
90694451-9ee8-49d4-9015-3c1cac31e5d7,https://pfrda.org.in/compliance/vigilance,URL,COMPLETED,2,False,049d757f-4901-4052-ac7c-2acb3f170031,2c651cad-bcda-4a2f-b1c7-5fbbdf1a124e,0,0
3ad718cb-91a2-4267-b91b-74f2d05ca582,https://pfrda.org.in/consultation-papers,URL,COMPLETED,1,False,,,0,0
50b784ce-5b71-4172-9996-c550b7f2dab7,https://pfrda.org.in/contest,URL,COMPLETED,3,False,8684e5f2-d97d-4d66-af10-5d2c7856b77c,4b3e7161-fb98-43d4-abff-3ef00603afc0,0,0
aa78d613-9812-435f-89bc-b7a580a99367,https://pfrda.org.in/contest,URL,COMPLETED,1,False,,8684e5f2-d97d-4d66-af10-5d2c7856b77c,0,0
4b3e7161-fb98-43d4-abff-3ef00603afc0,https://pfrda.org.in/contest,URL,COMPLETED,4,False,50b784ce-5b71-4172-9996-c550b7f2dab7,,0,0
8684e5f2-d97d-4d66-af10-5d2c7856b77c,https://pfrda.org.in/contest,URL,COMPLETED,2,False,aa78d613-9812-435f-89bc-b7a580a99367,50b784ce-5b71-4172-9996-c550b7f2dab7,0,0
e7641c6b-8514-4443-9bd6-559706ff6d30,https://pfrda.org.in/c/portal/update_language?groupId=33652&languageId=hi_IN&layoutId=163&privateLayout=false&redirect=%2Fweb%2Fpfrda%2Fmedia%2Fpress-releases,URL,COMPLETED,2,False,aa15c94e-639f-48fa-8c8e-a7a05b0e9aca,,0,0
aa15c94e-639f-48fa-8c8e-a7a05b0e9aca,https://pfrda.org.in/c/portal/update_language?groupId=33652&languageId=hi_IN&layoutId=163&privateLayout=false&redirect=%2Fweb%2Fpfrda%2Fmedia%2Fpress-releases,URL,COMPLETED,1,False,,e7641c6b-8514-4443-9bd6-559706ff6d30,0,0
df3ef75d-52f7-48ee-9196-72719b257f4a,https://pfrda.org.in/c/portal/update_language?groupId=33652&languageId=hi_IN&layoutId=228&privateLayout=false&redirect=%2Fschemes%2Fnational-pension-system%2Fnps-for-corporates,URL,COMPLETED,2,False,2addbd8e-341f-4c82-9c4c-29d15bdd6d7f,f15d9a90-a1df-4f13-898b-7b4153eb8e41,0,0
f15d9a90-a1df-4f13-898b-7b4153eb8e41,https://pfrda.org.in/c/portal/update_language?groupId=33652&languageId=hi_IN&layoutId=228&privateLayout=false&redirect=%2Fschemes%2Fnational-pension-system%2Fnps-for-corporates,URL,COMPLETED,3,False,df3ef75d-52f7-48ee-9196-72719b257f4a,,0,0
2addbd8e-341f-4c82-9c4c-29d15bdd6d7f,https://pfrda.org.in/c/portal/update_language?groupId=33652&languageId=hi_IN&layoutId=228&privateLayout=false&redirect=%2Fschemes%2Fnational-pension-system%2Fnps-for-corporates,URL,COMPLETED,1,False,,df3ef75d-52f7-48ee-9196-72719b257f4a,0,0
010061f1-2be4-4184-842c-46e995f1f52d,https://pfrda.org.in/c/portal/update_language?groupId=33652&languageId=hi_IN&layoutId=300&privateLayout=false&redirect=%2Fw%2Fcircular-standardised-framework-for-classification-and-presentation-of-schemes-under-the-nps,URL,COMPLETED,1,False,,,0,0
30e2a4a9-74ce-4606-ad17-30ed76c64d0a,https://pfrda.org.in/c/portal/update_language?groupId=33652&languageId=hi_IN&layoutId=300&privateLayout=false&redirect=%2Fw%2Foperationalising-the-framework-for-classification-and-presentation-of-schemes-under-the-nps,URL,COMPLETED,1,False,,,0,0
f0f0a949-c93a-42b9-9b31-458ecb24b764,https://pfrda.org.in/c/portal/update_language?groupId=33652&languageId=hi_IN&layoutId=300&privateLayout=false&redirect=%2Fw%2Fsame-day-investment-of-nps-contributions-received-by-trustee-bank-up-to-1-30-pm,URL,COMPLETED,1,False,,,0,0
6fa67879-b988-4d74-911c-c77fcf9dacd1,https://pfrda.org.in/c/portal/update_language?groupId=33652&languageId=hi_IN&layoutId=339&privateLayout=false&redirect=%2Fw%2Fpre-bid-responses-bilingual-engagement-of-training-agency-for-subscriber-awareness-education-and-training-for-stakeholders-on-nps-sanchay,URL,COMPLETED,1,False,,,0,0
75b3e3a5-6ba6-4f2f-9465-f6b4377885d0,https://pfrda.org.in/c/portal/update_language?groupId=33652&languageId=hi_IN&layoutId=339&privateLayout=false&redirect=%2Fw%2Fpre-bid-responses-engagement-of-training-agency-for-subscriber-awareness-education-and-training-for-stakeholders-on-nps-sanchay-copy-1-,URL,COMPLETED,1,False,,,0,0
8a509ace-c953-4892-a1fc-cb9f3b3978b2,https://pfrda.org.in/c/portal/update_language?groupId=33652&languageId=hi_IN&layoutId=339&privateLayout=false&redirect=%2Fw%2Ftender-document-hindi-request-for-proposal-rfp-for-engagement-of-training-agency-ies-for-subscriber-awareness-education-and-training-for-stakeholders-on-nps-sanchay,URL,COMPLETED,1,False,,,0,0
6050a922-d19e-4656-ad6f-72b6ff1c8c46,https://pfrda.org.in/c/portal/update_language?groupId=33652&languageId=hi_IN&layoutId=339&privateLayout=false&redirect=%2Fw%2Ftender-document-request-for-proposal-rfp-for-engagement-of-training-agency-ies-for-subscriber-awareness-education-and-training-for-stakeholders-on-nps-sanchay,URL,COMPLETED,1,False,,,0,0
bdcc6029-e97a-42d8-86b8-b832020b99da,https://pfrda.org.in/c/portal/update_language?groupId=33652&languageId=hi_IN&layoutId=339&privateLayout=false&redirect=%2Fw%2Ftender-document-_sitc_network_equipment_mumbai_office,URL,COMPLETED,1,False,,,0,0
9430b26b-f6a1-4760-8613-0a7279a6eeb2,https://pfrda.org.in/c/portal/update_language?groupId=33652&languageId=hi_IN&layoutId=351&privateLayout=false&redirect=%2Fw%2Fonline-apy-awareness-program-august-2026-malayalam-1,URL,COMPLETED,1,False,,,0,0
2f25c24d-5fe8-45ef-a6cb-31168a256fc3,https://pfrda.org.in/c/portal/update_language?groupId=33652&languageId=hi_IN&layoutId=351&privateLayout=false&redirect=%2Fw%2Fonline-apy-awareness-program-september-2026-tamil-1,URL,COMPLETED,1,False,,,0,0
40e609b6-ec1c-40b8-8d8c-5587862be8f4,https://pfrda.org.in/c/portal/update_language?groupId=33652&languageId=hi_IN&layoutId=351&privateLayout=false&redirect=%2Fw%2Fonline-nps-sanchay-awareness-session-august-2026-hindi-8,URL,COMPLETED,1,False,,,0,0
05f0f838-a6fa-430e-9a56-1a29c5bc3a4c,https://pfrda.org.in/c/portal/update_language?groupId=33652&languageId=hi_IN&layoutId=351&privateLayout=false&redirect=%2Fw%2Fonline-nps-sanchay-awareness-session-august-2026-hindi-9,URL,COMPLETED,1,False,,,0,0
aab7bd32-297f-4a09-8243-fa369a9f99ba,https://pfrda.org.in/c/portal/update_language?groupId=33652&languageId=hi_IN&layoutId=351&privateLayout=false&redirect=%2Fw%2Fonline-nps-sanchay-awareness-session-august-2026-marathi-,URL,COMPLETED,1,False,,,0,0
c4afe4d1-a2e6-4efe-a88f-7663f1e09b75,https://pfrda.org.in/c/portal/update_language?groupId=33652&languageId=hi_IN&layoutId=351&privateLayout=false&redirect=%2Fw%2Fonline-nps-sanchay-awareness-session-august-2026-punjabi-,URL,COMPLETED,1,False,,,0,0
d19aaeb4-6210-4998-9826-5b7efc4dfa35,https://pfrda.org.in/c/portal/update_language?groupId=33652&languageId=hi_IN&layoutId=494&privateLayout=false&redirect=%2Fw%2Fatal-pension-yojana-apy-crosses-historic-milestone-gross-enrolments-surpass-9-crore,URL,COMPLETED,1,False,,,0,0
496db2bd-2c7b-4b84-b22f-19f8a04138d9,https://pfrda.org.in/c/portal/update_language?groupId=33652&languageId=hi_IN&layoutId=494&privateLayout=false&redirect=%2Fw%2Fcharge-structure-applicable-to-pops-for-all-schemes-under-nps-and-nps-lite,URL,COMPLETED,1,False,,,0,0
0dc0b33d-e385-45ce-92fa-81837c5621e1,https://pfrda.org.in/c/portal/update_language?groupId=33652&languageId=hi_IN&layoutId=494&privateLayout=false&redirect=%2Fw%2Fcircular-extension-of-incentive-framework-under-national-pension-system-nps-nps-e-shramik-platform-service-partner-model-for-fy-2026-27,URL,COMPLETED,1,False,,,0,0
f07be053-1ccb-4fc7-a0d5-62e371348d1f,https://pfrda.org.in/c/portal/update_language?groupId=33652&languageId=hi_IN&layoutId=494&privateLayout=false&redirect=%2Fw%2Fgovernment-extends-additional-nps-investment-choices-to-employees-of-central-autonomous-bodies-cabs-,URL,COMPLETED,1,False,,,0,0
986c080e-8386-4049-9ca7-952d8ef79494,https://pfrda.org.in/c/portal/update_language?groupId=33652&languageId=hi_IN&layoutId=494&privateLayout=false&redirect=%2Fw%2Fpfrda-launches-ai-powered-pfrda-pension-sahayak-portal-to-transform-pension-grievance-redressal-1,URL,COMPLETED,1,False,,,0,0
4023c3ac-ab89-44d5-ad5d-561c382c3db8,https://pfrda.org.in/c/portal/update_language?groupId=33652&languageId=hi_IN&layoutId=494&privateLayout=false&redirect=%2Fw%2Fpress-release-on-apy-annual-felicitation-program-of-fy-2025-26,URL,COMPLETED,1,False,,,0,0
9b770613-cd65-4a7b-9d78-e67a33eb60a7,https://pfrda.org.in/c/portal/update_language?groupId=33652&languageId=hi_IN&layoutId=494&privateLayout=false&redirect=%2Fw%2Fpress-release-pfrda-sets-up-ascend-panel-to-bridge-global-pension-funds-with-indian-pension-funds-of-nps,URL,COMPLETED,1,False,,,0,0
d2dcd38c-5a33-4971-a8d9-58bc420eb140,https://pfrda.org.in/disclosures,URL,COMPLETED,1,False,,,0,0
6cae5e9b-b1f5-452c-b27f-ba7b01408746,https://pfrda.org.in/documents/33652/766440/Pre-Bid+Responses+-+ENGAGEMENT+OF+TRAINING+AGENCY+FOR+SUBSCRIBER+AWARENESS%2C+EDUCATION+AND+TRAINING+FOR+STAKEHOLDERS+ON+NPS+SANCHAY.pdf/72a3052b-9170-cf94-a730-da305f659ae1?t=1783431316193,URL,ERROR,4,False,f49bb8c5-0014-404d-9440-e575be14bcdc,,0,0
1b4e9c25-3a8d-4ba8-9c46-fa9a12e2f324,https://pfrda.org.in/documents/33652/766440/Pre-Bid+Responses+-+ENGAGEMENT+OF+TRAINING+AGENCY+FOR+SUBSCRIBER+AWARENESS%2C+EDUCATION+AND+TRAINING+FOR+STAKEHOLDERS+ON+NPS+SANCHAY.pdf/72a3052b-9170-cf94-a730-da305f659ae1?t=1783431316193,URL,ERROR,1,False,,,0,0
f49bb8c5-0014-404d-9440-e575be14bcdc,https://pfrda.org.in/documents/33652/766440/Pre-Bid+Responses+-+ENGAGEMENT+OF+TRAINING+AGENCY+FOR+SUBSCRIBER+AWARENESS%2C+EDUCATION+AND+TRAINING+FOR+STAKEHOLDERS+ON+NPS+SANCHAY.pdf/72a3052b-9170-cf94-a730-da305f659ae1?t=1783431316193,URL,ERROR,3,False,a572b15a-efb3-4fbf-beed-34223c784512,,0,0
a572b15a-efb3-4fbf-beed-34223c784512,https://pfrda.org.in/documents/33652/766440/Pre-Bid+Responses+-+ENGAGEMENT+OF+TRAINING+AGENCY+FOR+SUBSCRIBER+AWARENESS%2C+EDUCATION+AND+TRAINING+FOR+STAKEHOLDERS+ON+NPS+SANCHAY.pdf/72a3052b-9170-cf94-a730-da305f659ae1?t=1783431316193,URL,ERROR,2,False,1b4e9c25-3a8d-4ba8-9c46-fa9a12e2f324,,0,0
e9201500-34b6-4074-b706-0a29938cf774,https://pfrda.org.in/documents/33652/795894/GeM-Bidding_SITC_Network_Equipment_Mumbai_Office.pdf/29688834-132f-6778-1dfc-f7a1f631ce32?t=1784371017101,URL,ERROR,5,False,e608ea1a-e56d-4c0d-9096-05c7c2f4ffbe,,0,0
233783bd-ef94-4f1a-bcdb-da2f93836135,https://pfrda.org.in/documents/33652/795894/GeM-Bidding_SITC_Network_Equipment_Mumbai_Office.pdf/29688834-132f-6778-1dfc-f7a1f631ce32?t=1784371017101,URL,ERROR,2,False,140396ca-6ccb-4ad2-97e2-f2d3ce80519f,,0,0
58f6ea58-92c7-4655-beda-ad591a8b76e6,https://pfrda.org.in/documents/33652/795894/GeM-Bidding_SITC_Network_Equipment_Mumbai_Office.pdf/29688834-132f-6778-1dfc-f7a1f631ce32?t=1784371017101,URL,ERROR,3,False,233783bd-ef94-4f1a-bcdb-da2f93836135,,0,0
140396ca-6ccb-4ad2-97e2-f2d3ce80519f,https://pfrda.org.in/documents/33652/795894/GeM-Bidding_SITC_Network_Equipment_Mumbai_Office.pdf/29688834-132f-6778-1dfc-f7a1f631ce32?t=1784371017101,URL,ERROR,1,False,,,0,0
e608ea1a-e56d-4c0d-9096-05c7c2f4ffbe,https://pfrda.org.in/documents/33652/795894/GeM-Bidding_SITC_Network_Equipment_Mumbai_Office.pdf/29688834-132f-6778-1dfc-f7a1f631ce32?t=1784371017101,URL,ERROR,4,False,58f6ea58-92c7-4655-beda-ad591a8b76e6,,0,0
07f51140-3fb6-4664-b559-ab62418c924e,https://pfrda.org.in/documents/33652/810024/%E0%A4%B9%E0%A4%BF%E0%A4%A8%E0%A5%8D%E0%A4%A6%E0%A5%80+REQUEST+FOR+PROPOSAL+%28RFP%29+FOR+ENGAGEMENT+OF+TRAINING+AGENCY%28IES%29+FOR+SUBSCRIBER+AWARENESS%2C+EDUCATION+AND+TRAINING+FOR+STAKEHOLDERS+ON+NPS+SANCHAY.pdf/ed643454-3c3e-4be9-90dc-1070839231f9?t=1785503796269,URL,ERROR,4,False,c6eab162-8e07-4cde-8d30-0dada9533f1f,,0,0
92089556-45cf-45fd-a4c9-292fe2a419f9,https://pfrda.org.in/documents/33652/810024/%E0%A4%B9%E0%A4%BF%E0%A4%A8%E0%A5%8D%E0%A4%A6%E0%A5%80+REQUEST+FOR+PROPOSAL+%28RFP%29+FOR+ENGAGEMENT+OF+TRAINING+AGENCY%28IES%29+FOR+SUBSCRIBER+AWARENESS%2C+EDUCATION+AND+TRAINING+FOR+STAKEHOLDERS+ON+NPS+SANCHAY.pdf/ed643454-3c3e-4be9-90dc-1070839231f9?t=1785503796269,URL,ERROR,1,False,,,0,0
c6eab162-8e07-4cde-8d30-0dada9533f1f,https://pfrda.org.in/documents/33652/810024/%E0%A4%B9%E0%A4%BF%E0%A4%A8%E0%A5%8D%E0%A4%A6%E0%A5%80+REQUEST+FOR+PROPOSAL+%28RFP%29+FOR+ENGAGEMENT+OF+TRAINING+AGENCY%28IES%29+FOR+SUBSCRIBER+AWARENESS%2C+EDUCATION+AND+TRAINING+FOR+STAKEHOLDERS+ON+NPS+SANCHAY.pdf/ed643454-3c3e-4be9-90dc-1070839231f9?t=1785503796269,URL,ERROR,3,False,0e2f0529-965d-4cd3-ba27-155e0133f61a,,0,0
0e2f0529-965d-4cd3-ba27-155e0133f61a,https://pfrda.org.in/documents/33652/810024/%E0%A4%B9%E0%A4%BF%E0%A4%A8%E0%A5%8D%E0%A4%A6%E0%A5%80+REQUEST+FOR+PROPOSAL+%28RFP%29+FOR+ENGAGEMENT+OF+TRAINING+AGENCY%28IES%29+FOR+SUBSCRIBER+AWARENESS%2C+EDUCATION+AND+TRAINING+FOR+STAKEHOLDERS+ON+NPS+SANCHAY.pdf/ed643454-3c3e-4be9-90dc-1070839231f9?t=1785503796269,URL,ERROR,2,False,92089556-45cf-45fd-a4c9-292fe2a419f9,,0,0
0c20ac44-55af-4069-bfc3-42daeac0d809,https://pfrda.org.in/documents/33652/810024/%E0%A4%B9%E0%A4%BF%E0%A4%A8%E0%A5%8D%E0%A4%A6%E0%A5%80+REQUEST+FOR+PROPOSAL+%28RFP%29+FOR+ENGAGEMENT+OF+TRAINING+AGENCY%28IES%29+FOR+SUBSCRIBER+AWARENESS%2C+EDUCATION+AND+TRAINING+FOR+STAKEHOLDERS+ON+NPS+SANCHAY.pdf/ed643454-3c3e-4be9-90dc-1070839231f9?t=1785503796269,URL,ERROR,5,False,07f51140-3fb6-4664-b559-ab62418c924e,,0,0
4f8ee7dc-6d17-4601-8511-df11dc85127a,https://pfrda.org.in/documents/33652/810024/Pre+Bid+Responses+Bilingual+RFP+for+Engagement+of+Training+Agency%28ies%29+for+Subscriber+Awareness%2C+Education+and+Training+for+Stakeholders+on+NPS+Sanchay+in+Agri+Segment.pdf/9ab55f5f-6b86-5a68-1133-f4fc14f65c8c?t=1788242663222,URL,ERROR,2,False,e4796809-5e4d-4710-abcd-9ef14f154f2b,,0,0
f696cdb7-9db8-4db8-b46e-44969dacd395,https://pfrda.org.in/documents/33652/810024/Pre+Bid+Responses+Bilingual+RFP+for+Engagement+of+Training+Agency%28ies%29+for+Subscriber+Awareness%2C+Education+and+Training+for+Stakeholders+on+NPS+Sanchay+in+Agri+Segment.pdf/9ab55f5f-6b86-5a68-1133-f4fc14f65c8c?t=1788242663222,URL,ERROR,5,False,59b4497a-2d49-4bb1-a213-83048a90b15a,,0,0
59cea4e3-29ab-446f-bb50-86fbc4181944,https://pfrda.org.in/documents/33652/810024/Pre+Bid+Responses+Bilingual+RFP+for+Engagement+of+Training+Agency%28ies%29+for+Subscriber+Awareness%2C+Education+and+Training+for+Stakeholders+on+NPS+Sanchay+in+Agri+Segment.pdf/9ab55f5f-6b86-5a68-1133-f4fc14f65c8c?t=1788242663222,URL,ERROR,6,False,f696cdb7-9db8-4db8-b46e-44969dacd395,,0,0
e4796809-5e4d-4710-abcd-9ef14f154f2b,https://pfrda.org.in/documents/33652/810024/Pre+Bid+Responses+Bilingual+RFP+for+Engagement+of+Training+Agency%28ies%29+for+Subscriber+Awareness%2C+Education+and+Training+for+Stakeholders+on+NPS+Sanchay+in+Agri+Segment.pdf/9ab55f5f-6b86-5a68-1133-f4fc14f65c8c?t=1788242663222,URL,ERROR,1,False,,,0,0
59b4497a-2d49-4bb1-a213-83048a90b15a,https://pfrda.org.in/documents/33652/810024/Pre+Bid+Responses+Bilingual+RFP+for+Engagement+of+Training+Agency%28ies%29+for+Subscriber+Awareness%2C+Education+and+Training+for+Stakeholders+on+NPS+Sanchay+in+Agri+Segment.pdf/9ab55f5f-6b86-5a68-1133-f4fc14f65c8c?t=1788242663222,URL,ERROR,4,False,c38e1aec-94e6-40a1-ae70-f24616964973,,0,0
c38e1aec-94e6-40a1-ae70-f24616964973,https://pfrda.org.in/documents/33652/810024/Pre+Bid+Responses+Bilingual+RFP+for+Engagement+of+Training+Agency%28ies%29+for+Subscriber+Awareness%2C+Education+and+Training+for+Stakeholders+on+NPS+Sanchay+in+Agri+Segment.pdf/9ab55f5f-6b86-5a68-1133-f4fc14f65c8c?t=1788242663222,URL,ERROR,3,False,4f8ee7dc-6d17-4601-8511-df11dc85127a,,0,0
b17e4c6c-d0c8-4b66-8ed3-cb792a46e43c,https://pfrda.org.in/documents/33652/810024/REQUEST+FOR+PROPOSAL+%28RFP%29+FOR+ENGAGEMENT+OF+TRAINING+AGENCY%28IES%29+FOR+SUBSCRIBER+AWARENESS%2C+EDUCATION+AND+TRAINING+FOR+STAKEHOLDERS+ON+NPS+SANCHAY.pdf/b00bafc3-daa1-2c08-ea20-91831c2cd6c6?t=1785503795391,URL,ERROR,3,False,c893b0fc-adee-49dc-b973-af0d1161172a,,0,0
c893b0fc-adee-49dc-b973-af0d1161172a,https://pfrda.org.in/documents/33652/810024/REQUEST+FOR+PROPOSAL+%28RFP%29+FOR+ENGAGEMENT+OF+TRAINING+AGENCY%28IES%29+FOR+SUBSCRIBER+AWARENESS%2C+EDUCATION+AND+TRAINING+FOR+STAKEHOLDERS+ON+NPS+SANCHAY.pdf/b00bafc3-daa1-2c08-ea20-91831c2cd6c6?t=1785503795391,URL,ERROR,2,False,a297cd52-aa22-4b2f-b233-9b88c8da6cb5,,0,0
322b9d22-e1b8-422a-8e93-d7897293ea4e,https://pfrda.org.in/documents/33652/810024/REQUEST+FOR+PROPOSAL+%28RFP%29+FOR+ENGAGEMENT+OF+TRAINING+AGENCY%28IES%29+FOR+SUBSCRIBER+AWARENESS%2C+EDUCATION+AND+TRAINING+FOR+STAKEHOLDERS+ON+NPS+SANCHAY.pdf/b00bafc3-daa1-2c08-ea20-91831c2cd6c6?t=1785503795391,URL,ERROR,5,False,67fc43a1-e2b9-4cd7-8050-61c67286fa21,,0,0
a297cd52-aa22-4b2f-b233-9b88c8da6cb5,https://pfrda.org.in/documents/33652/810024/REQUEST+FOR+PROPOSAL+%28RFP%29+FOR+ENGAGEMENT+OF+TRAINING+AGENCY%28IES%29+FOR+SUBSCRIBER+AWARENESS%2C+EDUCATION+AND+TRAINING+FOR+STAKEHOLDERS+ON+NPS+SANCHAY.pdf/b00bafc3-daa1-2c08-ea20-91831c2cd6c6?t=1785503795391,URL,ERROR,1,False,,,0,0
67fc43a1-e2b9-4cd7-8050-61c67286fa21,https://pfrda.org.in/documents/33652/810024/REQUEST+FOR+PROPOSAL+%28RFP%29+FOR+ENGAGEMENT+OF+TRAINING+AGENCY%28IES%29+FOR+SUBSCRIBER+AWARENESS%2C+EDUCATION+AND+TRAINING+FOR+STAKEHOLDERS+ON+NPS+SANCHAY.pdf/b00bafc3-daa1-2c08-ea20-91831c2cd6c6?t=1785503795391,URL,ERROR,4,False,b17e4c6c-d0c8-4b66-8ed3-cb792a46e43c,,0,0
301c76d0-b517-425a-a30c-85d7fab76469,https://pfrda.org.in/documents/d/pfrda/updated-nps-for-corporates,URL,ERROR,3,False,25534478-7eb8-4a93-957a-f23834e7fbd1,,0,0
e6ee3fb5-9c34-44a6-8321-55234d8422e2,https://pfrda.org.in/documents/d/pfrda/updated-nps-for-corporates,URL,ERROR,1,False,,,0,0
25534478-7eb8-4a93-957a-f23834e7fbd1,https://pfrda.org.in/documents/d/pfrda/updated-nps-for-corporates,URL,ERROR,2,False,e6ee3fb5-9c34-44a6-8321-55234d8422e2,,0,0
a6d493f3-c4ef-455e-b4de-f495b7e054d9,https://pfrda.org.in/documents/d/pfrda/updated-nps-for-corporates,URL,ERROR,4,False,301c76d0-b517-425a-a30c-85d7fab76469,,0,0
9184d8a8-1080-4c76-9e75-dbc5c5c7f5e4,https://pfrda.org.in/en/web/pfrda/w/advertisement-recruitment-of-officer-grade-a-assistant-manager-2026,URL,COMPLETED,1,False,,,0,0
5ecbdac1-866d-4592-adae-c0461556786b,https://pfrda.org.in/en/web/pfrda/w/exposure-draft-amendments-to-pension-fund-regulatory-and-development-authority-point-of-presence-regulations-2018,URL,COMPLETED,1,False,,,0,0
61f9327e-cb40-4127-8530-1e52d770f51e,https://pfrda.org.in/en/web/pfrda/w/final-order-in-the-matter-of-alankit-assignments-ltd-and-ors,URL,COMPLETED,1,False,,,0,0
2e7db96f-004e-4707-92b4-0fab71e7a363,https://pfrda.org.in/en/web/pfrda/w/list-of-holidays-to-be-observed-during-the-calendar-year-2027-reg.,URL,COMPLETED,1,False,,,0,0
bbe5011a-ee35-4790-93ab-a611c2df146c,https://pfrda.org.in/en/web/pfrda/w/notice-inviting-proposals-for-selection-of-sponsors-of-pension-funds-on-tap-basis,URL,COMPLETED,1,False,,,0,0
5abffda0-9129-4e25-b705-fa83abdcf9a8,https://pfrda.org.in/en/web/pfrda/w/office-order-closing-of-central-government-offices-located-in-delhi-new-delhi-on-11.09.2026-1,URL,COMPLETED,1,False,,,0,0
b4f10026-0fe2-41e5-8b70-3dfc7c08c0d6,https://pfrda.org.in/en/web/pfrda/w/office-order-list-of-holidays-to-be-observed-during-the-calendar-year-2026-at-mumbai-regional-office-1,URL,COMPLETED,1,False,,,0,0
c1ef43a6-35a1-4e61-a5a7-e34cbc24ae83,https://pfrda.org.in/en/web/pfrda/w/pension-bulletin-april-june-2026-1,URL,COMPLETED,2,False,2918a8b1-78b7-40d8-b2c8-198f789009b7,,0,0
2918a8b1-78b7-40d8-b2c8-198f789009b7,https://pfrda.org.in/en/web/pfrda/w/pension-bulletin-april-june-2026-1,URL,COMPLETED,1,False,,c1ef43a6-35a1-4e61-a5a7-e34cbc24ae83,0,0
01f95b64-f3d9-47d9-bea2-ac382b45e3b6,https://pfrda.org.in/en/web/pfrda/w/pension-fund-regulatory-and-development-authority-exits-and-withdrawals-under-the-national-pension-system-amendment-regulations-2026,URL,COMPLETED,1,False,,,0,0
0999e57c-c9f2-4597-9ae6-bf660729d30e,https://pfrda.org.in/en/web/pfrda/w/pension-fund-regulatory-and-development-authority-exits-and-withdrawals-under-the-national-pension-system-regulations-2015-last-amended-on-20th-july-2026-.,URL,COMPLETED,1,False,,,0,0
936406a6-6299-46e9-8e60-92d1ccf59b8b,https://pfrda.org.in/en/web/pfrda/w/pension-fund-regulatory-and-development-authority-regulatory-sandbox-regulations-2026,URL,COMPLETED,1,False,,,0,0
54bf1f6a-1276-4db8-9edc-3564afffdc7f,https://pfrda.org.in/en/web/pfrda/w/pfrda-registration-of-pension-funds-guidelines-2026-amended-on-13.07.2026-,URL,COMPLETED,1,False,,,0,0
dac6eeaf-10ca-4bb5-81b2-c25fc12b7f27,https://pfrda.org.in/en/web/pfrda/w/recruitment-of-grade-a-assistant-manager-2026-form-v-certificate-of-disability,URL,COMPLETED,1,False,,,0,0
78db9f37-1dbd-4085-a947-2dc6788707d6,https://pfrda.org.in/en/web/pfrda/w/recruitment-of-grade-a-assistant-manager-2026-form-vi-certificate-of-disability,URL,COMPLETED,1,False,,,0,0
aff1b88d-9a9a-4c70-a033-f12e00837870,https://pfrda.org.in/en/web/pfrda/w/recruitment-of-grade-a-assistant-manager-2026-form-vii-certificate-of-disability,URL,COMPLETED,1,False,,,0,0
c5afffbf-2f63-4f3a-8da8-9feef72681a6,https://pfrda.org.in/en/web/pfrda/w/recruitment-of-grade-a-assistant-manager-2026-obc-certificate,URL,COMPLETED,1,False,,,0,0
a3ac39e3-c7e6-4323-9e3f-9fc363e92fcf,https://pfrda.org.in/en/web/pfrda/w/recruitment-of-grade-a-assistant-manager-2026-scribe-declaration-form,URL,COMPLETED,1,False,,,0,0
539dbb12-fd1a-4c64-a46a-27a806cbf6ec,https://pfrda.org.in/en/web/pfrda/w/recruitment-of-grade-a-assistant-manager-2026-sc-st-certificate,URL,COMPLETED,1,False,,,0,0
6a2a14e4-2932-46f2-869f-43d47846009d,https://pfrda.org.in/en/web/pfrda/w/recruitment-of-officer-grade-a-assistant-manager-2026-ews-income-and-asset-certificate,URL,COMPLETED,1,False,,,0,0
4ac5ebdb-5cef-4595-a9db-fd20dd7e0513,https://pfrda.org.in/faqs,URL,COMPLETED,1,False,,a3df9359-23d4-474f-a563-61f6f9ed6455,0,0
a3df9359-23d4-474f-a563-61f6f9ed6455,https://pfrda.org.in/faqs,URL,COMPLETED,2,False,4ac5ebdb-5cef-4595-a9db-fd20dd7e0513,9031d283-03dc-44e1-ab72-785cde3978a7,0,0
9031d283-03dc-44e1-ab72-785cde3978a7,https://pfrda.org.in/faqs,URL,COMPLETED,3,False,a3df9359-23d4-474f-a563-61f6f9ed6455,,0,0
ecaa1c49-5244-46ce-814a-b441f48d765e,https://pfrda.org.in/feedback,URL,COMPLETED,2,False,d8fe6721-4aa4-47e8-b3c5-53a184c96a35,cc999d69-8788-4bd3-ab55-fed0aa2bb038,0,0
d8fe6721-4aa4-47e8-b3c5-53a184c96a35,https://pfrda.org.in/feedback,URL,COMPLETED,1,False,,ecaa1c49-5244-46ce-814a-b441f48d765e,0,0
cc999d69-8788-4bd3-ab55-fed0aa2bb038,https://pfrda.org.in/feedback,URL,COMPLETED,3,False,ecaa1c49-5244-46ce-814a-b441f48d765e,,0,0
c2b8ca6f-f716-4c3d-95ee-a7faa49302be,https://pfrda.org.in/financial-literacy,URL,COMPLETED,1,False,,,0,0
38167989-94e5-4939-95c6-f3d930eff38e,https://pfrda.org.in/financial-literacy/retirement-planner-scheme,URL,COMPLETED,1,False,,,0,0
79d2acce-a28d-4d06-9231-63ef7496b5f7,https://pfrda.org.in/financial-literacy/subscriber-education,URL,COMPLETED,1,False,,,0,0
4f48129d-f92b-4ab8-a9f4-18c30e20165d,https://pfrda.org.in/financial-literacy/trainings,URL,COMPLETED,1,False,,f3802cf1-d40f-4562-8276-3fbc84f494ce,0,0
75f8d12d-34ad-4468-92ad-6d96e4b6235b,https://pfrda.org.in/financial-literacy/trainings,URL,COMPLETED,3,False,f3802cf1-d40f-4562-8276-3fbc84f494ce,7cfa0a28-b2de-452a-8360-f33bced84905,0,0
080b1028-80f3-494a-b500-c0114792e240,https://pfrda.org.in/financial-literacy/trainings,URL,COMPLETED,6,False,0674f6e9-883c-4a1c-96d0-a2a2111f1098,,0,0
0674f6e9-883c-4a1c-96d0-a2a2111f1098,https://pfrda.org.in/financial-literacy/trainings,URL,COMPLETED,5,False,7cfa0a28-b2de-452a-8360-f33bced84905,080b1028-80f3-494a-b500-c0114792e240,0,0
7cfa0a28-b2de-452a-8360-f33bced84905,https://pfrda.org.in/financial-literacy/trainings,URL,COMPLETED,4,False,75f8d12d-34ad-4468-92ad-6d96e4b6235b,0674f6e9-883c-4a1c-96d0-a2a2111f1098,0,0
f3802cf1-d40f-4562-8276-3fbc84f494ce,https://pfrda.org.in/financial-literacy/trainings,URL,COMPLETED,2,False,4f48129d-f92b-4ab8-a9f4-18c30e20165d,75f8d12d-34ad-4468-92ad-6d96e4b6235b,0,0
67a72fda-a598-4609-a324-befe5b9f7e51,https://pfrda.org.in/forms,URL,COMPLETED,1,False,,028f24cb-ba8c-4ec7-82f6-6a99f6d99404,0,0
028f24cb-ba8c-4ec7-82f6-6a99f6d99404,https://pfrda.org.in/forms,URL,COMPLETED,2,False,67a72fda-a598-4609-a324-befe5b9f7e51,c82ea206-d820-4986-9e0a-6e7168857617,0,0
c82ea206-d820-4986-9e0a-6e7168857617,https://pfrda.org.in/forms,URL,COMPLETED,3,False,028f24cb-ba8c-4ec7-82f6-6a99f6d99404,,0,0
023ffb31-a61e-460f-a654-2f200a70afe6,https://pfrda.org.in/get-to-know/careers,URL,COMPLETED,1,False,,,0,0
e1370667-f9b0-46ff-b08b-6d5ce91cf843,https://pfrda.org.in/get-to-know/holidays,URL,COMPLETED,1,False,,14651132-d6d6-41fd-b1ce-96fb0a4c7f3d,0,0
14651132-d6d6-41fd-b1ce-96fb0a4c7f3d,https://pfrda.org.in/get-to-know/holidays,URL,COMPLETED,2,False,e1370667-f9b0-46ff-b08b-6d5ce91cf843,,0,0
25c05b1f-fa6a-4c86-9fd7-4df3caff437d,https://pfrda.org.in/get-to-know/tenders,URL,COMPLETED,1,False,,5a648acc-9222-4255-8c20-2ae041bc83fa,0,0
5a648acc-9222-4255-8c20-2ae041bc83fa,https://pfrda.org.in/get-to-know/tenders,URL,COMPLETED,2,False,25c05b1f-fa6a-4c86-9fd7-4df3caff437d,,0,0
bc13e5e2-4820-4ccd-a684-3659be829d54,https://pfrda.org.in/get-to-know/website-policies,URL,COMPLETED,2,False,13decf1c-d237-4706-912d-2dd6d158d8e1,b7013ae2-126f-45e2-826a-cb4e01888bb2,0,0
13decf1c-d237-4706-912d-2dd6d158d8e1,https://pfrda.org.in/get-to-know/website-policies,URL,COMPLETED,1,False,,bc13e5e2-4820-4ccd-a684-3659be829d54,0,0
01d02f51-9866-4786-aafb-c6c0d095b2c4,https://pfrda.org.in/get-to-know/website-policies,URL,COMPLETED,4,False,b7013ae2-126f-45e2-826a-cb4e01888bb2,,0,0
b7013ae2-126f-45e2-826a-cb4e01888bb2,https://pfrda.org.in/get-to-know/website-policies,URL,COMPLETED,3,False,bc13e5e2-4820-4ccd-a684-3659be829d54,01d02f51-9866-4786-aafb-c6c0d095b2c4,0,0
87e8c743-39ad-41d0-9fb0-9850f0929235,https://pfrda.org.in/glossary,URL,COMPLETED,1,False,,56e62064-fcee-444f-8936-ce1a69bf8114,0,0
285b5305-4f07-498b-a504-20b6227e2500,https://pfrda.org.in/glossary,URL,COMPLETED,5,False,d47e8394-5b26-4328-acd3-fe48e5a17e87,,0,0
d47e8394-5b26-4328-acd3-fe48e5a17e87,https://pfrda.org.in/glossary,URL,COMPLETED,4,False,9debc840-d7d9-41c6-bd9b-1cd001347c7e,285b5305-4f07-498b-a504-20b6227e2500,0,0
9debc840-d7d9-41c6-bd9b-1cd001347c7e,https://pfrda.org.in/glossary,URL,COMPLETED,3,False,56e62064-fcee-444f-8936-ce1a69bf8114,d47e8394-5b26-4328-acd3-fe48e5a17e87,0,0
56e62064-fcee-444f-8936-ce1a69bf8114,https://pfrda.org.in/glossary,URL,COMPLETED,2,False,87e8c743-39ad-41d0-9fb0-9850f0929235,9debc840-d7d9-41c6-bd9b-1cd001347c7e,0,0
dca2ad4a-7b6f-4607-aa9b-1664b393fd49,https://pfrda.org.in/hi/w/independence-day-2025,URL,COMPLETED,1,False,,,0,0
c1587f98-9b06-4274-bd9c-dbb96d2f26a2,https://pfrda.org.in/hi/w/interaction-of-chairperson-pfrda,URL,COMPLETED,1,False,,,0,0
84931b14-b34e-4660-95d9-827192339a7d,https://pfrda.org.in/hi/w/international-yoga-day-2025,URL,COMPLETED,1,False,,,0,0
04d5af6e-d2d6-4a38-b987-d4dd67d8a484,https://pfrda.org.in/hi/w/nps-diwas-2025,URL,COMPLETED,1,False,,,0,0
22e3960a-847c-4130-8040-4354f55075ca,https://pfrda.org.in/hi/w/online-apy-awareness-program-september-2026-punjabi-,URL,COMPLETED,1,False,,,0,0
60bbc9ef-e0c2-4c18-bc10-9511a7b48b59,https://pfrda.org.in/hi/w/online-apy-awareness-program-september-2026-telugu-,URL,COMPLETED,1,False,,,0,0
4b28d096-df2b-41d0-824b-d99ee27b1b02,https://pfrda.org.in/hi/w/online-nps-sanchay-awareness-session-september-2026-marathi-,URL,COMPLETED,1,False,,,0,0
ded9b31c-f33d-44b4-839c-97436e544292,https://pfrda.org.in/hi/w/online-nps-sanchay-awareness-session-september-2026-punjabi-,URL,COMPLETED,1,False,,,0,0
5740ac3d-704c-4403-9f81-69e566904cca,https://pfrda.org.in/hi/w/pension-se-pragati-copy-,URL,COMPLETED,1,False,,,0,0
cdca71e3-80c8-4924-8997-9cc14b57bdb4,https://pfrda.org.in/hi/w/pfrda-at-global-fintech-fest-2025,URL,COMPLETED,1,False,,,0,0
79b30aa5-8d9b-43fa-8ad3-d1b63604fb69,https://pfrda.org.in/hi/w/pfrda-hackathon-2026,URL,COMPLETED,1,False,,,0,0
e85e65b1-661c-4f78-aeef-078583abf183,https://pfrda.org.in/hi/w/pfrda-hackathon-2026-1,URL,COMPLETED,1,False,,,0,0
6a282b25-6d92-4e64-9360-3408a4621a6e,https://pfrda.org.in/hi/w/pfrda-hackathon-2026-winners,URL,COMPLETED,1,False,,,0,0
1cea682f-6a11-4144-ad8b-221bca825edd,https://pfrda.org.in/hi/w/pre-bid-responses-bilingual-engagement-of-training-agency-for-subscriber-awareness-education-and-training-for-stakeholders-on-nps-sanchay-copy-,URL,COMPLETED,1,False,,,0,0
bac63732-1e1f-4cc1-9757-f34098528a38,https://pfrda.org.in/hi/w/republic-day-celebration-2025,URL,COMPLETED,1,False,,,0,0
513e927e-b8c2-4640-aec4-d0a1d08821e4,https://pfrda.org.in/hi/w/swachhata-abhiyan,URL,COMPLETED,1,False,,,0,0
d9ddc448-f569-499a-96ee-45de0039e84d,https://pfrda.org.in/hi/w/symposium-on-atmanirbhar-pensioned-society-for-a-viksit-bharat,URL,COMPLETED,1,False,,,0,0
b99c80de-4b51-4ec9-a387-e139d4e37704,https://pfrda.org.in/hi/w/vigilance-awareness-week-2022-award-function,URL,COMPLETED,1,False,,,0,0
b7540680-c573-4197-99cb-cc81a52b0e57,https://pfrda.org.in/hi/w/vigilance-awareness-week-2022-badminton-tournament,URL,COMPLETED,1,False,,,0,0
a302fc9e-75f3-416e-a7e5-fe916ec8b3c8,https://pfrda.org.in/hi/w/vigilance-awareness-week-2023-awards-function,URL,COMPLETED,1,False,,,0,0
de18b279-5468-4af3-97a5-0dcd6b9c165d,https://pfrda.org.in/hi/w/vigilance-awareness-week-2023-badminton-tournament,URL,COMPLETED,1,False,,,0,0
1c9cb476-cdad-428a-a695-6a5ea8c701be,https://pfrda.org.in/home,URL,COMPLETED,5,False,f7daf1da-5220-40f1-98c9-36f17c59f665,7b0ef939-df61-4a1e-a46e-dcd5f384d860,0,0
1e113a39-1f00-431c-84ef-636eaad51549,https://pfrda.org.in/home,URL,COMPLETED,2,False,cef9003b-41a5-43e6-98a2-cde93cd079fd,ccc006fb-cbb5-47a0-a846-447b548a5252,0,0
f7daf1da-5220-40f1-98c9-36f17c59f665,https://pfrda.org.in/home,URL,COMPLETED,4,False,ccc006fb-cbb5-47a0-a846-447b548a5252,1c9cb476-cdad-428a-a695-6a5ea8c701be,0,0
cef9003b-41a5-43e6-98a2-cde93cd079fd,https://pfrda.org.in/home,URL,COMPLETED,1,False,,1e113a39-1f00-431c-84ef-636eaad51549,0,0
ccc006fb-cbb5-47a0-a846-447b548a5252,https://pfrda.org.in/home,URL,COMPLETED,3,False,1e113a39-1f00-431c-84ef-636eaad51549,f7daf1da-5220-40f1-98c9-36f17c59f665,0,0
7b0ef939-df61-4a1e-a46e-dcd5f384d860,https://pfrda.org.in/home,URL,COMPLETED,6,False,1c9cb476-cdad-428a-a695-6a5ea8c701be,,0,0
537108ed-60fb-49fa-89d5-880fde084a4d,https://pfrda.org.in/intermediaries,URL,COMPLETED,1,False,,,0,0
ad87d9b3-4f8a-4b7e-8975-67ad3b06093d,https://pfrda.org.in/intermediaries/registered-intermediaries/custodian,URL,COMPLETED,3,False,4c8bcd80-2cfe-4ee5-8ef1-e033dc10f27d,c5a699a5-6adf-4ab0-80be-533cbff7022d,0,0
3523dd0e-0be4-4f0a-aea6-a4b0c089b4dd,https://pfrda.org.in/intermediaries/registered-intermediaries/custodian,URL,COMPLETED,1,False,,4c8bcd80-2cfe-4ee5-8ef1-e033dc10f27d,0,0
4c8bcd80-2cfe-4ee5-8ef1-e033dc10f27d,https://pfrda.org.in/intermediaries/registered-intermediaries/custodian,URL,COMPLETED,2,False,3523dd0e-0be4-4f0a-aea6-a4b0c089b4dd,ad87d9b3-4f8a-4b7e-8975-67ad3b06093d,0,0
c5a699a5-6adf-4ab0-80be-533cbff7022d,https://pfrda.org.in/intermediaries/registered-intermediaries/custodian,URL,COMPLETED,4,False,ad87d9b3-4f8a-4b7e-8975-67ad3b06093d,,0,0
6db8e817-29c2-47dc-8ab1-af6d5fbefcdd,https://pfrda.org.in/ircp-main-page,URL,COMPLETED,1,False,,,0,0
98cbd9e6-4231-43d3-be1f-aa5d7aa3bfb4,https://pfrda.org.in/media2,URL,COMPLETED,1,False,,,0,0
a64c6652-7ac6-4e25-b737-57496ed160c8,https://pfrda.org.in/media/chairperson-s-speeches,URL,COMPLETED,1,False,,,0,0
72d4f7b0-b2ba-4781-9d4f-e322dd3bae11,https://pfrda.org.in/media/gallery,URL,COMPLETED,3,False,f155da84-8e2f-4faa-954c-12878789c8ca,0541a7a9-1910-486f-9196-013f057e52ec,0,0
0541a7a9-1910-486f-9196-013f057e52ec,https://pfrda.org.in/media/gallery,URL,COMPLETED,4,False,72d4f7b0-b2ba-4781-9d4f-e322dd3bae11,,0,0
0c4b47f7-bff9-404e-89b3-2eed1e40a9ba,https://pfrda.org.in/media/gallery,URL,COMPLETED,1,False,,f155da84-8e2f-4faa-954c-12878789c8ca,0,0
f155da84-8e2f-4faa-954c-12878789c8ca,https://pfrda.org.in/media/gallery,URL,COMPLETED,2,False,0c4b47f7-bff9-404e-89b3-2eed1e40a9ba,72d4f7b0-b2ba-4781-9d4f-e322dd3bae11,0,0
f7607182-d7d7-4216-ab96-b962097658aa,https://pfrda.org.in/media/gallery/imagegallery,URL,COMPLETED,5,False,ad49fff4-9481-4169-a7a7-6f3e500732ae,eaa21ca5-d4b0-4c71-a2f7-cb84ee8e4cd1,0,0
53e26116-e178-4fcf-8686-da95f9e4da05,https://pfrda.org.in/media/gallery/imagegallery,URL,COMPLETED,2,False,b80ec355-14e4-4fd5-8084-eeedf7460053,f6e9e4af-01cc-45f1-80e8-9005026f0bfc,0,0
ad49fff4-9481-4169-a7a7-6f3e500732ae,https://pfrda.org.in/media/gallery/imagegallery,URL,COMPLETED,4,False,f6e9e4af-01cc-45f1-80e8-9005026f0bfc,f7607182-d7d7-4216-ab96-b962097658aa,0,0
f6e9e4af-01cc-45f1-80e8-9005026f0bfc,https://pfrda.org.in/media/gallery/imagegallery,URL,COMPLETED,3,False,53e26116-e178-4fcf-8686-da95f9e4da05,ad49fff4-9481-4169-a7a7-6f3e500732ae,0,0
b80ec355-14e4-4fd5-8084-eeedf7460053,https://pfrda.org.in/media/gallery/imagegallery,URL,COMPLETED,1,False,,53e26116-e178-4fcf-8686-da95f9e4da05,0,0
eaa21ca5-d4b0-4c71-a2f7-cb84ee8e4cd1,https://pfrda.org.in/media/gallery/imagegallery,URL,COMPLETED,6,False,f7607182-d7d7-4216-ab96-b962097658aa,,0,0
21a89687-4d13-4cf1-8e5f-a109aa494e76,https://pfrda.org.in/media/gallery/publicity-material,URL,COMPLETED,2,False,215fb3fb-fe94-4850-bdbd-16629cb23513,de46760d-71a6-4ca1-ab5a-2f8ccc63734d,0,0
de46760d-71a6-4ca1-ab5a-2f8ccc63734d,https://pfrda.org.in/media/gallery/publicity-material,URL,COMPLETED,3,False,21a89687-4d13-4cf1-8e5f-a109aa494e76,9ed054c5-cfd9-464f-968d-df1319a055b6,0,0
9ed054c5-cfd9-464f-968d-df1319a055b6,https://pfrda.org.in/media/gallery/publicity-material,URL,COMPLETED,4,False,de46760d-71a6-4ca1-ab5a-2f8ccc63734d,,0,0
215fb3fb-fe94-4850-bdbd-16629cb23513,https://pfrda.org.in/media/gallery/publicity-material,URL,COMPLETED,1,False,,21a89687-4d13-4cf1-8e5f-a109aa494e76,0,0
ad566bd1-694b-45e2-867e-207b52f45aac,https://pfrda.org.in/media/gallery/video-gallery,URL,COMPLETED,1,False,,,0,0
cf6cc46d-f820-4ff1-9a3b-ebe1e28619b2,https://pfrda.org.in/media/hackathon,URL,COMPLETED,3,False,6356a21d-cb9b-4cdc-bd78-5dea1c443f11,,0,0
1a5f76a3-b4f5-4530-845e-19cfa338a37c,https://pfrda.org.in/media/hackathon,URL,COMPLETED,1,False,,6356a21d-cb9b-4cdc-bd78-5dea1c443f11,0,0
6356a21d-cb9b-4cdc-bd78-5dea1c443f11,https://pfrda.org.in/media/hackathon,URL,COMPLETED,2,False,1a5f76a3-b4f5-4530-845e-19cfa338a37c,cf6cc46d-f820-4ff1-9a3b-ebe1e28619b2,0,0
2a5eaa4a-0fbe-4dfb-b950-b916f69693b1,https://pfrda.org.in/media/press-releases,URL,COMPLETED,2,False,31062f9b-a8e5-4a35-8b7e-65e463b8c08b,,0,0
31062f9b-a8e5-4a35-8b7e-65e463b8c08b,https://pfrda.org.in/media/press-releases,URL,COMPLETED,1,False,,2a5eaa4a-0fbe-4dfb-b950-b916f69693b1,0,0
9b5ba436-5f97-42f3-8ee2-1dd34ffb428b,https://pfrda.org.in/regulatory-framework2,URL,COMPLETED,1,False,,,0,0
62f3e2db-5378-4c14-a043-3eda2efe7a43,https://pfrda.org.in/regulatory-framework/acts,URL,COMPLETED,1,False,,,0,0
043b263c-4810-4f20-9eed-f4fbfe1281ec,https://pfrda.org.in/regulatory-framework/circulars,URL,COMPLETED,1,False,,09cab51f-aa45-4263-ae5e-21bc5a4f887c,0,0
274f9a8d-9653-4eaa-9ed3-59604e8c8de5,https://pfrda.org.in/regulatory-framework/circulars,URL,COMPLETED,3,False,09cab51f-aa45-4263-ae5e-21bc5a4f887c,,0,0
09cab51f-aa45-4263-ae5e-21bc5a4f887c,https://pfrda.org.in/regulatory-framework/circulars,URL,COMPLETED,2,False,043b263c-4810-4f20-9eed-f4fbfe1281ec,274f9a8d-9653-4eaa-9ed3-59604e8c8de5,0,0
be208c3f-741f-4a46-8843-99592a23ea4a,https://pfrda.org.in/regulatory-framework/circulars/active-circulars,URL,COMPLETED,3,False,5e792bfa-5165-4e37-b7f1-76ecf7d289dc,,0,0
4a43349a-df79-4bea-b4e2-642378971618,https://pfrda.org.in/regulatory-framework/circulars/active-circulars,URL,COMPLETED,1,False,,5e792bfa-5165-4e37-b7f1-76ecf7d289dc,0,0
5e792bfa-5165-4e37-b7f1-76ecf7d289dc,https://pfrda.org.in/regulatory-framework/circulars/active-circulars,URL,COMPLETED,2,False,4a43349a-df79-4bea-b4e2-642378971618,be208c3f-741f-4a46-8843-99592a23ea4a,0,0
eaec6cef-f6cd-4b04-8524-aad95413e26e,https://pfrda.org.in/regulatory-framework/circulars/inoperative,URL,COMPLETED,2,False,1d512c42-6918-4451-994a-3d142399dae8,,0,0
1d512c42-6918-4451-994a-3d142399dae8,https://pfrda.org.in/regulatory-framework/circulars/inoperative,URL,COMPLETED,1,False,,eaec6cef-f6cd-4b04-8524-aad95413e26e,0,0
e8d28ea7-3bc9-4354-b300-90a51e0f2bb1,https://pfrda.org.in/regulatory-framework/compendium-of-pfrda-act-rules-regulations,URL,COMPLETED,1,False,,,0,0
b9d3d28d-01de-4d62-803d-2f0689d11e97,https://pfrda.org.in/regulatory-framework/exposure-drafts,URL,COMPLETED,1,False,,307be0f1-fdc3-4309-bf92-ca13189f3fc6,0,0
ba859dcb-2b45-42f9-ada9-a97a496a0193,https://pfrda.org.in/regulatory-framework/exposure-drafts,URL,COMPLETED,3,False,307be0f1-fdc3-4309-bf92-ca13189f3fc6,,0,0
307be0f1-fdc3-4309-bf92-ca13189f3fc6,https://pfrda.org.in/regulatory-framework/exposure-drafts,URL,COMPLETED,2,False,b9d3d28d-01de-4d62-803d-2f0689d11e97,ba859dcb-2b45-42f9-ada9-a97a496a0193,0,0
960fd557-7f95-49a8-93c9-e9d6d3b25d0d,https://pfrda.org.in/regulatory-framework/guidelines,URL,COMPLETED,1,False,,,0,0
cc4f86ee-201c-4451-96df-a3264dfe4ec1,https://pfrda.org.in/regulatory-framework/master-circulars/active-master-circulars,URL,COMPLETED,1,False,,,0,0
df1fa8dc-01aa-4b2c-a8d3-a98b41853a46,https://pfrda.org.in/regulatory-framework/master-circulars/archived-master-circulars,URL,COMPLETED,1,False,,,0,0
149f8046-c5f7-4103-9bde-d8e5dffb1780,https://pfrda.org.in/regulatory-framework/notifications,URL,COMPLETED,2,False,4ec7a4f4-57c7-4b2f-beca-65b1152368ce,,0,0
4ec7a4f4-57c7-4b2f-beca-65b1152368ce,https://pfrda.org.in/regulatory-framework/notifications,URL,COMPLETED,1,False,,149f8046-c5f7-4103-9bde-d8e5dffb1780,0,0
f3954375-b39e-497b-80be-5d9b303f1c4d,https://pfrda.org.in/regulatory-framework/orders/enforcement-orders,URL,COMPLETED,1,False,,,0,0
1667e014-f6fc-4a4e-b5b3-36d1ee7007e2,https://pfrda.org.in/regulatory-framework/orders/general-orders,URL,COMPLETED,1,False,,,0,0
d2ec4a89-a0f6-48f1-bad9-9ce344285711,https://pfrda.org.in/regulatory-framework/orders/notices,URL,COMPLETED,1,False,,,0,0
37261e9d-98b4-4b6a-8bb3-375c3dcaef92,https://pfrda.org.in/regulatory-framework/regulations,URL,COMPLETED,1,False,,,0,0
6bc59541-b0f7-401f-b252-3aa218b1160e,https://pfrda.org.in/regulatory-framework/reports,URL,COMPLETED,1,False,,,0,0
a43baaf0-6ca1-413e-a44f-d6ec739d7682,https://pfrda.org.in/regulatory-framework/rules,URL,COMPLETED,1,False,,,0,0
440d6acf-a27d-41ef-87a5-c19816b85323,https://pfrda.org.in/research-publications,URL,COMPLETED,1,False,,,0,0
b83beacd-ab0e-45b4-9714-199ebd9a16aa,https://pfrda.org.in/research-publications/annual-reports,URL,COMPLETED,1,False,,,0,0
387e94a9-8a9b-4508-814a-f948761dc1ea,https://pfrda.org.in/research-publications/newsletters,URL,COMPLETED,1,False,,,0,0
f66ce002-5557-42fb-a8dd-631dfeea3a64,https://pfrda.org.in/research-publications/pension-bulletin,URL,COMPLETED,1,False,,,0,0
937c3ffd-8b75-4673-8243-59576fb2e6b7,https://pfrda.org.in/research-publications/projects,URL,COMPLETED,1,False,,,0,0
2b0030a9-ef1a-434b-bb18-3cded190899c,https://pfrda.org.in/research-publications/projects/drg,URL,COMPLETED,1,False,,,0,0
8cf93e7c-caa6-45a0-a75a-d4945841f569,https://pfrda.org.in/research-publications/projects/external-data-request,URL,COMPLETED,3,False,0ad7107a-7646-40fa-a33e-7bc76489d902,476d3473-b93c-49bc-b7f5-6d6311dbca5b,0,0
02330445-3b2f-4387-8d9f-be7b1832ea81,https://pfrda.org.in/research-publications/projects/external-data-request,URL,COMPLETED,1,False,,0ad7107a-7646-40fa-a33e-7bc76489d902,0,0
476d3473-b93c-49bc-b7f5-6d6311dbca5b,https://pfrda.org.in/research-publications/projects/external-data-request,URL,COMPLETED,4,False,8cf93e7c-caa6-45a0-a75a-d4945841f569,daaa625d-714c-416c-a50e-6605a6e88515,0,0
daaa625d-714c-416c-a50e-6605a6e88515,https://pfrda.org.in/research-publications/projects/external-data-request,URL,COMPLETED,5,False,476d3473-b93c-49bc-b7f5-6d6311dbca5b,,0,0
0ad7107a-7646-40fa-a33e-7bc76489d902,https://pfrda.org.in/research-publications/projects/external-data-request,URL,COMPLETED,2,False,02330445-3b2f-4387-8d9f-be7b1832ea81,8cf93e7c-caa6-45a0-a75a-d4945841f569,0,0
8d251df9-c861-4bb6-8e04-47970079f759,https://pfrda.org.in/research-publications/statistics/handbook,URL,COMPLETED,1,False,,,0,0
dc592136-e89f-4d98-831d-a3f16b6f48b2,https://pfrda.org.in/research-publications/statistics/statistical-data,URL,COMPLETED,2,False,f6b7f547-d141-4451-b8a3-78661e348901,da8717b6-6e55-4843-8e7e-65b7fecbdf69,0,0
da8717b6-6e55-4843-8e7e-65b7fecbdf69,https://pfrda.org.in/research-publications/statistics/statistical-data,URL,COMPLETED,3,False,dc592136-e89f-4d98-831d-a3f16b6f48b2,3c82f3f8-e073-49ea-a737-70282b6beafa,0,0
f6b7f547-d141-4451-b8a3-78661e348901,https://pfrda.org.in/research-publications/statistics/statistical-data,URL,COMPLETED,1,False,,dc592136-e89f-4d98-831d-a3f16b6f48b2,0,0
88b8b677-3968-4bd1-b67e-6f4a6fc58098,https://pfrda.org.in/research-publications/statistics/statistical-data,URL,COMPLETED,6,False,680de4a9-2442-4993-af24-bb85fc1297ef,,0,0
3c82f3f8-e073-49ea-a737-70282b6beafa,https://pfrda.org.in/research-publications/statistics/statistical-data,URL,COMPLETED,4,False,da8717b6-6e55-4843-8e7e-65b7fecbdf69,680de4a9-2442-4993-af24-bb85fc1297ef,0,0
680de4a9-2442-4993-af24-bb85fc1297ef,https://pfrda.org.in/research-publications/statistics/statistical-data,URL,COMPLETED,5,False,3c82f3f8-e073-49ea-a737-70282b6beafa,88b8b677-3968-4bd1-b67e-6f4a6fc58098,0,0
fed0893c-52db-47ef-9cea-a1bdb83c7adb,https://pfrda.org.in/research-publications/working-papers,URL,COMPLETED,1,False,,,0,0
74ffd0f5-c2f6-4baf-9f09-df505df8ed55,https://pfrda.org.in/schemes,URL,COMPLETED,3,False,9da5d3e5-5786-463c-b535-e87e06fb9748,3d7e8e44-d63c-44d5-80f7-c1c0eb9826bf,0,0
3d7e8e44-d63c-44d5-80f7-c1c0eb9826bf,https://pfrda.org.in/schemes,URL,COMPLETED,4,False,74ffd0f5-c2f6-4baf-9f09-df505df8ed55,,0,0
9da5d3e5-5786-463c-b535-e87e06fb9748,https://pfrda.org.in/schemes,URL,COMPLETED,2,False,c5f140d7-d844-48dc-9b55-9b452ab0a1f0,74ffd0f5-c2f6-4baf-9f09-df505df8ed55,0,0
c5f140d7-d844-48dc-9b55-9b452ab0a1f0,https://pfrda.org.in/schemes,URL,COMPLETED,1,False,,9da5d3e5-5786-463c-b535-e87e06fb9748,0,0
5935a0cd-7068-4005-b8f5-7de8a1edf72a,https://pfrda.org.in/schemes1,URL,COMPLETED,1,False,,,0,0
e37cc4e9-0dbb-465d-b371-b0cd04b8129e,https://pfrda.org.in/schemes/atal-pension-yojana-apy,URL,COMPLETED,1,False,,,0,0
2a9ea8e1-de55-45bf-87a5-aa9e9c59150b,https://pfrda.org.in/schemes/national-pension-system/nps-for-central-autonomous-bodies,URL,COMPLETED,1,False,,5c3a6fec-1d34-49d9-a26e-62e2e8151ba6,0,0
030a4449-b545-499b-a4f2-85dd0b23ce7e,https://pfrda.org.in/schemes/national-pension-system/nps-for-central-autonomous-bodies,URL,COMPLETED,3,False,5c3a6fec-1d34-49d9-a26e-62e2e8151ba6,,0,0
5c3a6fec-1d34-49d9-a26e-62e2e8151ba6,https://pfrda.org.in/schemes/national-pension-system/nps-for-central-autonomous-bodies,URL,COMPLETED,2,False,2a9ea8e1-de55-45bf-87a5-aa9e9c59150b,030a4449-b545-499b-a4f2-85dd0b23ce7e,0,0
f6705a82-de5a-4901-ade0-cab6926c14a9,https://pfrda.org.in/schemes/national-pension-system/nps-for-central-government,URL,COMPLETED,2,False,e5043bc0-df3e-41c1-817f-205e85b0bc26,877cb187-beed-4374-b62f-3e9460ebe3e9,0,0
e5043bc0-df3e-41c1-817f-205e85b0bc26,https://pfrda.org.in/schemes/national-pension-system/nps-for-central-government,URL,COMPLETED,1,False,,f6705a82-de5a-4901-ade0-cab6926c14a9,0,0
877cb187-beed-4374-b62f-3e9460ebe3e9,https://pfrda.org.in/schemes/national-pension-system/nps-for-central-government,URL,COMPLETED,3,False,f6705a82-de5a-4901-ade0-cab6926c14a9,,0,0
66e14b97-c10a-4c72-a5ae-12aceedc5dc0,https://pfrda.org.in/schemes/national-pension-system/nps-for-corporates,URL,COMPLETED,2,False,09bc017f-e634-46be-a15b-fe3194b4f8df,94f4cf94-35be-49f2-9ecc-02b318d5bbda,0,0
432d8fbb-5d8d-4a5f-9aa3-7c2eb61cc07f,https://pfrda.org.in/schemes/national-pension-system/nps-for-corporates,URL,COMPLETED,4,False,94f4cf94-35be-49f2-9ecc-02b318d5bbda,9a2dc8c3-0c33-4287-b8ee-778b39debe4c,0,0
09bc017f-e634-46be-a15b-fe3194b4f8df,https://pfrda.org.in/schemes/national-pension-system/nps-for-corporates,URL,COMPLETED,1,False,,66e14b97-c10a-4c72-a5ae-12aceedc5dc0,0,0
94f4cf94-35be-49f2-9ecc-02b318d5bbda,https://pfrda.org.in/schemes/national-pension-system/nps-for-corporates,URL,COMPLETED,3,False,66e14b97-c10a-4c72-a5ae-12aceedc5dc0,432d8fbb-5d8d-4a5f-9aa3-7c2eb61cc07f,0,0
9a2dc8c3-0c33-4287-b8ee-778b39debe4c,https://pfrda.org.in/schemes/national-pension-system/nps-for-corporates,URL,COMPLETED,5,False,432d8fbb-5d8d-4a5f-9aa3-7c2eb61cc07f,895f605f-bd85-4f80-9616-540784ae0513,0,0
895f605f-bd85-4f80-9616-540784ae0513,https://pfrda.org.in/schemes/national-pension-system/nps-for-corporates,URL,COMPLETED,6,False,9a2dc8c3-0c33-4287-b8ee-778b39debe4c,,0,0
6c5ad5f1-49d0-47ff-8582-2c6f57109f2b,https://pfrda.org.in/schemes/national-pension-system/nps-for-state-government,URL,COMPLETED,2,False,3719d4dd-bb4a-449b-9263-3fff6d1ef735,,0,0
3719d4dd-bb4a-449b-9263-3fff6d1ef735,https://pfrda.org.in/schemes/national-pension-system/nps-for-state-government,URL,COMPLETED,1,False,,6c5ad5f1-49d0-47ff-8582-2c6f57109f2b,0,0
fe8a5def-b898-4817-9db1-914b1c66712f,https://pfrda.org.in/schemes/national-pension-system/nps-lite,URL,COMPLETED,3,False,91d756d8-74b8-4097-b6c9-c8ec47018f53,,0,0
73ea355c-c41f-483c-bfe7-5b240da7ef57,https://pfrda.org.in/schemes/national-pension-system/nps-lite,URL,COMPLETED,1,False,,91d756d8-74b8-4097-b6c9-c8ec47018f53,0,0
91d756d8-74b8-4097-b6c9-c8ec47018f53,https://pfrda.org.in/schemes/national-pension-system/nps-lite,URL,COMPLETED,2,False,73ea355c-c41f-483c-bfe7-5b240da7ef57,fe8a5def-b898-4817-9db1-914b1c66712f,0,0
e2b23b95-0a60-40f5-a48e-a871bbc2da5c,https://pfrda.org.in/schemes/national-pension-system/state-autonomous-bodies,URL,COMPLETED,3,False,1826fc0c-afb5-4c68-a23a-821f171be537,e600d4bb-86ba-41cf-95c6-801a2363f826,0,0
1826fc0c-afb5-4c68-a23a-821f171be537,https://pfrda.org.in/schemes/national-pension-system/state-autonomous-bodies,URL,COMPLETED,2,False,81c4bcb4-0b13-461f-b65d-40d747f4c949,e2b23b95-0a60-40f5-a48e-a871bbc2da5c,0,0
81c4bcb4-0b13-461f-b65d-40d747f4c949,https://pfrda.org.in/schemes/national-pension-system/state-autonomous-bodies,URL,COMPLETED,1,False,,1826fc0c-afb5-4c68-a23a-821f171be537,0,0
e600d4bb-86ba-41cf-95c6-801a2363f826,https://pfrda.org.in/schemes/national-pension-system/state-autonomous-bodies,URL,COMPLETED,4,False,e2b23b95-0a60-40f5-a48e-a871bbc2da5c,,0,0
e3b49d8c-7094-4544-b6be-d267ed602830,https://pfrda.org.in/schemes/national-pension-system/superannuation-funds,URL,COMPLETED,3,False,c45f8665-e42d-493b-8003-089e9ebb7e1d,8031d0bd-8c19-4057-bc53-7a15b0021970,0,0
c45f8665-e42d-493b-8003-089e9ebb7e1d,https://pfrda.org.in/schemes/national-pension-system/superannuation-funds,URL,COMPLETED,2,False,9641575b-398e-4a62-87c1-52ce780c6012,e3b49d8c-7094-4544-b6be-d267ed602830,0,0
9641575b-398e-4a62-87c1-52ce780c6012,https://pfrda.org.in/schemes/national-pension-system/superannuation-funds,URL,COMPLETED,1,False,,c45f8665-e42d-493b-8003-089e9ebb7e1d,0,0
8031d0bd-8c19-4057-bc53-7a15b0021970,https://pfrda.org.in/schemes/national-pension-system/superannuation-funds,URL,COMPLETED,4,False,e3b49d8c-7094-4544-b6be-d267ed602830,,0,0
fdc2c7ee-ab3b-406f-866e-594f4152197e,https://pfrda.org.in/schemes/national-pension-system/unified-pension-scheme,URL,COMPLETED,1,False,,b8942aaf-9266-456c-9fb3-f12bf1563480,0,0
b8942aaf-9266-456c-9fb3-f12bf1563480,https://pfrda.org.in/schemes/national-pension-system/unified-pension-scheme,URL,COMPLETED,2,False,fdc2c7ee-ab3b-406f-866e-594f4152197e,b07a38b1-6309-4785-af62-137377b7d000,0,0
452fba8f-583d-4faf-8f00-c3adbee8be40,https://pfrda.org.in/schemes/national-pension-system/unified-pension-scheme,URL,COMPLETED,4,False,b07a38b1-6309-4785-af62-137377b7d000,3efe260e-1a59-4692-a95d-012dcdc3ad1c,0,0
3efe260e-1a59-4692-a95d-012dcdc3ad1c,https://pfrda.org.in/schemes/national-pension-system/unified-pension-scheme,URL,COMPLETED,5,False,452fba8f-583d-4faf-8f00-c3adbee8be40,,0,0
b07a38b1-6309-4785-af62-137377b7d000,https://pfrda.org.in/schemes/national-pension-system/unified-pension-scheme,URL,COMPLETED,3,False,b8942aaf-9266-456c-9fb3-f12bf1563480,452fba8f-583d-4faf-8f00-c3adbee8be40,0,0
75c66d7c-aeb1-4134-98e9-6b341bb84ed5,https://pfrda.org.in/statistics,URL,COMPLETED,1,False,,,0,0
8c5e5446-6d90-486f-b253-178528d6251e,https://pfrda.org.in/subscription,URL,COMPLETED,2,False,6e8ccda2-ecf4-4874-aa7b-ce038c7f3953,ae002ed5-2490-4b7f-9331-253f6e33068a,0,0
6e8ccda2-ecf4-4874-aa7b-ce038c7f3953,https://pfrda.org.in/subscription,URL,COMPLETED,1,False,,8c5e5446-6d90-486f-b253-178528d6251e,0,0
ae002ed5-2490-4b7f-9331-253f6e33068a,https://pfrda.org.in/subscription,URL,COMPLETED,3,False,8c5e5446-6d90-486f-b253-178528d6251e,,0,0
a789cf21-3834-498f-a3f1-3828de9cbc10,https://pfrda.org.in/survey,URL,COMPLETED,3,False,63d1b02c-15b9-4a77-a15a-72400bc45f0c,,0,0
74c3fcd4-bb37-4112-abcd-96c6502ef772,https://pfrda.org.in/survey,URL,COMPLETED,1,False,,63d1b02c-15b9-4a77-a15a-72400bc45f0c,0,0
63d1b02c-15b9-4a77-a15a-72400bc45f0c,https://pfrda.org.in/survey,URL,COMPLETED,2,False,74c3fcd4-bb37-4112-abcd-96c6502ef772,a789cf21-3834-498f-a3f1-3828de9cbc10,0,0
e1645a88-53e8-412f-a132-806c232fb432,https://pfrda.org.in/test2,URL,COMPLETED,4,False,89621fc5-6307-4553-8b07-e547571c9307,,0,0
378ab82f-1932-4a9e-9d50-47e26ba72456,https://pfrda.org.in/test2,URL,COMPLETED,2,False,01f810b4-e2fb-4a57-8183-f3eb95fd1e86,89621fc5-6307-4553-8b07-e547571c9307,0,0
89621fc5-6307-4553-8b07-e547571c9307,https://pfrda.org.in/test2,URL,COMPLETED,3,False,378ab82f-1932-4a9e-9d50-47e26ba72456,e1645a88-53e8-412f-a132-806c232fb432,0,0
01f810b4-e2fb-4a57-8183-f3eb95fd1e86,https://pfrda.org.in/test2,URL,COMPLETED,1,False,,378ab82f-1932-4a9e-9d50-47e26ba72456,0,0
14af67c5-4bc5-49e3-a8d8-fd67e8ccb154,https://pfrda.org.in/w/atal-pension-yojana-apy-crosses-historic-milestone-gross-enrolments-surpass-9-crore,URL,COMPLETED,2,False,970ce8b6-0947-4e12-8c95-70a6e3833d3b,,0,0
970ce8b6-0947-4e12-8c95-70a6e3833d3b,https://pfrda.org.in/w/atal-pension-yojana-apy-crosses-historic-milestone-gross-enrolments-surpass-9-crore,URL,COMPLETED,1,False,,14af67c5-4bc5-49e3-a8d8-fd67e8ccb154,0,0
675b4f24-c38b-4e60-a78b-49c11e51a7f7,https://pfrda.org.in/w/atal-pension-yojana-apy-crosses-historic-milestone-gross-enrolments-surpass-9-crore?p_l_back_url=%2Fweb%2Fpfrda%2Fmedia%2Fpress-releases&p_l_back_url_title=Press+Releases,URL,COMPLETED,1,False,,,0,0
179a755c-9b55-48bf-8608-ed7aaf67b6e8,https://pfrda.org.in/w/cabinet-approves-continuation-of-atal-pension-yojana-apy-and-extension-of-funding-support-for-promotional-and-developmental-activities-and-gap-funding-till-2030-31-copy-?p_l_back_url=%2Fweb%2Fpfrda%2Fmedia%2Fpress-releases&p_l_back_url_title=Press+Releases,URL,COMPLETED,1,False,,,0,0
979e8c00-947e-4a75-b8c7-6f74dd05e64d,https://pfrda.org.in/w/cabinet-approves-continuation-of-atal-pension-yojana-apy-and-extension-of-funding-support-for-promotional-and-developmental-activities-and-gap-funding-till-2030-31?p_l_back_url=%2Fweb%2Fpfrda%2Fmedia%2Fpress-releases&p_l_back_url_title=Press+Releases,URL,COMPLETED,1,False,,,0,0
b05c656c-eb7e-4edd-97c5-845608f1124c,https://pfrda.org.in/web,URL,COMPLETED,3,False,aa719ada-00a2-40dc-afd8-73cddd2853b5,,0,0
4a21828e-30d4-483d-849b-96ccb99f1949,https://pfrda.org.in/web,URL,COMPLETED,1,False,,aa719ada-00a2-40dc-afd8-73cddd2853b5,0,0
aa719ada-00a2-40dc-afd8-73cddd2853b5,https://pfrda.org.in/web,URL,COMPLETED,2,False,4a21828e-30d4-483d-849b-96ccb99f1949,b05c656c-eb7e-4edd-97c5-845608f1124c,0,0
ae3de24a-f9ce-4ad7-b8e3-83761325094b,https://pfrda.org.in/web-information-manager,URL,COMPLETED,1,False,,88eb25d7-2fcd-4986-bcd7-74c8a88eae01,0,0
21260790-93f5-41d6-8761-431b2c3002a5,https://pfrda.org.in/web-information-manager,URL,COMPLETED,3,False,88eb25d7-2fcd-4986-bcd7-74c8a88eae01,,0,0
88eb25d7-2fcd-4986-bcd7-74c8a88eae01,https://pfrda.org.in/web-information-manager,URL,COMPLETED,2,False,ae3de24a-f9ce-4ad7-b8e3-83761325094b,21260790-93f5-41d6-8761-431b2c3002a5,0,0
42a4e6e1-d855-4669-9b01-5257995ed3a4,https://pfrda.org.in/web/pfrda/d/format-for-raising-appeal-to-ombudsman-for-resolution-of-grievances-under-national-pension-system-nps-atal-pension-yojana-apy-,URL,COMPLETED,1,False,,,0,0
f8e52832-6afb-42e3-abda-4c9920cc4fc4,https://pfrda.org.in/web/pfrda/policies/privacy-policy,URL,COMPLETED,1,False,,f624af0e-4965-4f13-9093-fce7694077d5,0,0
f624af0e-4965-4f13-9093-fce7694077d5,https://pfrda.org.in/web/pfrda/policies/privacy-policy,URL,COMPLETED,2,False,f8e52832-6afb-42e3-abda-4c9920cc4fc4,40d628ef-393d-42c4-b9bc-07e5a4b8dc0a,0,0
40d628ef-393d-42c4-b9bc-07e5a4b8dc0a,https://pfrda.org.in/web/pfrda/policies/privacy-policy,URL,COMPLETED,3,False,f624af0e-4965-4f13-9093-fce7694077d5,,0,0
17576a5f-1b20-4576-af82-7e215b2d7fb3,https://pfrda.org.in/w/financial-intelligence-unit-india-and-pension-fund-regulatory-and-development-authority-sign-mou-to-combat-money-laundering-and-financial-crimes?p_l_back_url=%2Fweb%2Fpfrda%2Fmedia%2Fpress-releases&p_l_back_url_title=Press+Releases,URL,COMPLETED,1,False,,,0,0
4ca58672-82b9-40e6-8c75-83d84921eb97,https://pfrda.org.in/w/government-extends-additional-nps-investment-choices-to-employees-of-central-autonomous-bodies-cabs-,URL,COMPLETED,1,False,,818340dc-abe3-4b04-a6ac-b05bf58d6e4d,0,0
818340dc-abe3-4b04-a6ac-b05bf58d6e4d,https://pfrda.org.in/w/government-extends-additional-nps-investment-choices-to-employees-of-central-autonomous-bodies-cabs-,URL,COMPLETED,2,False,4ca58672-82b9-40e6-8c75-83d84921eb97,,0,0
25142a11-8fcf-45db-a402-969166c9a66f,https://pfrda.org.in/w/government-extends-additional-nps-investment-choices-to-employees-of-central-autonomous-bodies-cabs-?p_l_back_url=%2Fweb%2Fpfrda%2Fmedia%2Fpress-releases&p_l_back_url_title=Press+Releases,URL,COMPLETED,1,False,,,0,0
ba86d03a-2b58-4657-8f35-3615e582d872,https://pfrda.org.in/w/nps-assets-under-multiple-scheme-framework-msf-nearing-150-cr?p_l_back_url=%2Fweb%2Fpfrda%2Fmedia%2Fpress-releases&p_l_back_url_title=Press+Releases,URL,COMPLETED,1,False,,,0,0
8db7109a-3d66-4bd2-bfca-68b73addea47,https://pfrda.org.in/w/online-apy-awareness-program-august-2026-malayalam-1,URL,COMPLETED,1,False,,,0,0
ee8c4df1-0232-4d51-9ae2-2df1193eb30e,https://pfrda.org.in/w/online-apy-awareness-program-september-2026-tamil-1,URL,COMPLETED,1,False,,,0,0
9840b4b0-a08c-4f35-b7f6-1c2114b7011a,https://pfrda.org.in/w/online-nps-sanchay-awareness-session-august-2026-hindi-8,URL,COMPLETED,1,False,,,0,0
6e788c50-8f85-402f-9e86-0b0f394051ad,https://pfrda.org.in/w/online-nps-sanchay-awareness-session-august-2026-hindi-9,URL,COMPLETED,1,False,,,0,0
daf3ce90-2155-4d81-8461-f397bcf6a5f9,https://pfrda.org.in/w/online-nps-sanchay-awareness-session-august-2026-marathi-,URL,COMPLETED,1,False,,,0,0
09895a32-817f-4709-ae72-205138de7040,https://pfrda.org.in/w/online-nps-sanchay-awareness-session-august-2026-punjabi-,URL,COMPLETED,1,False,,,0,0
236d2772-f440-4c26-8bc3-d614e0f596e2,https://pfrda.org.in/w/online-nps-sanchay-awareness-session-september-2026-hindi-7,URL,COMPLETED,1,False,,,0,0
e09b1849-cc43-4c02-99be-ff68bed0e48f,https://pfrda.org.in/w/pfrda-announces-expert-committee-to-develop-framework-for-assured-payouts-under-national-pension-system-nps-?p_l_back_url=%2Fweb%2Fpfrda%2Fmedia%2Fpress-releases&p_l_back_url_title=Press+Releases,URL,COMPLETED,1,False,,,0,0
1346e239-e8bb-4b7d-b5df-a05a732fc03b,https://pfrda.org.in/w/pfrda-launches-ai-powered-pfrda-pension-sahayak-portal-to-transform-pension-grievance-redressal-1,URL,COMPLETED,2,False,78510304-fb83-43f5-8aa4-b2d21ac5f1e8,,0,0
78510304-fb83-43f5-8aa4-b2d21ac5f1e8,https://pfrda.org.in/w/pfrda-launches-ai-powered-pfrda-pension-sahayak-portal-to-transform-pension-grievance-redressal-1,URL,COMPLETED,1,False,,1346e239-e8bb-4b7d-b5df-a05a732fc03b,0,0
8364a1ad-30ce-4310-8ac4-62ba030678d7,https://pfrda.org.in/w/pfrda-launches-ai-powered-pfrda-pension-sahayak-portal-to-transform-pension-grievance-redressal-1?p_l_back_url=%2Fweb%2Fpfrda%2Fmedia%2Fpress-releases&p_l_back_url_title=Press+Releases,URL,COMPLETED,1,False,,,0,0
411a4efd-761e-4580-a29a-3257390a525d,https://pfrda.org.in/w/pre-bid-responses-bilingual-engagement-of-training-agency-for-subscriber-awareness-education-and-training-for-stakeholders-on-nps-sanchay,URL,COMPLETED,1,False,,,0,0
70de8687-b8e7-41b2-9982-74a3027cc274,https://pfrda.org.in/w/pre-bid-responses-engagement-of-training-agency-for-subscriber-awareness-education-and-training-for-stakeholders-on-nps-sanchay-copy-1-,URL,COMPLETED,1,False,,,0,0
034f0aca-b342-4cb0-a042-58eedc970080,https://pfrda.org.in/w/press-release-on-apy-annual-felicitation-program-of-fy-2025-26,URL,COMPLETED,2,False,51724048-9dad-4922-8cb8-c845961690ad,,0,0
51724048-9dad-4922-8cb8-c845961690ad,https://pfrda.org.in/w/press-release-on-apy-annual-felicitation-program-of-fy-2025-26,URL,COMPLETED,1,False,,034f0aca-b342-4cb0-a042-58eedc970080,0,0
16aa38ce-6565-4515-8c7d-c0b340a5cbea,https://pfrda.org.in/w/press-release-on-apy-annual-felicitation-program-of-fy-2025-26?p_l_back_url=%2Fweb%2Fpfrda%2Fmedia%2Fpress-releases&p_l_back_url_title=Press+Releases,URL,COMPLETED,1,False,,,0,0
7c1a4d68-2a33-4dfa-897f-fd37fb292c84,https://pfrda.org.in/w/press-release-pfrda-sets-up-ascend-panel-to-bridge-global-pension-funds-with-indian-pension-funds-of-nps,URL,COMPLETED,1,False,,,0,0
bdaafb4e-4e22-417e-8fcb-6ec31ad27280,https://pfrda.org.in/w/press-release-pfrda-sets-up-ascend-panel-to-bridge-global-pension-funds-with-indian-pension-funds-of-nps?p_l_back_url=%2Fweb%2Fpfrda%2Fmedia%2Fpress-releases&p_l_back_url_title=Press+Releases,URL,COMPLETED,1,False,,,0,0
4bc9663b-a6ed-4c73-aef9-8fe8301f8e28,https://pfrda.org.in/w/tender-document-hindi-request-for-proposal-rfp-for-engagement-of-training-agency-ies-for-subscriber-awareness-education-and-training-for-stakeholders-on-nps-sanchay,URL,COMPLETED,1,False,,,0,0
f730649a-d834-4cb8-8e40-dda21af8727a,https://pfrda.org.in/w/tender-document-request-for-proposal-rfp-for-engagement-of-training-agency-ies-for-subscriber-awareness-education-and-training-for-stakeholders-on-nps-sanchay,URL,COMPLETED,1,False,,,0,0
fb35e121-cf31-46ee-84d4-6ad62d81184d,https://pfrda.org.in/w/tender-document-_sitc_network_equipment_mumbai_office,URL,COMPLETED,1,False,,,0,0
dbeaec9e-5acf-4547-9ab6-e90e5226f6f4,https://www.npstrust.org.in/,URL,COMPLETED,2,False,7319e606-803f-424e-8560-fc37bc31573a,,0,0
7319e606-803f-424e-8560-fc37bc31573a,https://www.npstrust.org.in/,URL,COMPLETED,1,False,,dbeaec9e-5acf-4547-9ab6-e90e5226f6f4,0,0
92a8cf19-b657-431d-b921-f6817bf51c10,https://www.pfrda.org.in/,URL,COMPLETED,8,True,2cbdad6e-2a61-4d15-9380-5ef9f3efefe7,,1286,1286
2e6a30be-24f4-4eb8-bd65-71ae629b90c2,https://www.pfrda.org.in/,URL,COMPLETED,4,True,9d0578d2-3869-4b9d-bfe2-6bc6b0cbf604,ab86c801-a74f-4a92-8983-9d004a42b48d,1670,1670
2cbdad6e-2a61-4d15-9380-5ef9f3efefe7,https://www.pfrda.org.in/,URL,COMPLETED,7,True,0beae96b-d19e-4e7b-8d16-1812f7d1ceea,92a8cf19-b657-431d-b921-f6817bf51c10,1150,1150
fcda678d-9a78-4a07-b0bd-c065fe38eaae,https://www.pfrda.org.in/,URL,COMPLETED,1,True,,a792a49b-513f-4b72-b3e8-9b9e1fd3042a,2820,2820
a792a49b-513f-4b72-b3e8-9b9e1fd3042a,https://www.pfrda.org.in/,URL,COMPLETED,2,True,fcda678d-9a78-4a07-b0bd-c065fe38eaae,9d0578d2-3869-4b9d-bfe2-6bc6b0cbf604,1624,1624
ab86c801-a74f-4a92-8983-9d004a42b48d,https://www.pfrda.org.in/,URL,COMPLETED,5,True,2e6a30be-24f4-4eb8-bd65-71ae629b90c2,0beae96b-d19e-4e7b-8d16-1812f7d1ceea,1180,1180
9d0578d2-3869-4b9d-bfe2-6bc6b0cbf604,https://www.pfrda.org.in/,URL,COMPLETED,3,True,a792a49b-513f-4b72-b3e8-9b9e1fd3042a,2e6a30be-24f4-4eb8-bd65-71ae629b90c2,1052,1052
0beae96b-d19e-4e7b-8d16-1812f7d1ceea,https://www.pfrda.org.in/,URL,COMPLETED,6,True,ab86c801-a74f-4a92-8983-9d004a42b48d,2cbdad6e-2a61-4d15-9380-5ef9f3efefe7,1197,1197
76be5aae-3d9a-42cf-b2d4-c5ab4f1ca5bc,https://www.pfrda.org.in/about-nps1,URL,COMPLETED,1,False,,,0,0
0f94ff1a-66d3-4511-b075-e8d5e837d93d,https://www.pfrda.org.in/about-us,URL,COMPLETED,1,False,,,0,0
4bdbcba6-794d-48aa-ad61-0b281d7a884e,https://www.pfrda.org.in/about-us/authority/about-authority,URL,COMPLETED,1,False,,,0,0
c380e3d4-ab24-4d0e-8652-d0b4def463d3,https://www.pfrda.org.in/about-us/authority/meeting-minutes,URL,COMPLETED,3,False,74bfc6ef-3ff7-419d-bf41-c2794c616805,,0,0
93f082a5-1de7-40ca-9ece-5f6d56b5f443,https://www.pfrda.org.in/about-us/authority/meeting-minutes,URL,COMPLETED,1,False,,74bfc6ef-3ff7-419d-bf41-c2794c616805,0,0
74bfc6ef-3ff7-419d-bf41-c2794c616805,https://www.pfrda.org.in/about-us/authority/meeting-minutes,URL,COMPLETED,2,False,93f082a5-1de7-40ca-9ece-5f6d56b5f443,c380e3d4-ab24-4d0e-8652-d0b4def463d3,0,0
86b1f358-a68d-4663-abcd-8e81ecb2cedf,https://www.pfrda.org.in/about-us/history,URL,COMPLETED,1,False,,,0,0
a5ba91bd-4012-4db9-9310-3e2ee4292346,https://www.pfrda.org.in/about-us/organization,URL,COMPLETED,1,False,,,0,0
06181d49-1e9d-4db8-ad6a-c066c5337be3,https://www.pfrda.org.in/about-us/organization/departments,URL,COMPLETED,1,False,,,0,0
5bf3dec8-15fb-44fc-a4c8-b674891cb85f,https://www.pfrda.org.in/about-us/organization/organogram,URL,COMPLETED,1,False,,,0,0
8ce1a89e-f50b-40a0-baef-7208835ea29f,https://www.pfrda.org.in/about-us/organization/reservation-roster,URL,COMPLETED,1,False,,,0,0
b299767b-851c-4d7d-a316-e5e352d026bd,https://www.pfrda.org.in/about-us/organization/staff-directory,URL,COMPLETED,1,False,,,0,0
08c6fcc7-6739-48c4-99a1-f4dcbdde2093,https://www.pfrda.org.in/archival,URL,COMPLETED,1,False,,,0,0
019ccd75-fdb7-4d07-808b-bd02d0382feb,https://www.pfrda.org.in/authority,URL,COMPLETED,1,False,,,0,0
947747af-6c51-459d-a71f-e8f857963d66,https://www.pfrda.org.in/chairperson-s-video,URL,COMPLETED,1,False,,,0,0
518265a3-c55d-4f9e-865a-54dca07a2c97,https://www.pfrda.org.in/compliance,URL,COMPLETED,1,False,,,0,0
cf6f9e31-4e05-4da9-9623-cc8e8af954a5,https://www.pfrda.org.in/compliance/accessibility,URL,COMPLETED,2,False,2769bde6-11f8-40fa-b382-f6f1a6653e03,73af7d15-c6ec-4aeb-bbe4-6b5676125fac,0,0
2769bde6-11f8-40fa-b382-f6f1a6653e03,https://www.pfrda.org.in/compliance/accessibility,URL,COMPLETED,1,False,,cf6f9e31-4e05-4da9-9623-cc8e8af954a5,0,0
73af7d15-c6ec-4aeb-bbe4-6b5676125fac,https://www.pfrda.org.in/compliance/accessibility,URL,COMPLETED,3,False,cf6f9e31-4e05-4da9-9623-cc8e8af954a5,,0,0
b0dd8090-be4f-43f1-9d07-70325efdb2b7,https://www.pfrda.org.in/compliance/grievance,URL,COMPLETED,4,False,61544543-5254-40a7-8051-5a2e2fd4ebbe,,0,0
3262828f-f79a-4289-926d-986e0ad0a705,https://www.pfrda.org.in/compliance/grievance,URL,COMPLETED,2,False,2d773bfa-aeeb-4fdb-b05c-66a1d78e06dc,61544543-5254-40a7-8051-5a2e2fd4ebbe,0,0
61544543-5254-40a7-8051-5a2e2fd4ebbe,https://www.pfrda.org.in/compliance/grievance,URL,COMPLETED,3,False,3262828f-f79a-4289-926d-986e0ad0a705,b0dd8090-be4f-43f1-9d07-70325efdb2b7,0,0
2d773bfa-aeeb-4fdb-b05c-66a1d78e06dc,https://www.pfrda.org.in/compliance/grievance,URL,COMPLETED,1,False,,3262828f-f79a-4289-926d-986e0ad0a705,0,0
5a5d9001-6fd8-43e0-973f-d4f28e9d3c0d,https://www.pfrda.org.in/compliance/posh,URL,COMPLETED,3,False,bee83615-c2a0-4f5b-ac4b-1211e77cfa33,,0,0
bee83615-c2a0-4f5b-ac4b-1211e77cfa33,https://www.pfrda.org.in/compliance/posh,URL,COMPLETED,2,False,1836a9a0-97c4-4c33-94ca-c52c4ee46db0,5a5d9001-6fd8-43e0-973f-d4f28e9d3c0d,0,0
1836a9a0-97c4-4c33-94ca-c52c4ee46db0,https://www.pfrda.org.in/compliance/posh,URL,COMPLETED,1,False,,bee83615-c2a0-4f5b-ac4b-1211e77cfa33,0,0
693e40d4-5c22-4274-a8d0-23ea1d645b47,https://www.pfrda.org.in/compliance/rajbhasha,URL,COMPLETED,3,False,5c70c8d3-b00a-4590-b68a-8de735222380,,0,0
5c70c8d3-b00a-4590-b68a-8de735222380,https://www.pfrda.org.in/compliance/rajbhasha,URL,COMPLETED,2,False,0aeab2c6-6e18-4c0c-afa4-22fd18ce57ea,693e40d4-5c22-4274-a8d0-23ea1d645b47,0,0
0aeab2c6-6e18-4c0c-afa4-22fd18ce57ea,https://www.pfrda.org.in/compliance/rajbhasha,URL,COMPLETED,1,False,,5c70c8d3-b00a-4590-b68a-8de735222380,0,0
500108de-dbab-4f5b-9ecf-aebd5eabb5a2,https://www.pfrda.org.in/compliance/rajbhasha/creative-writing,URL,COMPLETED,1,False,,,0,0
5852eadf-aae3-4842-a8be-a402ab372342,https://www.pfrda.org.in/compliance/rajbhasha/hindi-pakhwada,URL,COMPLETED,1,False,,,0,0
5967c4e5-1722-4c71-94a2-e75ef04f919f,https://www.pfrda.org.in/compliance/rajbhasha/workshops-and-events,URL,COMPLETED,1,False,,,0,0
0c5f8ea3-7726-4605-9874-c23d678e668b,https://www.pfrda.org.in/compliance/right-to-information,URL,COMPLETED,3,False,23f683a2-02a2-468c-9bb1-ba892db57c4c,,0,0
fd6f23b9-7ebe-4c99-8923-ea41b2878b91,https://www.pfrda.org.in/compliance/right-to-information,URL,COMPLETED,1,False,,23f683a2-02a2-468c-9bb1-ba892db57c4c,0,0
23f683a2-02a2-468c-9bb1-ba892db57c4c,https://www.pfrda.org.in/compliance/right-to-information,URL,COMPLETED,2,False,fd6f23b9-7ebe-4c99-8923-ea41b2878b91,0c5f8ea3-7726-4605-9874-c23d678e668b,0,0
914c9430-bac1-465d-bd0e-b12f0e9d2c5e,https://www.pfrda.org.in/compliance/vigilance,URL,COMPLETED,1,False,,a7184201-c94b-4eff-a15f-7e39df085722,0,0
a7184201-c94b-4eff-a15f-7e39df085722,https://www.pfrda.org.in/compliance/vigilance,URL,COMPLETED,2,False,914c9430-bac1-465d-bd0e-b12f0e9d2c5e,23ce6df2-a589-4f00-baca-acc1845437f1,0,0
23ce6df2-a589-4f00-baca-acc1845437f1,https://www.pfrda.org.in/compliance/vigilance,URL,COMPLETED,3,False,a7184201-c94b-4eff-a15f-7e39df085722,,0,0
361990ae-4f0e-4659-97a3-aee4e7e023e9,https://www.pfrda.org.in/compliance/vigilance/policy,URL,ERROR,1,False,,,0,0
c4e4abe2-7611-4acd-97ae-4e698964a90c,https://www.pfrda.org.in/consultation-papers,URL,COMPLETED,1,False,,,0,0
a937bda7-b143-4254-8418-40440981ff78,https://www.pfrda.org.in/contest,URL,COMPLETED,1,False,,,0,0
f6fdf8b6-94e7-422a-b65e-67b46299a39d,https://www.pfrda.org.in/contest21,URL,COMPLETED,1,False,,,0,0
7069df3f-d354-409e-a7f5-f2caeb50c5d4,https://www.pfrda.org.in/c/portal/update_language?groupId=33652&languageId=hi_IN&layoutId=135&privateLayout=false&redirect=%2Fweb%2Fpfrda%2Fabout-us%2Fauthority%2Fabout-authority,URL,COMPLETED,1,False,,,0,0
0bc94b96-2b43-4500-8a0a-18d755376e00,https://www.pfrda.org.in/c/portal/update_language?groupId=33652&languageId=hi_IN&layoutId=147&privateLayout=false&redirect=%2Fget-to-know%2Ftenders,URL,COMPLETED,1,False,,,0,0
7115f147-891a-41b6-9be3-b00dba9408e7,https://www.pfrda.org.in/c/portal/update_language?groupId=33652&languageId=hi_IN&layoutId=147&privateLayout=false&redirect=%2Fweb%2Fpfrda%2Fget-to-know%2Ftenders,URL,COMPLETED,1,False,,,0,0
d51403d8-9ea0-4e91-ae56-cd97e8ebf5ed,https://www.pfrda.org.in/c/portal/update_language?groupId=33652&languageId=hi_IN&layoutId=149&privateLayout=false&redirect=%2Ffaqs,URL,COMPLETED,1,False,,,0,0
2d31b1ca-04d6-4310-b080-42545146fc2b,https://www.pfrda.org.in/c/portal/update_language?groupId=33652&languageId=hi_IN&layoutId=176&privateLayout=false&redirect=%2Fweb%2Fpfrda%2Fterms-and-conditions,URL,COMPLETED,1,False,,,0,0
64f08688-e1cf-4619-906f-342387e8616b,https://www.pfrda.org.in/c/portal/update_language?groupId=33652&languageId=hi_IN&layoutId=182&privateLayout=false&redirect=%2Fweb%2Fpfrda%2Fdisclaimer,URL,COMPLETED,1,False,,,0,0
c9dfba6d-6f6a-4d16-8baf-13d21e371b12,https://www.pfrda.org.in/c/portal/update_language?groupId=33652&languageId=hi_IN&layoutId=186&privateLayout=false&redirect=%2Fcompliance%2Faccessibility,URL,COMPLETED,1,False,,,0,0
781c0e3a-a79e-42a4-9d67-5411d997a945,https://www.pfrda.org.in/c/portal/update_language?groupId=33652&languageId=hi_IN&layoutId=192&privateLayout=false&redirect=%2Fweb%2Fpfrda%2Fintermediaries%2Fregistered-intermediaries%2Fnps-trust,URL,COMPLETED,1,False,,,0,0
98291b1e-3d5c-40b3-ba5f-c2a5f3a70ade,https://www.pfrda.org.in/c/portal/update_language?groupId=33652&languageId=hi_IN&layoutId=194&privateLayout=false&redirect=%2Fweb%2Fpfrda%2Fintermediaries%2Fregistered-intermediaries%2Fcentral-record-keeping-agency,URL,COMPLETED,1,False,,,0,0
d2366f51-55e0-428c-a606-11c1d079db01,https://www.pfrda.org.in/c/portal/update_language?groupId=33652&languageId=hi_IN&layoutId=196&privateLayout=false&redirect=%2Fweb%2Fpfrda%2Fintermediaries%2Fregistered-intermediaries%2Fpension-funds,URL,COMPLETED,1,False,,,0,0
a2d11151-416b-4d2e-a68b-4d13aae05dc7,https://www.pfrda.org.in/c/portal/update_language?groupId=33652&languageId=hi_IN&layoutId=198&privateLayout=false&redirect=%2Fweb%2Fpfrda%2Fintermediaries%2Fregistered-intermediaries%2Ftrustee-banks,URL,COMPLETED,1,False,,,0,0
bb77d917-51d7-4ceb-a8a3-70531069fc64,https://www.pfrda.org.in/c/portal/update_language?groupId=33652&languageId=hi_IN&layoutId=200&privateLayout=false&redirect=%2Fweb%2Fpfrda%2Fintermediaries%2Fregistered-intermediaries%2Fcustodian,URL,COMPLETED,1,False,,,0,0
ad563fda-98cc-4509-94af-499434111443,https://www.pfrda.org.in/c/portal/update_language?groupId=33652&languageId=hi_IN&layoutId=202&privateLayout=false&redirect=%2Fweb%2Fpfrda%2Fintermediaries%2Fregistered-intermediaries%2Fpoint-of-presence,URL,COMPLETED,1,False,,,0,0
469c524e-0bff-48cc-84a6-ebbc36f73b60,https://www.pfrda.org.in/c/portal/update_language?groupId=33652&languageId=hi_IN&layoutId=206&privateLayout=false&redirect=%2Fget-to-know%2Fholidays,URL,COMPLETED,1,False,,,0,0
c96724d5-e68d-4f4e-a359-fb4024060b69,https://www.pfrda.org.in/c/portal/update_language?groupId=33652&languageId=hi_IN&layoutId=216&privateLayout=false&redirect=%2Fweb%2Fpfrda%2Fintermediaries%2Fempaneled-entities%2Fannuity-service-provider,URL,COMPLETED,1,False,,,0,0
2514eb2a-4399-40c8-917a-e640fc626306,https://www.pfrda.org.in/c/portal/update_language?groupId=33652&languageId=hi_IN&layoutId=241&privateLayout=false&redirect=%2Fcompliance%2Fvigilance,URL,COMPLETED,1,False,,,0,0
c1b48c5c-1395-48b2-9dc8-4b7e850f5c1c,https://www.pfrda.org.in/c/portal/update_language?groupId=33652&languageId=hi_IN&layoutId=251&privateLayout=false&redirect=%2Fweb%2Fpfrda%2Fhelp-support%2Fsitemap,URL,COMPLETED,1,False,,,0,0
dc3bf382-e956-4c2e-bfd0-8bdd5528ce07,https://www.pfrda.org.in/c/portal/update_language?groupId=33652&languageId=hi_IN&layoutId=284&privateLayout=false&redirect=%2Fweb%2Fpfrda%2Fregulatory-framework%2Fcirculars%2Factive-circulars,URL,COMPLETED,1,False,,,0,0
c96fdf0a-ac2e-4559-9c08-3757172c2bf1,https://www.pfrda.org.in/c/portal/update_language?groupId=33652&languageId=hi_IN&layoutId=300&privateLayout=false&redirect=%2Fw%2Fsame-day-investment-of-nps-contributions-received-by-trustee-bank-up-to-1-30-pm,URL,COMPLETED,1,False,,,0,0
09e4cbfa-8811-4a46-bca0-4b37e4c7c1d5,https://www.pfrda.org.in/c/portal/update_language?groupId=33652&languageId=hi_IN&layoutId=318&privateLayout=false&redirect=%2Fcompliance%2Frajbhasha,URL,COMPLETED,1,False,,,0,0
49788be3-c3bf-4db7-a2b4-78fb26b10ce9,https://www.pfrda.org.in/c/portal/update_language?groupId=33652&languageId=hi_IN&layoutId=339&privateLayout=false&redirect=%2Fw%2Fpre-bid-responses-engagement-of-training-agency-for-subscriber-awareness-education-and-training-for-stakeholders-on-nps-sanchay-copy-1-,URL,COMPLETED,1,False,,,0,0
baade3e3-ab5d-4210-8e2e-70f35d21cfa5,https://www.pfrda.org.in/c/portal/update_language?groupId=33652&languageId=hi_IN&layoutId=339&privateLayout=false&redirect=%2Fw%2Ftender-document-hindi-request-for-proposal-rfp-for-engagement-of-training-agency-ies-for-subscriber-awareness-education-and-training-for-stakeholders-on-nps-sanchay,URL,COMPLETED,1,False,,,0,0
a672e50c-e34b-4ef1-aeb7-9d6bcb8beeca,https://www.pfrda.org.in/c/portal/update_language?groupId=33652&languageId=hi_IN&layoutId=339&privateLayout=false&redirect=%2Fw%2Ftender-document-request-for-proposal-rfp-for-engagement-of-training-agency-ies-for-subscriber-awareness-education-and-training-for-stakeholders-on-nps-sanchay,URL,COMPLETED,1,False,,,0,0
4cc94c7a-9db3-478e-a7dd-c6821656a88e,https://www.pfrda.org.in/c/portal/update_language?groupId=33652&languageId=hi_IN&layoutId=339&privateLayout=false&redirect=%2Fw%2Ftender-document-_sitc_network_equipment_mumbai_office,URL,COMPLETED,1,False,,,0,0
9148ef83-8c85-4d74-b186-96feafb71bda,https://www.pfrda.org.in/c/portal/update_language?groupId=33652&languageId=hi_IN&layoutId=33&privateLayout=false&redirect=%2Fweb%2Fpfrda%2Fget-to-know%2Fwebsite-policies%2Fprivacy-policy,URL,COMPLETED,1,False,,,0,0
147ed2ef-047d-492f-b8d0-42e9de465d32,https://www.pfrda.org.in/c/portal/update_language?groupId=33652&languageId=hi_IN&layoutId=343&privateLayout=false&redirect=%2Fget-to-know%2Fpension-cyber-spotlight,URL,COMPLETED,1,False,,,0,0
f80c7f5a-9a47-49f0-b83f-7e5716bc942c,https://www.pfrda.org.in/c/portal/update_language?groupId=33652&languageId=hi_IN&layoutId=345&privateLayout=false&redirect=%2Fforms,URL,COMPLETED,1,False,,,0,0
f792e003-6712-42ec-9d1c-fe9a233a21cb,https://www.pfrda.org.in/c/portal/update_language?groupId=33652&languageId=hi_IN&layoutId=347&privateLayout=false&redirect=%2Fget-to-know%2Fcareers,URL,COMPLETED,1,False,,,0,0
0385bd9b-d06d-44fa-ac14-6a6cd8bc30c4,https://www.pfrda.org.in/c/portal/update_language?groupId=33652&languageId=hi_IN&layoutId=349&privateLayout=false&redirect=%2Fcompliance%2Fposh,URL,COMPLETED,1,False,,,0,0
fc1ffbf7-bbab-4f2a-b73b-8d5926998c8a,https://www.pfrda.org.in/c/portal/update_language?groupId=33652&languageId=hi_IN&layoutId=351&privateLayout=false&redirect=%2Fw%2Fonline-apy-awareness-program-august-2026-malayalam-1,URL,COMPLETED,1,False,,,0,0
bec93ce8-6af7-4061-a575-4360f381949b,https://www.pfrda.org.in/c/portal/update_language?groupId=33652&languageId=hi_IN&layoutId=351&privateLayout=false&redirect=%2Fw%2Fonline-nps-sanchay-awareness-session-august-2026-hindi-8,URL,COMPLETED,1,False,,,0,0
c99ba554-bf18-4c83-a727-29b20c41970f,https://www.pfrda.org.in/c/portal/update_language?groupId=33652&languageId=hi_IN&layoutId=351&privateLayout=false&redirect=%2Fw%2Fonline-nps-sanchay-awareness-session-august-2026-hindi-9,URL,COMPLETED,1,False,,,0,0
523874e5-c42c-4d60-85c3-a51b8fa469e3,https://www.pfrda.org.in/c/portal/update_language?groupId=33652&languageId=hi_IN&layoutId=351&privateLayout=false&redirect=%2Fw%2Fonline-nps-sanchay-awareness-session-august-2026-marathi-,URL,COMPLETED,1,False,,,0,0
1edb3161-bced-453b-aee7-85a80de297d9,https://www.pfrda.org.in/c/portal/update_language?groupId=33652&languageId=hi_IN&layoutId=351&privateLayout=false&redirect=%2Fw%2Fonline-nps-sanchay-awareness-session-august-2026-punjabi-,URL,COMPLETED,1,False,,,0,0
d13c413c-f6c0-4f95-a129-ac5debe279ef,https://www.pfrda.org.in/c/portal/update_language?groupId=33652&languageId=hi_IN&layoutId=353&privateLayout=false&redirect=%2Fweb%2Fpfrda%2Ffinancial-literacy%2Ftrainings,URL,COMPLETED,1,False,,,0,0
f5216286-7bf8-4f80-b3b6-0a04a5b96851,https://www.pfrda.org.in/c/portal/update_language?groupId=33652&languageId=hi_IN&layoutId=403&privateLayout=false&redirect=%2Ffeedback,URL,COMPLETED,1,False,,,0,0
f8bce688-9694-422e-9381-de72cc3e5198,https://www.pfrda.org.in/c/portal/update_language?groupId=33652&languageId=hi_IN&layoutId=407&privateLayout=false&redirect=%2Fsubscription,URL,COMPLETED,1,False,,,0,0
a943538c-ff1a-4f6d-93ac-fd62049d285b,https://www.pfrda.org.in/c/portal/update_language?groupId=33652&languageId=hi_IN&layoutId=412&privateLayout=false&redirect=%2F,URL,COMPLETED,2,False,765dde89-affe-4151-93fa-b85984c3b6e7,ecea7196-78e3-4274-bd49-e0cc587ef2ba,0,0
d9e84579-509f-4131-adff-73b999a57ebd,https://www.pfrda.org.in/c/portal/update_language?groupId=33652&languageId=hi_IN&layoutId=412&privateLayout=false&redirect=%2F,URL,COMPLETED,4,False,ecea7196-78e3-4274-bd49-e0cc587ef2ba,15b9bfe4-7e16-473c-91a7-f74d9fc15264,0,0
c334299d-9fe6-4bb6-99b1-c28dabc06351,https://www.pfrda.org.in/c/portal/update_language?groupId=33652&languageId=hi_IN&layoutId=412&privateLayout=false&redirect=%2F,URL,COMPLETED,6,False,15b9bfe4-7e16-473c-91a7-f74d9fc15264,,0,0
ecea7196-78e3-4274-bd49-e0cc587ef2ba,https://www.pfrda.org.in/c/portal/update_language?groupId=33652&languageId=hi_IN&layoutId=412&privateLayout=false&redirect=%2F,URL,COMPLETED,3,False,a943538c-ff1a-4f6d-93ac-fd62049d285b,d9e84579-509f-4131-adff-73b999a57ebd,0,0
765dde89-affe-4151-93fa-b85984c3b6e7,https://www.pfrda.org.in/c/portal/update_language?groupId=33652&languageId=hi_IN&layoutId=412&privateLayout=false&redirect=%2F,URL,COMPLETED,1,False,,a943538c-ff1a-4f6d-93ac-fd62049d285b,0,0
15b9bfe4-7e16-473c-91a7-f74d9fc15264,https://www.pfrda.org.in/c/portal/update_language?groupId=33652&languageId=hi_IN&layoutId=412&privateLayout=false&redirect=%2F,URL,COMPLETED,5,False,d9e84579-509f-4131-adff-73b999a57ebd,c334299d-9fe6-4bb6-99b1-c28dabc06351,0,0
d96c5238-e126-490c-8f41-1ab59776da62,https://www.pfrda.org.in/c/portal/update_language?groupId=33652&languageId=hi_IN&layoutId=412&privateLayout=false&redirect=%2Fhome,URL,COMPLETED,2,False,778db235-3547-4c17-a81d-b19877b5fe38,434b0dc1-9836-4326-8059-df7c14399d3e,0,0
778db235-3547-4c17-a81d-b19877b5fe38,https://www.pfrda.org.in/c/portal/update_language?groupId=33652&languageId=hi_IN&layoutId=412&privateLayout=false&redirect=%2Fhome,URL,COMPLETED,1,False,,d96c5238-e126-490c-8f41-1ab59776da62,0,0
0745eb2f-fb9e-40ee-a0ad-8f7991ea4ce1,https://www.pfrda.org.in/c/portal/update_language?groupId=33652&languageId=hi_IN&layoutId=412&privateLayout=false&redirect=%2Fhome,URL,COMPLETED,4,False,434b0dc1-9836-4326-8059-df7c14399d3e,b61b2b1e-8e31-48f7-88d4-c5ab32b8695a,0,0
434b0dc1-9836-4326-8059-df7c14399d3e,https://www.pfrda.org.in/c/portal/update_language?groupId=33652&languageId=hi_IN&layoutId=412&privateLayout=false&redirect=%2Fhome,URL,COMPLETED,3,False,d96c5238-e126-490c-8f41-1ab59776da62,0745eb2f-fb9e-40ee-a0ad-8f7991ea4ce1,0,0
b61b2b1e-8e31-48f7-88d4-c5ab32b8695a,https://www.pfrda.org.in/c/portal/update_language?groupId=33652&languageId=hi_IN&layoutId=412&privateLayout=false&redirect=%2Fhome,URL,COMPLETED,5,False,0745eb2f-fb9e-40ee-a0ad-8f7991ea4ce1,,0,0
7d65b5d9-6890-42b0-b46f-166c64044d37,https://www.pfrda.org.in/c/portal/update_language?groupId=33652&languageId=hi_IN&layoutId=412&privateLayout=false&redirect=%2Fweb%2Fpfrda,URL,COMPLETED,2,False,ae1c7a24-38ce-408b-844c-835891c737f7,,0,0
ae1c7a24-38ce-408b-844c-835891c737f7,https://www.pfrda.org.in/c/portal/update_language?groupId=33652&languageId=hi_IN&layoutId=412&privateLayout=false&redirect=%2Fweb%2Fpfrda,URL,COMPLETED,1,False,,7d65b5d9-6890-42b0-b46f-166c64044d37,0,0
af4573df-3021-4cf6-bb37-35f67cda19dd,https://www.pfrda.org.in/c/portal/update_language?groupId=33652&languageId=hi_IN&layoutId=43&privateLayout=false&redirect=%2Fcompliance%2Fright-to-information,URL,COMPLETED,1,False,,,0,0
aacd0609-40c8-44e7-8945-6b69333ce1c5,https://www.pfrda.org.in/c/portal/update_language?groupId=33652&languageId=hi_IN&layoutId=441&privateLayout=false&redirect=%2Fsurvey,URL,COMPLETED,1,False,,,0,0
727c8cf6-5bb3-4495-b47d-29fc9edf53a7,https://www.pfrda.org.in/c/portal/update_language?groupId=33652&languageId=hi_IN&layoutId=443&privateLayout=false&redirect=%2Fglossary,URL,COMPLETED,1,False,,,0,0
21242de0-855c-46f2-87ab-f8fe5177a642,https://www.pfrda.org.in/c/portal/update_language?groupId=33652&languageId=hi_IN&layoutId=45&privateLayout=false&redirect=%2Fget-to-know%2Fwebsite-policies,URL,COMPLETED,1,False,,,0,0
25c3252a-12f1-4168-bdd6-48553a83f9d7,https://www.pfrda.org.in/c/portal/update_language?groupId=33652&languageId=hi_IN&layoutId=490&privateLayout=false&redirect=%2Fweb%2Fpfrda%2Frecent-updates,URL,COMPLETED,1,False,,f54eb291-094d-413f-9305-9c3958fca4f5,0,0
f54eb291-094d-413f-9305-9c3958fca4f5,https://www.pfrda.org.in/c/portal/update_language?groupId=33652&languageId=hi_IN&layoutId=490&privateLayout=false&redirect=%2Fweb%2Fpfrda%2Frecent-updates,URL,COMPLETED,2,False,25c3252a-12f1-4168-bdd6-48553a83f9d7,df78f255-f16a-4fd0-9da9-ad1bee96b02f,0,0
df78f255-f16a-4fd0-9da9-ad1bee96b02f,https://www.pfrda.org.in/c/portal/update_language?groupId=33652&languageId=hi_IN&layoutId=490&privateLayout=false&redirect=%2Fweb%2Fpfrda%2Frecent-updates,URL,COMPLETED,3,False,f54eb291-094d-413f-9305-9c3958fca4f5,598a4424-f8bf-4c7d-83ee-68cee5f5978f,0,0
598a4424-f8bf-4c7d-83ee-68cee5f5978f,https://www.pfrda.org.in/c/portal/update_language?groupId=33652&languageId=hi_IN&layoutId=490&privateLayout=false&redirect=%2Fweb%2Fpfrda%2Frecent-updates,URL,COMPLETED,4,False,df78f255-f16a-4fd0-9da9-ad1bee96b02f,f1271d3d-0f2a-4886-be5c-20692d0c1382,0,0
f1271d3d-0f2a-4886-be5c-20692d0c1382,https://www.pfrda.org.in/c/portal/update_language?groupId=33652&languageId=hi_IN&layoutId=490&privateLayout=false&redirect=%2Fweb%2Fpfrda%2Frecent-updates,URL,COMPLETED,5,False,598a4424-f8bf-4c7d-83ee-68cee5f5978f,,0,0
5da88090-6670-4aed-86a5-961cbfef1cf9,https://www.pfrda.org.in/c/portal/update_language?groupId=33652&languageId=hi_IN&layoutId=494&privateLayout=false&redirect=%2Fw%2Fcharge-structure-applicable-to-pops-for-all-schemes-under-nps-and-nps-lite,URL,COMPLETED,1,False,,,0,0
9f4ba442-797c-4555-906b-fdac73f8df2e,https://www.pfrda.org.in/c/portal/update_language?groupId=33652&languageId=hi_IN&layoutId=494&privateLayout=false&redirect=%2Fw%2Fcircular-extension-of-incentive-framework-under-national-pension-system-nps-nps-e-shramik-platform-service-partner-model-for-fy-2026-27,URL,COMPLETED,1,False,,,0,0
9b7f17e9-a455-4cb0-ad4f-8cf21b3b88d2,https://www.pfrda.org.in/c/portal/update_language?groupId=33652&languageId=hi_IN&layoutId=553&privateLayout=false&redirect=%2Fweb-information-manager,URL,COMPLETED,1,False,,,0,0
9f211a4b-ceb5-4af5-b2ac-b21d8c6803c2,https://www.pfrda.org.in/c/portal/update_language?groupId=33652&languageId=hi_IN&layoutId=57&privateLayout=false&redirect=%2Fhelp-support%2Fcontact-us,URL,COMPLETED,1,False,,,0,0
09be85bd-2914-4575-baf4-d3b379eb95cd,https://www.pfrda.org.in/c/portal/update_language?groupId=33652&languageId=hi_IN&layoutId=592&privateLayout=false&redirect=%2Funclaimed,URL,COMPLETED,1,False,,,0,0
a2aa4fee-bf4b-4d62-a637-e28a1d00ffe9,https://www.pfrda.org.in/c/portal/update_language?groupId=33652&languageId=hi_IN&layoutId=71&privateLayout=false&redirect=%2Fget-to-know%2Finvestor-charter-for-nps,URL,COMPLETED,1,False,,,0,0
d4bd54a7-966f-4ed0-9f45-afb9bdbc2803,https://www.pfrda.org.in/disclaimer,URL,COMPLETED,1,False,,,0,0
507a0e1d-b4a6-4693-874a-89d88370691a,https://www.pfrda.org.in/disclosures,URL,COMPLETED,1,False,,,0,0
c157c2c7-e158-4cde-a8c7-f08b4bab9c3c,https://www.pfrda.org.in/documents/33652/0/Directory+of+Officers+and+employee+Hindi+05042026+%281%29.pdf/e66e489e-7a82-9d84-3ced-27f81d0206e5?t=1776245194689,URL,ERROR,7,False,aa435c07-b126-42a6-a979-6e38b7c7aac7,,0,0
aa435c07-b126-42a6-a979-6e38b7c7aac7,https://www.pfrda.org.in/documents/33652/0/Directory+of+Officers+and+employee+Hindi+05042026+%281%29.pdf/e66e489e-7a82-9d84-3ced-27f81d0206e5?t=1776245194689,URL,ERROR,6,False,a2d87d09-fb96-4cbf-858a-0e9ffef4aeab,,0,0
c161fbb4-81c7-4ce2-9479-e1c4fd985ec4,https://www.pfrda.org.in/documents/33652/0/Directory+of+Officers+and+employee+Hindi+05042026+%281%29.pdf/e66e489e-7a82-9d84-3ced-27f81d0206e5?t=1776245194689,URL,ERROR,8,False,c157c2c7-e158-4cde-a8c7-f08b4bab9c3c,,0,0
66d7a5b7-db97-4e15-94b3-d8eaa0a0ecb8,https://www.pfrda.org.in/documents/33652/0/Directory+of+Officers+and+employee+Hindi+05042026+%281%29.pdf/e66e489e-7a82-9d84-3ced-27f81d0206e5?t=1776245194689,URL,ERROR,4,False,380e3176-f2fe-4ef7-8baf-2fd9cc378709,,0,0
15d2b461-80b3-4906-8d79-27a10c4227ff,https://www.pfrda.org.in/documents/33652/0/Directory+of+Officers+and+employee+Hindi+05042026+%281%29.pdf/e66e489e-7a82-9d84-3ced-27f81d0206e5?t=1776245194689,URL,ERROR,2,False,2aa0267a-7fa7-4acf-8711-fa9a7d39bd86,,0,0
2aa0267a-7fa7-4acf-8711-fa9a7d39bd86,https://www.pfrda.org.in/documents/33652/0/Directory+of+Officers+and+employee+Hindi+05042026+%281%29.pdf/e66e489e-7a82-9d84-3ced-27f81d0206e5?t=1776245194689,URL,ERROR,1,False,,,0,0
380e3176-f2fe-4ef7-8baf-2fd9cc378709,https://www.pfrda.org.in/documents/33652/0/Directory+of+Officers+and+employee+Hindi+05042026+%281%29.pdf/e66e489e-7a82-9d84-3ced-27f81d0206e5?t=1776245194689,URL,ERROR,3,False,15d2b461-80b3-4906-8d79-27a10c4227ff,,0,0
a2d87d09-fb96-4cbf-858a-0e9ffef4aeab,https://www.pfrda.org.in/documents/33652/0/Directory+of+Officers+and+employee+Hindi+05042026+%281%29.pdf/e66e489e-7a82-9d84-3ced-27f81d0206e5?t=1776245194689,URL,ERROR,5,False,66d7a5b7-db97-4e15-94b3-d8eaa0a0ecb8,,0,0
6a4a0db0-0f06-41af-afdd-f7d069d138d8,https://www.pfrda.org.in/documents/33652/0/Organization+chart+%28Diagrammatic%29-Hindi-Dec+2025.pdf/2583eae5-6113-fc35-c728-21db0beae394?t=1765779905950,URL,ERROR,7,False,744781f9-a586-49e4-a4e5-ac7e40235654,,0,0
64a3fe8f-c40f-4a62-b879-da5599233072,https://www.pfrda.org.in/documents/33652/0/Organization+chart+%28Diagrammatic%29-Hindi-Dec+2025.pdf/2583eae5-6113-fc35-c728-21db0beae394?t=1765779905950,URL,ERROR,4,False,ec5f8bd3-9892-4f95-a7a4-99e28dab5760,,0,0
744781f9-a586-49e4-a4e5-ac7e40235654,https://www.pfrda.org.in/documents/33652/0/Organization+chart+%28Diagrammatic%29-Hindi-Dec+2025.pdf/2583eae5-6113-fc35-c728-21db0beae394?t=1765779905950,URL,ERROR,6,False,392e3f1a-021c-469a-9524-c39ae13f7deb,,0,0
392e3f1a-021c-469a-9524-c39ae13f7deb,https://www.pfrda.org.in/documents/33652/0/Organization+chart+%28Diagrammatic%29-Hindi-Dec+2025.pdf/2583eae5-6113-fc35-c728-21db0beae394?t=1765779905950,URL,ERROR,5,False,64a3fe8f-c40f-4a62-b879-da5599233072,,0,0
ec5f8bd3-9892-4f95-a7a4-99e28dab5760,https://www.pfrda.org.in/documents/33652/0/Organization+chart+%28Diagrammatic%29-Hindi-Dec+2025.pdf/2583eae5-6113-fc35-c728-21db0beae394?t=1765779905950,URL,ERROR,3,False,1512ce72-3d5c-4ed6-ae79-3054929f49a8,,0,0
1512ce72-3d5c-4ed6-ae79-3054929f49a8,https://www.pfrda.org.in/documents/33652/0/Organization+chart+%28Diagrammatic%29-Hindi-Dec+2025.pdf/2583eae5-6113-fc35-c728-21db0beae394?t=1765779905950,URL,ERROR,2,False,883fd712-31d5-46cd-bfc6-c48a7064f917,,0,0
07d0edda-1ec1-40ba-8367-c4d0005b432b,https://www.pfrda.org.in/documents/33652/0/Organization+chart+%28Diagrammatic%29-Hindi-Dec+2025.pdf/2583eae5-6113-fc35-c728-21db0beae394?t=1765779905950,URL,ERROR,8,False,6a4a0db0-0f06-41af-afdd-f7d069d138d8,,0,0
883fd712-31d5-46cd-bfc6-c48a7064f917,https://www.pfrda.org.in/documents/33652/0/Organization+chart+%28Diagrammatic%29-Hindi-Dec+2025.pdf/2583eae5-6113-fc35-c728-21db0beae394?t=1765779905950,URL,ERROR,1,False,,,0,0
d98df187-5e50-4a65-9cf4-f8bc0801e5ad,https://www.pfrda.org.in/documents/33652/0/PFRDA_Website_banner_compressed.pdf/1002ca25-9432-1be2-7b4c-37c661bc8a03?t=1758743277620,URL,ERROR,7,False,c36e438e-e34a-489d-963e-76cb92e1c640,,0,0
7874dcd5-934d-4102-9808-04e95735c8a1,https://www.pfrda.org.in/documents/33652/0/PFRDA_Website_banner_compressed.pdf/1002ca25-9432-1be2-7b4c-37c661bc8a03?t=1758743277620,URL,ERROR,3,False,7dbc5525-97d1-4e46-850a-a0140300c078,,0,0
c0736ce5-28dd-4bc0-9ce6-646d9c82c85f,https://www.pfrda.org.in/documents/33652/0/PFRDA_Website_banner_compressed.pdf/1002ca25-9432-1be2-7b4c-37c661bc8a03?t=1758743277620,URL,ERROR,5,False,06c43110-34f6-4fb5-b13b-341839bd9a08,,0,0
7dbc5525-97d1-4e46-850a-a0140300c078,https://www.pfrda.org.in/documents/33652/0/PFRDA_Website_banner_compressed.pdf/1002ca25-9432-1be2-7b4c-37c661bc8a03?t=1758743277620,URL,ERROR,2,False,794642ab-6463-4fbc-98f3-04d977c7cee2,,0,0
06c43110-34f6-4fb5-b13b-341839bd9a08,https://www.pfrda.org.in/documents/33652/0/PFRDA_Website_banner_compressed.pdf/1002ca25-9432-1be2-7b4c-37c661bc8a03?t=1758743277620,URL,ERROR,4,False,7874dcd5-934d-4102-9808-04e95735c8a1,,0,0
c36e438e-e34a-489d-963e-76cb92e1c640,https://www.pfrda.org.in/documents/33652/0/PFRDA_Website_banner_compressed.pdf/1002ca25-9432-1be2-7b4c-37c661bc8a03?t=1758743277620,URL,ERROR,6,False,c0736ce5-28dd-4bc0-9ce6-646d9c82c85f,,0,0
91c3c4eb-39ec-4cf2-be55-fcdf599b75fe,https://www.pfrda.org.in/documents/33652/0/PFRDA_Website_banner_compressed.pdf/1002ca25-9432-1be2-7b4c-37c661bc8a03?t=1758743277620,URL,ERROR,8,False,d98df187-5e50-4a65-9cf4-f8bc0801e5ad,,0,0
794642ab-6463-4fbc-98f3-04d977c7cee2,https://www.pfrda.org.in/documents/33652/0/PFRDA_Website_banner_compressed.pdf/1002ca25-9432-1be2-7b4c-37c661bc8a03?t=1758743277620,URL,ERROR,1,False,,,0,0
b70664bf-a0bd-4397-ad1f-4174308d8f23,https://www.pfrda.org.in/documents/33652/202494/A10_state_wise_and_gender_wise.xlsx?v=1.18,URL,ERROR,1,False,,,0,0
98fd3d90-bc6f-4201-96da-ad7557bebad9,https://www.pfrda.org.in/documents/33652/202494/A10_state_wise_and_gender_wise.xlsx?v=1.30,URL,ERROR,1,False,,,0,0
8b150ee0-00de-46d7-bec4-cb7db67e5700,https://www.pfrda.org.in/documents/33652/202494/A10_state_wise_and_gender_wise.xlsx?v=1.32,URL,ERROR,1,False,,,0,0
65f743ce-ee9a-48da-b8ac-8e0da0fa8d99,https://www.pfrda.org.in/documents/33652/202494/A10_state_wise_and_gender_wise.xlsx?v=1.36,URL,ERROR,1,False,,,0,0
e694b071-0fea-4010-8ecf-592820a7c608,https://www.pfrda.org.in/documents/33652/202494/A10_state_wise_and_gender_wise.xlsx?v=1.39,URL,ERROR,1,False,,,0,0
1cf11bb4-9875-4beb-a3f9-aa6282ab7d33,https://www.pfrda.org.in/documents/33652/202494/A10_state_wise_and_gender_wise.xlsx?v=1.41,URL,ERROR,1,False,,,0,0
c502874d-f5a5-4381-a732-e1587bb3d471,https://www.pfrda.org.in/documents/33652/202494/A10_state_wise_and_gender_wise.xlsx?v=1.43,URL,ERROR,1,False,,,0,0
3f8dbdb9-1579-4b6e-a882-8feaf11e68ee,https://www.pfrda.org.in/documents/33652/202494/A10_state_wise_and_gender_wise.xlsx?v=1.45,URL,ERROR,1,False,,,0,0
67e1917f-3a46-44da-a5f3-f65daad3cb9a,https://www.pfrda.org.in/documents/33652/202494/A11_age_wise_gender_wise_enrollments.xlsx?v=1.18,URL,ERROR,1,False,,,0,0
ff399d86-a6f6-4c7c-8f22-579ef29f5736,https://www.pfrda.org.in/documents/33652/202494/A11_age_wise_gender_wise_enrollments.xlsx?v=1.30,URL,ERROR,1,False,,,0,0
7a10cfcd-ddb1-4e1c-8785-9b87cffbb4c8,https://www.pfrda.org.in/documents/33652/202494/A11_age_wise_gender_wise_enrollments.xlsx?v=1.31,URL,ERROR,1,False,,,0,0
1083b691-0876-4ece-b13e-fe7b8faecdcd,https://www.pfrda.org.in/documents/33652/202494/A11_age_wise_gender_wise_enrollments.xlsx?v=1.35,URL,ERROR,1,False,,,0,0
6f0ec130-f26a-4c9e-b995-a54834888b72,https://www.pfrda.org.in/documents/33652/202494/A11_age_wise_gender_wise_enrollments.xlsx?v=1.39,URL,ERROR,1,False,,,0,0
f2d6cc10-34ae-4909-a490-ee12233f3a21,https://www.pfrda.org.in/documents/33652/202494/A11_age_wise_gender_wise_enrollments.xlsx?v=1.41,URL,ERROR,1,False,,,0,0
69561df1-c516-4579-81f6-cc12da5fdad2,https://www.pfrda.org.in/documents/33652/202494/A11_age_wise_gender_wise_enrollments.xlsx?v=1.43,URL,ERROR,1,False,,,0,0
e8e52ef5-557e-45d8-8d6d-798c6d18f908,https://www.pfrda.org.in/documents/33652/202494/A11_age_wise_gender_wise_enrollments.xlsx?v=1.45,URL,ERROR,1,False,,,0,0
00a2ac5a-ab37-48d1-b6a7-918a4030d4aa,https://www.pfrda.org.in/documents/33652/202494/A12_age_wise_gender_wise_enrollments_of_nps.xlsx?v=1.18,URL,ERROR,1,False,,,0,0
3901204a-e26f-42b8-ac20-5dbaad41a1f4,https://www.pfrda.org.in/documents/33652/202494/A12_age_wise_gender_wise_enrollments_of_nps.xlsx?v=1.30,URL,ERROR,1,False,,,0,0
9d6b5b65-35ef-4a9b-8a55-bdf3058b7f72,https://www.pfrda.org.in/documents/33652/202494/A12_age_wise_gender_wise_enrollments_of_nps.xlsx?v=1.31,URL,ERROR,1,False,,,0,0
123132e4-9a94-426b-a013-6038f0252f60,https://www.pfrda.org.in/documents/33652/202494/A12_age_wise_gender_wise_enrollments_of_nps.xlsx?v=1.35,URL,ERROR,1,False,,,0,0
9ea812ca-ebcd-49e3-b9b2-b11e7994b375,https://www.pfrda.org.in/documents/33652/202494/A12_age_wise_gender_wise_enrollments_of_nps.xlsx?v=1.39,URL,ERROR,1,False,,,0,0
56b508cf-53a9-470b-a8d8-f6e93a689188,https://www.pfrda.org.in/documents/33652/202494/A12_age_wise_gender_wise_enrollments_of_nps.xlsx?v=1.41,URL,ERROR,1,False,,,0,0
55e84993-6df2-4895-9930-0cc75ddbcc12,https://www.pfrda.org.in/documents/33652/202494/A12_age_wise_gender_wise_enrollments_of_nps.xlsx?v=1.43,URL,ERROR,1,False,,,0,0
2f09896b-4600-4e83-96a0-83714ba22d90,https://www.pfrda.org.in/documents/33652/202494/A12_age_wise_gender_wise_enrollments_of_nps.xlsx?v=1.45,URL,ERROR,1,False,,,0,0
00954c0c-e1a7-47bc-ab10-ef80c27588dc,https://www.pfrda.org.in/documents/33652/202494/A13_annuity_plans_opted_at_the_time.xlsx?v=1.18,URL,ERROR,1,False,,,0,0
6eef3128-85cb-4442-b97c-64880a832dd2,https://www.pfrda.org.in/documents/33652/202494/A13_annuity_plans_opted_at_the_time.xlsx?v=1.30,URL,ERROR,1,False,,,0,0
9397c47a-48cc-4172-bcf9-64113ee0b6a5,https://www.pfrda.org.in/documents/33652/202494/A13_annuity_plans_opted_at_the_time.xlsx?v=1.32,URL,ERROR,1,False,,,0,0
3872d49d-ca03-46b0-9d1f-6319c47a1030,https://www.pfrda.org.in/documents/33652/202494/A13_annuity_plans_opted_at_the_time.xlsx?v=1.36,URL,ERROR,1,False,,,0,0
bf0bf1ff-6e8c-4a48-9eea-e88f2373b7ba,https://www.pfrda.org.in/documents/33652/202494/A13_annuity_plans_opted_at_the_time.xlsx?v=1.40,URL,ERROR,1,False,,,0,0
33b0a9bc-81cb-4ae3-9e7f-de41ae311db3,https://www.pfrda.org.in/documents/33652/202494/A13_annuity_plans_opted_at_the_time.xlsx?v=1.42,URL,ERROR,1,False,,,0,0
3aac0055-2d20-4a2f-ac8e-39c251927ccb,https://www.pfrda.org.in/documents/33652/202494/A13_annuity_plans_opted_at_the_time.xlsx?v=1.44,URL,ERROR,1,False,,,0,0
8efd8fbd-0ed7-472b-af93-761677839f79,https://www.pfrda.org.in/documents/33652/202494/A13_annuity_plans_opted_at_the_time.xlsx?v=1.46,URL,ERROR,1,False,,,0,0
e78b1ccb-54a0-4f17-b66d-2c08c994c80f,https://www.pfrda.org.in/documents/33652/202494/A14_number_of_partial_withdrawal.xlsx?v=1.18,URL,ERROR,1,False,,,0,0
99508993-48d1-4b66-982b-f0309b512092,https://www.pfrda.org.in/documents/33652/202494/A14_number_of_partial_withdrawal.xlsx?v=1.30,URL,ERROR,1,False,,,0,0
a4632dc7-2b92-4a43-94c8-15576d3fff50,https://www.pfrda.org.in/documents/33652/202494/A14_number_of_partial_withdrawal.xlsx?v=1.31,URL,ERROR,1,False,,,0,0
c88ba1a5-1fdd-4b83-a69e-1a07c07ef4f9,https://www.pfrda.org.in/documents/33652/202494/A14_number_of_partial_withdrawal.xlsx?v=1.35,URL,ERROR,1,False,,,0,0
20076c89-bdf5-4ecb-a0ac-97bbfce49eb5,https://www.pfrda.org.in/documents/33652/202494/A14_number_of_partial_withdrawal.xlsx?v=1.39,URL,ERROR,1,False,,,0,0
bc58e6dc-6433-4f4f-b9a8-d139b7383d6a,https://www.pfrda.org.in/documents/33652/202494/A14_number_of_partial_withdrawal.xlsx?v=1.41,URL,ERROR,1,False,,,0,0
48259a9e-86d0-4a8e-989b-1bf438638e64,https://www.pfrda.org.in/documents/33652/202494/A14_number_of_partial_withdrawal.xlsx?v=1.43,URL,ERROR,1,False,,,0,0
ee8ae691-8027-4188-a658-538466a397b7,https://www.pfrda.org.in/documents/33652/202494/A14_number_of_partial_withdrawal.xlsx?v=1.45,URL,ERROR,1,False,,,0,0
d00d63c7-0149-4176-8df9-f2a32e15dcad,https://www.pfrda.org.in/documents/33652/202494/A15_category_wise_partial_withdrawal.xlsx?v=1.18,URL,ERROR,1,False,,,0,0
47a6bb21-7393-4f48-8197-9b254886d7e6,https://www.pfrda.org.in/documents/33652/202494/A15_category_wise_partial_withdrawal.xlsx?v=1.29,URL,ERROR,1,False,,,0,0
4bd2cab5-593c-46df-bfb4-48d73029e263,https://www.pfrda.org.in/documents/33652/202494/A15_category_wise_partial_withdrawal.xlsx?v=1.31,URL,ERROR,1,False,,,0,0
bcc29757-ec3f-4db4-b774-5e217730c026,https://www.pfrda.org.in/documents/33652/202494/A15_category_wise_partial_withdrawal.xlsx?v=1.35,URL,ERROR,1,False,,,0,0
8a063df8-7595-45f7-93d0-1d392ecaa43b,https://www.pfrda.org.in/documents/33652/202494/A15_category_wise_partial_withdrawal.xlsx?v=1.39,URL,ERROR,1,False,,,0,0
02cfdfec-4164-4f6d-84a6-be6e190588c4,https://www.pfrda.org.in/documents/33652/202494/A15_category_wise_partial_withdrawal.xlsx?v=1.41,URL,ERROR,1,False,,,0,0
c24ec393-f999-4497-9f52-57cfd0cce6d9,https://www.pfrda.org.in/documents/33652/202494/A15_category_wise_partial_withdrawal.xlsx?v=1.43,URL,ERROR,1,False,,,0,0
21db9d31-25a6-4ca6-88b3-cdc4d10aca8a,https://www.pfrda.org.in/documents/33652/202494/A15_category_wise_partial_withdrawal.xlsx?v=1.45,URL,ERROR,1,False,,,0,0
8731e6a3-c744-468a-aa3d-32ef8828d7c6,https://www.pfrda.org.in/documents/33652/202494/A16_category_wise_query_grievance_received.xlsx?v=1.17,URL,ERROR,1,False,,,0,0
6882de96-f12d-4f68-8aa0-a593effee5df,https://www.pfrda.org.in/documents/33652/202494/A16_category_wise_query_grievance_received.xlsx?v=1.29,URL,ERROR,1,False,,,0,0
2f90f68a-f523-4a78-8fb9-be401fdfcccd,https://www.pfrda.org.in/documents/33652/202494/A16_category_wise_query_grievance_received.xlsx?v=1.30,URL,ERROR,1,False,,,0,0
653da4d3-7fd5-4de2-9150-4f6f0753e610,https://www.pfrda.org.in/documents/33652/202494/A16_category_wise_query_grievance_received.xlsx?v=1.34,URL,ERROR,1,False,,,0,0
8c35c264-70e0-4f5f-9206-45e4b1121b2b,https://www.pfrda.org.in/documents/33652/202494/A16_category_wise_query_grievance_received.xlsx?v=1.38,URL,ERROR,1,False,,,0,0
109d8c48-9b2b-4927-aeec-6ef0339cd66d,https://www.pfrda.org.in/documents/33652/202494/A16_category_wise_query_grievance_received.xlsx?v=1.40,URL,ERROR,1,False,,,0,0
7b47ee30-d604-48b7-83dd-c2a46d34f152,https://www.pfrda.org.in/documents/33652/202494/A16_category_wise_query_grievance_received.xlsx?v=1.42,URL,ERROR,1,False,,,0,0
1073bca9-7814-48fe-91b8-bea14f257c0a,https://www.pfrda.org.in/documents/33652/202494/A16_category_wise_query_grievance_received.xlsx?v=1.44,URL,ERROR,1,False,,,0,0
ea95d36e-382a-4401-a0cd-c27d4dda04b3,https://www.pfrda.org.in/documents/33652/202494/A17_number_of_registered_prao_dta_paos.xlsx?v=1.18,URL,ERROR,1,False,,,0,0
663afdf4-1f8f-4425-a933-e4adcf15f1df,https://www.pfrda.org.in/documents/33652/202494/A17_number_of_registered_prao_dta_paos.xlsx?v=1.30,URL,ERROR,1,False,,,0,0
94416ca6-b7a3-4b17-ab9f-e1722bd51b19,https://www.pfrda.org.in/documents/33652/202494/A17_number_of_registered_prao_dta_paos.xlsx?v=1.32,URL,ERROR,1,False,,,0,0
69aab633-5cf7-4500-b0ea-1989c096c119,https://www.pfrda.org.in/documents/33652/202494/A17_number_of_registered_prao_dta_paos.xlsx?v=1.36,URL,ERROR,1,False,,,0,0
3c592fc3-0c59-4a87-abcc-13c6eb818f8c,https://www.pfrda.org.in/documents/33652/202494/A17_number_of_registered_prao_dta_paos.xlsx?v=1.39,URL,ERROR,1,False,,,0,0
4f22a24e-3c95-4cc9-975e-ad01307e2100,https://www.pfrda.org.in/documents/33652/202494/A17_number_of_registered_prao_dta_paos.xlsx?v=1.41,URL,ERROR,1,False,,,0,0
573bb024-5a88-4107-9e31-2f678971930c,https://www.pfrda.org.in/documents/33652/202494/A17_number_of_registered_prao_dta_paos.xlsx?v=1.43,URL,ERROR,1,False,,,0,0
50066d68-2226-49f8-8913-d1fc5808d96c,https://www.pfrda.org.in/documents/33652/202494/A17_number_of_registered_prao_dta_paos.xlsx?v=1.45,URL,ERROR,1,False,,,0,0
084a1e01-1bad-4333-9299-b263556e1db9,https://www.pfrda.org.in/documents/33652/202494/A18_number_of_cabs_sabs_registered_in_the.xlsx?v=1.18,URL,ERROR,1,False,,,0,0
1eb019b0-046d-4527-8deb-0b0fb1499838,https://www.pfrda.org.in/documents/33652/202494/A18_number_of_cabs_sabs_registered_in_the.xlsx?v=1.30,URL,ERROR,1,False,,,0,0
d315fd97-96c8-4494-8526-d979ca5bec7a,https://www.pfrda.org.in/documents/33652/202494/A18_number_of_cabs_sabs_registered_in_the.xlsx?v=1.32,URL,ERROR,1,False,,,0,0
cfb6f94e-88c6-4c40-8057-986a9c1aa1d6,https://www.pfrda.org.in/documents/33652/202494/A18_number_of_cabs_sabs_registered_in_the.xlsx?v=1.36,URL,ERROR,1,False,,,0,0
5d0b25f9-cc36-4656-8f19-9647227ec7ad,https://www.pfrda.org.in/documents/33652/202494/A18_number_of_cabs_sabs_registered_in_the.xlsx?v=1.40,URL,ERROR,1,False,,,0,0
e977c059-fcf4-401a-8550-1498a74125b5,https://www.pfrda.org.in/documents/33652/202494/A18_number_of_cabs_sabs_registered_in_the.xlsx?v=1.42,URL,ERROR,1,False,,,0,0
c856e7a7-ccef-45e4-8cb7-046f7b9c1e5b,https://www.pfrda.org.in/documents/33652/202494/A18_number_of_cabs_sabs_registered_in_the.xlsx?v=1.44,URL,ERROR,1,False,,,0,0
d6933c9e-6aa0-4ceb-912a-8666407d90a2,https://www.pfrda.org.in/documents/33652/202494/A18_number_of_cabs_sabs_registered_in_the.xlsx?v=1.46,URL,ERROR,1,False,,,0,0
bede9781-4438-4443-b9be-e24c9602bcec,https://www.pfrda.org.in/documents/33652/202494/A19_number_of_corporates_and_subscribers.xlsx?v=1.18,URL,ERROR,1,False,,,0,0
cb8dd56f-9740-41bb-bdda-edddf6aa4ce2,https://www.pfrda.org.in/documents/33652/202494/A19_number_of_corporates_and_subscribers.xlsx?v=1.30,URL,ERROR,1,False,,,0,0
a7572bea-94e4-487c-a8bb-e7cb5eb9c786,https://www.pfrda.org.in/documents/33652/202494/A19_number_of_corporates_and_subscribers.xlsx?v=1.32,URL,ERROR,1,False,,,0,0
99860362-5c50-41e0-8e97-38fcfa2f016d,https://www.pfrda.org.in/documents/33652/202494/A19_number_of_corporates_and_subscribers.xlsx?v=1.36,URL,ERROR,1,False,,,0,0
72a16937-aa8b-4968-a2c3-9ed04bea7f42,https://www.pfrda.org.in/documents/33652/202494/A19_number_of_corporates_and_subscribers.xlsx?v=1.40,URL,ERROR,1,False,,,0,0
337e7f51-32c9-4006-9653-9e6c7d0fb678,https://www.pfrda.org.in/documents/33652/202494/A19_number_of_corporates_and_subscribers.xlsx?v=1.42,URL,ERROR,1,False,,,0,0
3efe40ad-dcc2-41d1-bfc6-4e923a6ba5ce,https://www.pfrda.org.in/documents/33652/202494/A19_number_of_corporates_and_subscribers.xlsx?v=1.44,URL,ERROR,1,False,,,0,0
1e5c2f03-aa0a-4129-904d-c359ac7177fe,https://www.pfrda.org.in/documents/33652/202494/A19_number_of_corporates_and_subscribers.xlsx?v=1.46,URL,ERROR,1,False,,,0,0
7ccc72b2-3a96-4540-b19a-91212ad72b66,https://www.pfrda.org.in/documents/33652/202494/A1_pfm-wise_and_scheme.xlsx?v=1.18,URL,ERROR,1,False,,,0,0
7ad7ccf4-a37b-403b-824c-0f77fd73a19c,https://www.pfrda.org.in/documents/33652/202494/A1_pfm-wise_and_scheme.xlsx?v=1.30,URL,ERROR,1,False,,,0,0
8cf8e104-c67b-4ed6-9a29-f1c6c48ff72d,https://www.pfrda.org.in/documents/33652/202494/A1_pfm-wise_and_scheme.xlsx?v=1.32,URL,ERROR,1,False,,,0,0
75e64f5c-e979-4816-8c18-800e9179d63d,https://www.pfrda.org.in/documents/33652/202494/A1_pfm-wise_and_scheme.xlsx?v=1.36,URL,ERROR,1,False,,,0,0
70e5ae56-0745-499b-85f0-069dd5a3969a,https://www.pfrda.org.in/documents/33652/202494/A1_pfm-wise_and_scheme.xlsx?v=1.40,URL,ERROR,1,False,,,0,0
d4bfdac7-b127-43b5-8118-f7bbe6ff2c93,https://www.pfrda.org.in/documents/33652/202494/A1_pfm-wise_and_scheme.xlsx?v=1.42,URL,ERROR,1,False,,,0,0
75155402-42ee-4e72-967c-c685f85dfe83,https://www.pfrda.org.in/documents/33652/202494/A1_pfm-wise_and_scheme.xlsx?v=1.44,URL,ERROR,1,False,,,0,0
3045ddc9-5f55-4752-8e08-ace8e6e6f1b6,https://www.pfrda.org.in/documents/33652/202494/A1_pfm-wise_and_scheme.xlsx?v=1.46,URL,ERROR,1,False,,,0,0
6a09ff50-354d-44e4-a5e9-39db2d1513a9,https://www.pfrda.org.in/documents/33652/202494/A20_sector_wise_subscribers.xlsx?v=1.17,URL,ERROR,1,False,,,0,0
10041205-8a94-4d1a-9ba9-b87a919c3b58,https://www.pfrda.org.in/documents/33652/202494/A20_sector_wise_subscribers.xlsx?v=1.28,URL,ERROR,1,False,,,0,0
43afb077-7f6d-4a15-a946-b5ee37c7bac8,https://www.pfrda.org.in/documents/33652/202494/A20_sector_wise_subscribers.xlsx?v=1.30,URL,ERROR,1,False,,,0,0
6f27cafb-b5dc-4fe4-8e4f-b37e74a29fcf,https://www.pfrda.org.in/documents/33652/202494/A20_sector_wise_subscribers.xlsx?v=1.34,URL,ERROR,1,False,,,0,0
4da6de88-20ed-4e09-b273-368049d3ca6c,https://www.pfrda.org.in/documents/33652/202494/A20_sector_wise_subscribers.xlsx?v=1.38,URL,ERROR,1,False,,,0,0
49acc87e-d872-4a23-a939-84f1ad0168b7,https://www.pfrda.org.in/documents/33652/202494/A20_sector_wise_subscribers.xlsx?v=1.40,URL,ERROR,1,False,,,0,0
613607c0-66e1-4770-8174-d801b5949fa7,https://www.pfrda.org.in/documents/33652/202494/A20_sector_wise_subscribers.xlsx?v=1.42,URL,ERROR,1,False,,,0,0
34dd95b1-bab5-49d8-ad8d-2936502771cb,https://www.pfrda.org.in/documents/33652/202494/A20_sector_wise_subscribers.xlsx?v=1.44,URL,ERROR,1,False,,,0,0
c1ba4be6-5d46-4a6c-9775-f3a93d8a2e77,https://www.pfrda.org.in/documents/33652/202494/A21_eNPS_subscribers_and_Contribution.xlsx?v=1.18,URL,ERROR,1,False,,,0,0
e68d8cec-bc6e-4939-8826-ae42108ae526,https://www.pfrda.org.in/documents/33652/202494/A21_eNPS_subscribers_and_Contribution.xlsx?v=1.30,URL,ERROR,1,False,,,0,0
86f8c6c8-d90f-48b0-a6dc-9b6b3d56d24f,https://www.pfrda.org.in/documents/33652/202494/A21_eNPS_subscribers_and_Contribution.xlsx?v=1.32,URL,ERROR,1,False,,,0,0
a6fc0f71-3235-4641-b279-42126b1576bf,https://www.pfrda.org.in/documents/33652/202494/A21_eNPS_subscribers_and_Contribution.xlsx?v=1.36,URL,ERROR,1,False,,,0,0
4a3b7136-a977-42a1-b8ed-0c9d33f035f7,https://www.pfrda.org.in/documents/33652/202494/A21_eNPS_subscribers_and_Contribution.xlsx?v=1.40,URL,ERROR,1,False,,,0,0
c9e6f152-4ce6-46f1-916c-cf369d5960fe,https://www.pfrda.org.in/documents/33652/202494/A21_eNPS_subscribers_and_Contribution.xlsx?v=1.42,URL,ERROR,1,False,,,0,0
6f8ddcb7-4a85-4d1c-83a9-25a1dad5a990,https://www.pfrda.org.in/documents/33652/202494/A21_eNPS_subscribers_and_Contribution.xlsx?v=1.44,URL,ERROR,1,False,,,0,0
5e4543b8-814d-47d6-9185-12b281fab385,https://www.pfrda.org.in/documents/33652/202494/A21_eNPS_subscribers_and_Contribution.xlsx?v=1.46,URL,ERROR,1,False,,,0,0
156a5981-701d-4601-a47b-349575e6a9fa,https://www.pfrda.org.in/documents/33652/202494/A22_state_wise_age_wise_enrollments.xlsx?v=1.18,URL,ERROR,1,False,,,0,0
c8ada5d9-548d-4b76-b7f0-bfd87dd61fbf,https://www.pfrda.org.in/documents/33652/202494/A22_state_wise_age_wise_enrollments.xlsx?v=1.30,URL,ERROR,1,False,,,0,0
93fffedd-b7fe-4373-bb36-565fddd2facb,https://www.pfrda.org.in/documents/33652/202494/A22_state_wise_age_wise_enrollments.xlsx?v=1.31,URL,ERROR,1,False,,,0,0
eab2bc82-5bbb-49ad-909f-9619d8ed8560,https://www.pfrda.org.in/documents/33652/202494/A22_state_wise_age_wise_enrollments.xlsx?v=1.35,URL,ERROR,1,False,,,0,0
623df69f-c95f-4269-93d1-1fce992d9401,https://www.pfrda.org.in/documents/33652/202494/A22_state_wise_age_wise_enrollments.xlsx?v=1.39,URL,ERROR,1,False,,,0,0
fbacd6c0-5101-4d61-80a0-b099a00893c4,https://www.pfrda.org.in/documents/33652/202494/A22_state_wise_age_wise_enrollments.xlsx?v=1.41,URL,ERROR,1,False,,,0,0
7877035b-6a74-4c5c-a7d3-a97ef64770c2,https://www.pfrda.org.in/documents/33652/202494/A22_state_wise_age_wise_enrollments.xlsx?v=1.43,URL,ERROR,1,False,,,0,0
495a245e-8416-419a-9507-7808700b4b82,https://www.pfrda.org.in/documents/33652/202494/A22_state_wise_age_wise_enrollments.xlsx?v=1.45,URL,ERROR,1,False,,,0,0
805f8638-ca0b-448b-af69-37e4b5e38705,https://www.pfrda.org.in/documents/33652/202494/A23_sector_wise_exit_superannuation.xlsx?v=1.18,URL,ERROR,1,False,,,0,0
f9991a6f-62d5-4ddb-aa5f-99c9ee38b648,https://www.pfrda.org.in/documents/33652/202494/A23_sector_wise_exit_superannuation.xlsx?v=1.30,URL,ERROR,1,False,,,0,0
4f936527-b392-42e4-84d1-e33e37499075,https://www.pfrda.org.in/documents/33652/202494/A23_sector_wise_exit_superannuation.xlsx?v=1.32,URL,ERROR,1,False,,,0,0
587be3bd-1712-492d-8ad5-7c490e9a9974,https://www.pfrda.org.in/documents/33652/202494/A23_sector_wise_exit_superannuation.xlsx?v=1.35,URL,ERROR,1,False,,,0,0
16b9c10c-74ce-4b49-bb2f-08d9b7f331a5,https://www.pfrda.org.in/documents/33652/202494/A23_sector_wise_exit_superannuation.xlsx?v=1.39,URL,ERROR,1,False,,,0,0
a96fcc94-d2da-4f6c-a611-1efdd10f7674,https://www.pfrda.org.in/documents/33652/202494/A23_sector_wise_exit_superannuation.xlsx?v=1.41,URL,ERROR,1,False,,,0,0
f898a571-97d0-4a5d-b8ad-27c58f7c7e53,https://www.pfrda.org.in/documents/33652/202494/A23_sector_wise_exit_superannuation.xlsx?v=1.43,URL,ERROR,1,False,,,0,0
e6c179a6-dddb-4a6c-ab10-5143c7d558c0,https://www.pfrda.org.in/documents/33652/202494/A23_sector_wise_exit_superannuation.xlsx?v=1.45,URL,ERROR,1,False,,,0,0
26843ce5-ece4-45c1-a7b4-13156ccf939f,https://www.pfrda.org.in/documents/33652/202494/A2_sector-wise_asset_under_management.xlsx?v=1.19,URL,ERROR,1,False,,,0,0
bacfe237-5f6e-4100-9a20-16f2694d9f13,https://www.pfrda.org.in/documents/33652/202494/A2_sector-wise_asset_under_management.xlsx?v=1.31,URL,ERROR,1,False,,,0,0
ae99c076-a39f-4b89-bf8a-2f6bfe1172c6,https://www.pfrda.org.in/documents/33652/202494/A2_sector-wise_asset_under_management.xlsx?v=1.33,URL,ERROR,1,False,,,0,0
954db658-ea41-46de-8967-f8613a2993fe,https://www.pfrda.org.in/documents/33652/202494/A2_sector-wise_asset_under_management.xlsx?v=1.37,URL,ERROR,1,False,,,0,0
d9b64122-5d83-4969-86e4-fe8042f9f83b,https://www.pfrda.org.in/documents/33652/202494/A2_sector-wise_asset_under_management.xlsx?v=1.41,URL,ERROR,1,False,,,0,0
39be8802-c968-46c6-a9fd-2338cf61eea0,https://www.pfrda.org.in/documents/33652/202494/A2_sector-wise_asset_under_management.xlsx?v=1.43,URL,ERROR,1,False,,,0,0
7a3300c9-f57b-480c-a2dc-9cd3c660a92b,https://www.pfrda.org.in/documents/33652/202494/A2_sector-wise_asset_under_management.xlsx?v=1.45,URL,ERROR,1,False,,,0,0
02da9968-fafa-487e-af14-96bf22d536d4,https://www.pfrda.org.in/documents/33652/202494/A2_sector-wise_asset_under_management.xlsx?v=1.47,URL,ERROR,1,False,,,0,0
868fffff-60f0-4d24-af37-5ff8eac10bd9,https://www.pfrda.org.in/documents/33652/202494/A3_sector-wise_number_of_subscribers.xlsx?v=1.19,URL,ERROR,1,False,,,0,0
7ac615b0-3869-4461-98e7-f71026e500d8,https://www.pfrda.org.in/documents/33652/202494/A3_sector-wise_number_of_subscribers.xlsx?v=1.31,URL,ERROR,1,False,,,0,0
dec988c2-7658-454a-bde4-f76f857b310e,https://www.pfrda.org.in/documents/33652/202494/A3_sector-wise_number_of_subscribers.xlsx?v=1.33,URL,ERROR,1,False,,,0,0
6f3ed18e-fca2-4175-9ffd-f261569b2059,https://www.pfrda.org.in/documents/33652/202494/A3_sector-wise_number_of_subscribers.xlsx?v=1.37,URL,ERROR,1,False,,,0,0
08e80aad-61b3-4324-a7fc-8ecd82f2347e,https://www.pfrda.org.in/documents/33652/202494/A3_sector-wise_number_of_subscribers.xlsx?v=1.41,URL,ERROR,1,False,,,0,0
a60e41d5-f58b-4c91-8f30-2bf7b60adc34,https://www.pfrda.org.in/documents/33652/202494/A3_sector-wise_number_of_subscribers.xlsx?v=1.43,URL,ERROR,1,False,,,0,0
bc158c29-4930-49e6-8f9e-1540b00f7986,https://www.pfrda.org.in/documents/33652/202494/A3_sector-wise_number_of_subscribers.xlsx?v=1.45,URL,ERROR,1,False,,,0,0
70ea287c-4aea-411b-a362-561931baf8a8,https://www.pfrda.org.in/documents/33652/202494/A3_sector-wise_number_of_subscribers.xlsx?v=1.47,URL,ERROR,1,False,,,0,0
d7c074a0-4c33-4f93-b893-ab5a2c61a74a,https://www.pfrda.org.in/documents/33652/202494/A4_sector-wise_enrolments.xlsx?v=1.19,URL,ERROR,1,False,,,0,0
72e1608c-c6ba-4d3d-bbca-02ac88bceaad,https://www.pfrda.org.in/documents/33652/202494/A4_sector-wise_enrolments.xlsx?v=1.31,URL,ERROR,1,False,,,0,0
5ce2a198-794f-4544-b976-a5f1e88cdfd0,https://www.pfrda.org.in/documents/33652/202494/A4_sector-wise_enrolments.xlsx?v=1.32,URL,ERROR,1,False,,,0,0
b573e568-dd19-43fc-bcd5-00a225172762,https://www.pfrda.org.in/documents/33652/202494/A4_sector-wise_enrolments.xlsx?v=1.35,URL,ERROR,1,False,,,0,0
c086bda4-fc4a-4605-9554-70ff242d9d93,https://www.pfrda.org.in/documents/33652/202494/A4_sector-wise_enrolments.xlsx?v=1.39,URL,ERROR,1,False,,,0,0
f4eae914-dadd-40da-b191-a7f5f6bb14bb,https://www.pfrda.org.in/documents/33652/202494/A4_sector-wise_enrolments.xlsx?v=1.41,URL,ERROR,1,False,,,0,0
98e3752b-83e2-417a-ba04-c74b1d004014,https://www.pfrda.org.in/documents/33652/202494/A4_sector-wise_enrolments.xlsx?v=1.43,URL,ERROR,1,False,,,0,0
ad1a6aa5-44c7-40c7-8877-076500dffa5f,https://www.pfrda.org.in/documents/33652/202494/A4_sector-wise_enrolments.xlsx?v=1.45,URL,ERROR,1,False,,,0,0
17581e8d-d211-4bb1-9849-b0dd4923b709,https://www.pfrda.org.in/documents/33652/202494/A5_sector-wise_contribution_in_tier.xlsx?v=1.18,URL,ERROR,1,False,,,0,0
3927e6aa-eb0d-4180-92d8-c323820190c4,https://www.pfrda.org.in/documents/33652/202494/A5_sector-wise_contribution_in_tier.xlsx?v=1.30,URL,ERROR,1,False,,,0,0
068d2ac4-4a45-4917-b5ab-fe7a43b549c0,https://www.pfrda.org.in/documents/33652/202494/A5_sector-wise_contribution_in_tier.xlsx?v=1.32,URL,ERROR,1,False,,,0,0
ca6200d7-0ec0-4034-a17f-e9981f91cf15,https://www.pfrda.org.in/documents/33652/202494/A5_sector-wise_contribution_in_tier.xlsx?v=1.36,URL,ERROR,1,False,,,0,0
aee41883-d23c-4c57-a274-dcfc9216bd0a,https://www.pfrda.org.in/documents/33652/202494/A5_sector-wise_contribution_in_tier.xlsx?v=1.40,URL,ERROR,1,False,,,0,0
0a4b2c85-41aa-4183-adc0-f6900634ce4e,https://www.pfrda.org.in/documents/33652/202494/A5_sector-wise_contribution_in_tier.xlsx?v=1.42,URL,ERROR,1,False,,,0,0
fd527455-f478-40c0-8028-da04cf978a1c,https://www.pfrda.org.in/documents/33652/202494/A5_sector-wise_contribution_in_tier.xlsx?v=1.44,URL,ERROR,1,False,,,0,0
3c573058-70fe-430b-ac94-8e193fc81604,https://www.pfrda.org.in/documents/33652/202494/A5_sector-wise_contribution_in_tier.xlsx?v=1.46,URL,ERROR,1,False,,,0,0
8d19e3a5-ee6b-4cc4-9420-0ca90661c0f4,https://www.pfrda.org.in/documents/33652/202494/A6_state_wise_gender_wise_enrollments.xlsx?v=1.18,URL,ERROR,1,False,,,0,0
2892e39a-6738-4b6b-b2ab-e26163fe0bd8,https://www.pfrda.org.in/documents/33652/202494/A6_state_wise_gender_wise_enrollments.xlsx?v=1.30,URL,ERROR,1,False,,,0,0
3d651212-47fd-4bac-b11b-0de89f5289b0,https://www.pfrda.org.in/documents/33652/202494/A6_state_wise_gender_wise_enrollments.xlsx?v=1.32,URL,ERROR,1,False,,,0,0
f0a0853e-dead-47d8-89c5-3efd9839b79f,https://www.pfrda.org.in/documents/33652/202494/A6_state_wise_gender_wise_enrollments.xlsx?v=1.36,URL,ERROR,1,False,,,0,0
9202ec38-2015-4a25-8b7c-fb5cbf3fae2b,https://www.pfrda.org.in/documents/33652/202494/A6_state_wise_gender_wise_enrollments.xlsx?v=1.40,URL,ERROR,1,False,,,0,0
8b493a90-ed0e-473f-9c53-5b1509c4307d,https://www.pfrda.org.in/documents/33652/202494/A6_state_wise_gender_wise_enrollments.xlsx?v=1.42,URL,ERROR,1,False,,,0,0
29552177-df97-4b02-a2b6-9d00b8f0db7d,https://www.pfrda.org.in/documents/33652/202494/A6_state_wise_gender_wise_enrollments.xlsx?v=1.44,URL,ERROR,1,False,,,0,0
5637d36c-3318-4ef6-b669-f8c364da3ecb,https://www.pfrda.org.in/documents/33652/202494/A6_state_wise_gender_wise_enrollments.xlsx?v=1.46,URL,ERROR,1,False,,,0,0
3066b240-2505-4fad-874b-938203ecce1d,https://www.pfrda.org.in/documents/33652/202494/A7_state_wise_age_wise_enrollments.xlsx?v=1.18,URL,ERROR,1,False,,,0,0
dc5530f2-d38b-4a6d-80be-1ea32349c71f,https://www.pfrda.org.in/documents/33652/202494/A7_state_wise_age_wise_enrollments.xlsx?v=1.30,URL,ERROR,1,False,,,0,0
6c527445-b5b0-407e-9c4d-f1192cda15ee,https://www.pfrda.org.in/documents/33652/202494/A7_state_wise_age_wise_enrollments.xlsx?v=1.32,URL,ERROR,1,False,,,0,0
a620ef45-dab0-486d-a97b-2cd9b006583b,https://www.pfrda.org.in/documents/33652/202494/A7_state_wise_age_wise_enrollments.xlsx?v=1.36,URL,ERROR,1,False,,,0,0
66da7817-5032-4932-bd29-30e43b4ebfe7,https://www.pfrda.org.in/documents/33652/202494/A7_state_wise_age_wise_enrollments.xlsx?v=1.40,URL,ERROR,1,False,,,0,0
5862d02f-3995-47ce-91d3-5ae75fe436a4,https://www.pfrda.org.in/documents/33652/202494/A7_state_wise_age_wise_enrollments.xlsx?v=1.42,URL,ERROR,1,False,,,0,0
fe576dc9-2529-4d68-a965-86094935d573,https://www.pfrda.org.in/documents/33652/202494/A7_state_wise_age_wise_enrollments.xlsx?v=1.44,URL,ERROR,1,False,,,0,0
aefae2c4-fe9f-4de4-94db-44cc1231b28a,https://www.pfrda.org.in/documents/33652/202494/A7_state_wise_age_wise_enrollments.xlsx?v=1.46,URL,ERROR,1,False,,,0,0
1b0aeed6-e0d5-4460-90da-ae51d5e50df1,https://www.pfrda.org.in/documents/33652/202494/A8_state_wise_pension_slab_wise_enrollments.xlsx?v=1.18,URL,ERROR,1,False,,,0,0
bb39bc9d-e7b6-4643-bf53-be06e5cace10,https://www.pfrda.org.in/documents/33652/202494/A8_state_wise_pension_slab_wise_enrollments.xlsx?v=1.30,URL,ERROR,1,False,,,0,0
0005a0d6-eb0f-4fa0-8d17-857951d3f2ca,https://www.pfrda.org.in/documents/33652/202494/A8_state_wise_pension_slab_wise_enrollments.xlsx?v=1.32,URL,ERROR,1,False,,,0,0
42a08725-c3e7-4b32-b1ba-9bf1c6487432,https://www.pfrda.org.in/documents/33652/202494/A8_state_wise_pension_slab_wise_enrollments.xlsx?v=1.35,URL,ERROR,1,False,,,0,0
c1b6a706-d0b2-407c-a5c5-f86b6e05d932,https://www.pfrda.org.in/documents/33652/202494/A8_state_wise_pension_slab_wise_enrollments.xlsx?v=1.38,URL,ERROR,1,False,,,0,0
cb104552-0d07-43ac-99b6-72be92286ecd,https://www.pfrda.org.in/documents/33652/202494/A8_state_wise_pension_slab_wise_enrollments.xlsx?v=1.40,URL,ERROR,1,False,,,0,0
87658960-b184-476d-a241-b47b385acd85,https://www.pfrda.org.in/documents/33652/202494/A8_state_wise_pension_slab_wise_enrollments.xlsx?v=1.42,URL,ERROR,1,False,,,0,0
ce9f5fe2-dca4-4480-8ef6-7174a6437db2,https://www.pfrda.org.in/documents/33652/202494/A8_state_wise_pension_slab_wise_enrollments.xlsx?v=1.44,URL,ERROR,1,False,,,0,0
bd637ff6-f570-4472-a9ff-21f4003d3628,https://www.pfrda.org.in/documents/33652/202494/A9_state_wise_gender_wise.xlsx?v=1.18,URL,ERROR,1,False,,,0,0
62af531d-a50d-4aa4-b06f-7e38f52d8a8f,https://www.pfrda.org.in/documents/33652/202494/A9_state_wise_gender_wise.xlsx?v=1.30,URL,ERROR,1,False,,,0,0
c7e223c2-495e-4f26-b141-dcf12801a1af,https://www.pfrda.org.in/documents/33652/202494/A9_state_wise_gender_wise.xlsx?v=1.32,URL,ERROR,1,False,,,0,0
e2c2b3ab-72ee-4320-98c1-5e8097092aca,https://www.pfrda.org.in/documents/33652/202494/A9_state_wise_gender_wise.xlsx?v=1.36,URL,ERROR,1,False,,,0,0
f02270c1-f37c-4317-9139-ac6b518f81fb,https://www.pfrda.org.in/documents/33652/202494/A9_state_wise_gender_wise.xlsx?v=1.40,URL,ERROR,1,False,,,0,0
64ab99da-1461-4890-a624-56e7097af837,https://www.pfrda.org.in/documents/33652/202494/A9_state_wise_gender_wise.xlsx?v=1.42,URL,ERROR,1,False,,,0,0
dd889fc8-11b1-4c01-9ef2-51144997a0ea,https://www.pfrda.org.in/documents/33652/202494/A9_state_wise_gender_wise.xlsx?v=1.44,URL,ERROR,1,False,,,0,0
3827f270-799c-4bfe-9432-0ac9497bc3e3,https://www.pfrda.org.in/documents/33652/202494/A9_state_wise_gender_wise.xlsx?v=1.46,URL,ERROR,1,False,,,0,0
ade0b286-0946-45bd-a902-3e6bec140dd6,https://www.pfrda.org.in/documents/33652/202496/M1_pfm_wise_and_scheme_wise.xlsx?v=1.167,URL,ERROR,1,False,,,0,0
cdf4948b-83e1-4c21-b2db-0c72d78a696e,https://www.pfrda.org.in/documents/33652/202496/M1_pfm_wise_and_scheme_wise.xlsx?v=1.179,URL,ERROR,1,False,,,0,0
7db19623-4837-4cf4-88ac-adbca5737b69,https://www.pfrda.org.in/documents/33652/202496/M1_pfm_wise_and_scheme_wise.xlsx?v=1.180,URL,ERROR,1,False,,,0,0
2560f08d-d110-431b-bf82-1da2b21eeb5a,https://www.pfrda.org.in/documents/33652/202496/M1_pfm_wise_and_scheme_wise.xlsx?v=1.184,URL,ERROR,1,False,,,0,0
3e836b99-671f-45ca-8770-62efa1bcb644,https://www.pfrda.org.in/documents/33652/202496/M1_pfm_wise_and_scheme_wise.xlsx?v=1.188,URL,ERROR,1,False,,,0,0
cee1039c-136e-45de-b339-0d57ef9a8ecc,https://www.pfrda.org.in/documents/33652/202496/M1_pfm_wise_and_scheme_wise.xlsx?v=1.189,URL,ERROR,1,False,,,0,0
9bffb9d6-f827-4bcf-8a5a-d08925ab5220,https://www.pfrda.org.in/documents/33652/202496/M1_pfm_wise_and_scheme_wise.xlsx?v=1.191,URL,ERROR,1,False,,,0,0
bec09f5a-652a-44a1-a461-28cd0a12db0a,https://www.pfrda.org.in/documents/33652/202496/M1_pfm_wise_and_scheme_wise.xlsx?v=1.193,URL,ERROR,1,False,,,0,0
bd8379d7-b001-4960-8b1a-67de1508b4e0,https://www.pfrda.org.in/documents/33652/202496/M2_sector_wise_asset_under_management.xlsx?v=1.175,URL,ERROR,1,False,,,0,0
9f1d40e3-6eb0-4b06-b1a9-1aa56f533b66,https://www.pfrda.org.in/documents/33652/202496/M2_sector_wise_asset_under_management.xlsx?v=1.187,URL,ERROR,1,False,,,0,0
9434758b-10bb-4146-ba20-bca28bc55d4e,https://www.pfrda.org.in/documents/33652/202496/M2_sector_wise_asset_under_management.xlsx?v=1.189,URL,ERROR,1,False,,,0,0
893d3aa1-dfa7-4e8c-8f16-b3f143e93907,https://www.pfrda.org.in/documents/33652/202496/M2_sector_wise_asset_under_management.xlsx?v=1.193,URL,ERROR,1,False,,,0,0
4a88a43b-2bef-49e6-899e-3a3e87c0d257,https://www.pfrda.org.in/documents/33652/202496/M2_sector_wise_asset_under_management.xlsx?v=1.197,URL,ERROR,1,False,,,0,0
41a7b073-d34b-4c06-9fac-7e03ad00ce3f,https://www.pfrda.org.in/documents/33652/202496/M2_sector_wise_asset_under_management.xlsx?v=1.199,URL,ERROR,1,False,,,0,0
e1576d72-ab77-4cc1-a67c-59629551afa4,https://www.pfrda.org.in/documents/33652/202496/M2_sector_wise_asset_under_management.xlsx?v=1.201,URL,ERROR,1,False,,,0,0
03a562c4-df88-4d4b-b28f-564eb65395a8,https://www.pfrda.org.in/documents/33652/202496/M2_sector_wise_asset_under_management.xlsx?v=1.203,URL,ERROR,1,False,,,0,0
5c293d5e-5301-436d-a3d7-c166801ecb63,https://www.pfrda.org.in/documents/33652/202496/M3_sector_wise_number_of_subscribers.xlsx?v=1.175,URL,ERROR,1,False,,,0,0
9135b740-19be-4387-87ac-d9e679c5f1f3,https://www.pfrda.org.in/documents/33652/202496/M3_sector_wise_number_of_subscribers.xlsx?v=1.187,URL,ERROR,1,False,,,0,0
cf9f7c46-cdfb-4e8c-aec5-0815abe83cde,https://www.pfrda.org.in/documents/33652/202496/M3_sector_wise_number_of_subscribers.xlsx?v=1.189,URL,ERROR,1,False,,,0,0
b5003358-dd2c-4e13-9dfa-7e2229abf559,https://www.pfrda.org.in/documents/33652/202496/M3_sector_wise_number_of_subscribers.xlsx?v=1.193,URL,ERROR,1,False,,,0,0
91074448-cd58-4371-a293-74efc757358e,https://www.pfrda.org.in/documents/33652/202496/M3_sector_wise_number_of_subscribers.xlsx?v=1.197,URL,ERROR,1,False,,,0,0
bf47aeab-ea59-4118-885c-cbccb59314df,https://www.pfrda.org.in/documents/33652/202496/M3_sector_wise_number_of_subscribers.xlsx?v=1.199,URL,ERROR,1,False,,,0,0
65c70dd0-a365-4c9b-8c82-f9152584502a,https://www.pfrda.org.in/documents/33652/202496/M3_sector_wise_number_of_subscribers.xlsx?v=1.201,URL,ERROR,1,False,,,0,0
c0f3b3c9-caba-4b9e-a38e-526d25557246,https://www.pfrda.org.in/documents/33652/202496/M3_sector_wise_number_of_subscribers.xlsx?v=1.203,URL,ERROR,1,False,,,0,0
a235eee9-b20e-4af9-94ba-ff80acd577bc,https://www.pfrda.org.in/documents/33652/202496/M4_sector_wise_nps_contribution.xlsx?v=1.176,URL,ERROR,1,False,,,0,0
8e4745de-4d92-4dd7-bd9f-2eb4c82ee8c4,https://www.pfrda.org.in/documents/33652/202496/M4_sector_wise_nps_contribution.xlsx?v=1.188,URL,ERROR,1,False,,,0,0
387d3abd-610b-4ee5-9fdc-1b9f3dbb65bd,https://www.pfrda.org.in/documents/33652/202496/M4_sector_wise_nps_contribution.xlsx?v=1.190,URL,ERROR,1,False,,,0,0
752b6848-5eeb-4081-86f9-c3fde1d9ba17,https://www.pfrda.org.in/documents/33652/202496/M4_sector_wise_nps_contribution.xlsx?v=1.194,URL,ERROR,1,False,,,0,0
82fba90e-56fa-4f96-a8dd-94b191aee290,https://www.pfrda.org.in/documents/33652/202496/M4_sector_wise_nps_contribution.xlsx?v=1.198,URL,ERROR,1,False,,,0,0
7d3d8b94-38e5-4b0f-b2f9-207582b03886,https://www.pfrda.org.in/documents/33652/202496/M4_sector_wise_nps_contribution.xlsx?v=1.200,URL,ERROR,1,False,,,0,0
15ba46c9-765b-4fbc-b933-aa4bb4a10bd9,https://www.pfrda.org.in/documents/33652/202496/M4_sector_wise_nps_contribution.xlsx?v=1.202,URL,ERROR,1,False,,,0,0
eacb5116-840e-4abb-bca7-0247cd74f061,https://www.pfrda.org.in/documents/33652/202496/M4_sector_wise_nps_contribution.xlsx?v=1.204,URL,ERROR,1,False,,,0,0
3c821d2b-41f4-478f-81e6-350d307cf48d,https://www.pfrda.org.in/documents/33652/202496/M5_scheme_wise_nps_contribution.xlsx?v=1.174,URL,ERROR,1,False,,,0,0
5c7f8f04-70f4-42c0-b330-50bb4b0362fd,https://www.pfrda.org.in/documents/33652/202496/M5_scheme_wise_nps_contribution.xlsx?v=1.186,URL,ERROR,1,False,,,0,0
093a59bc-90cd-4208-ad47-c247677ca190,https://www.pfrda.org.in/documents/33652/202496/M5_scheme_wise_nps_contribution.xlsx?v=1.188,URL,ERROR,1,False,,,0,0
7bf95dc6-5ab0-4ad2-8840-08b024c83c92,https://www.pfrda.org.in/documents/33652/202496/M5_scheme_wise_nps_contribution.xlsx?v=1.192,URL,ERROR,1,False,,,0,0
39dcd645-b291-4bdd-9a8c-77874b705668,https://www.pfrda.org.in/documents/33652/202496/M5_scheme_wise_nps_contribution.xlsx?v=1.196,URL,ERROR,1,False,,,0,0
5e282674-af8b-462c-bcef-14fb1463cc53,https://www.pfrda.org.in/documents/33652/202496/M5_scheme_wise_nps_contribution.xlsx?v=1.198,URL,ERROR,1,False,,,0,0
7578343f-0d0e-4c28-aad0-217071d90015,https://www.pfrda.org.in/documents/33652/202496/M5_scheme_wise_nps_contribution.xlsx?v=1.200,URL,ERROR,1,False,,,0,0
8863cb99-ac29-4b1d-ad91-e69eebc2931a,https://www.pfrda.org.in/documents/33652/202496/M5_scheme_wise_nps_contribution.xlsx?v=1.202,URL,ERROR,1,False,,,0,0
ea011515-f2fb-4929-bd5b-1287e4e97052,https://www.pfrda.org.in/documents/33652/202496/M6_asset_class_wise_classification.xlsx?v=1.178,URL,ERROR,1,False,,,0,0
67a0a4c7-283b-425a-a655-ccde324cf20d,https://www.pfrda.org.in/documents/33652/202496/M6_asset_class_wise_classification.xlsx?v=1.190,URL,ERROR,1,False,,,0,0
e8f6102e-6c56-4a17-8ec6-c85c8a40884c,https://www.pfrda.org.in/documents/33652/202496/M6_asset_class_wise_classification.xlsx?v=1.192,URL,ERROR,1,False,,,0,0
48af63f5-7afd-457d-b232-4d253d965bf8,https://www.pfrda.org.in/documents/33652/202496/M6_asset_class_wise_classification.xlsx?v=1.196,URL,ERROR,1,False,,,0,0
fd829266-3004-4531-80f5-f93f8204be40,https://www.pfrda.org.in/documents/33652/202496/M6_asset_class_wise_classification.xlsx?v=1.200,URL,ERROR,1,False,,,0,0
3709ba35-fa59-43b1-b831-5a10bd133545,https://www.pfrda.org.in/documents/33652/202496/M6_asset_class_wise_classification.xlsx?v=1.202,URL,ERROR,1,False,,,0,0
7dd1bfba-b11c-418f-8750-0c053347404e,https://www.pfrda.org.in/documents/33652/202496/M6_asset_class_wise_classification.xlsx?v=1.204,URL,ERROR,1,False,,,0,0
1f3684f8-58c6-4113-8f20-cdd9780d1b1a,https://www.pfrda.org.in/documents/33652/202496/M6_asset_class_wise_classification.xlsx?v=1.206,URL,ERROR,1,False,,,0,0
6429b99f-86c9-4973-9d75-051c445a3cf4,https://www.pfrda.org.in/documents/33652/202496/M7_state_wise_subscribers.xlsx?v=1.177,URL,ERROR,1,False,,,0,0
8ef78d01-5a55-492d-9f45-6b4ee8f1fa99,https://www.pfrda.org.in/documents/33652/202496/M7_state_wise_subscribers.xlsx?v=1.189,URL,ERROR,1,False,,,0,0
b98c680b-0572-441d-9a50-fd60c33da8c7,https://www.pfrda.org.in/documents/33652/202496/M7_state_wise_subscribers.xlsx?v=1.191,URL,ERROR,1,False,,,0,0
b115cdcd-1ddd-4137-ab93-de184e2bff93,https://www.pfrda.org.in/documents/33652/202496/M7_state_wise_subscribers.xlsx?v=1.195,URL,ERROR,1,False,,,0,0
3783786f-a754-48ef-bb29-1517a0265fdf,https://www.pfrda.org.in/documents/33652/202496/M7_state_wise_subscribers.xlsx?v=1.198,URL,ERROR,1,False,,,0,0
3beaca63-c254-4120-beee-70c20d43c4a6,https://www.pfrda.org.in/documents/33652/202496/M7_state_wise_subscribers.xlsx?v=1.200,URL,ERROR,1,False,,,0,0
5750d694-5658-42c0-be02-79b07870fb0b,https://www.pfrda.org.in/documents/33652/202496/M7_state_wise_subscribers.xlsx?v=1.202,URL,ERROR,1,False,,,0,0
8298087e-ca95-4953-8f2f-c5a0df7dbd06,https://www.pfrda.org.in/documents/33652/202496/M7_state_wise_subscribers.xlsx?v=1.204,URL,ERROR,1,False,,,0,0
16aedc47-f850-4460-8ade-76c7766c858a,"https://www.pfrda.org.in/documents/33652/202496/M8_gender-wise,_age-wise_and_sector.xlsx?v=1.175",URL,ERROR,1,False,,,0,0
5d819d69-cfec-43fb-a96a-1de6eee41ed3,"https://www.pfrda.org.in/documents/33652/202496/M8_gender-wise,_age-wise_and_sector.xlsx?v=1.187",URL,ERROR,1,False,,,0,0
71c23f6d-9cf0-4957-a8e0-5a00fef370b7,"https://www.pfrda.org.in/documents/33652/202496/M8_gender-wise,_age-wise_and_sector.xlsx?v=1.189",URL,ERROR,1,False,,,0,0
5c4202ad-13dc-4a9d-8544-a4d5af22c9c5,"https://www.pfrda.org.in/documents/33652/202496/M8_gender-wise,_age-wise_and_sector.xlsx?v=1.193",URL,ERROR,1,False,,,0,0
a4d55d39-7327-4106-b652-8475ead89986,"https://www.pfrda.org.in/documents/33652/202496/M8_gender-wise,_age-wise_and_sector.xlsx?v=1.197",URL,ERROR,1,False,,,0,0
432e2609-19a1-4316-a4e7-a2f6dbf21e23,"https://www.pfrda.org.in/documents/33652/202496/M8_gender-wise,_age-wise_and_sector.xlsx?v=1.199",URL,ERROR,1,False,,,0,0
5587ea0a-f35f-460c-9397-178d196d6f8f,"https://www.pfrda.org.in/documents/33652/202496/M8_gender-wise,_age-wise_and_sector.xlsx?v=1.201",URL,ERROR,1,False,,,0,0
1a3b537f-ae07-44f1-ab6c-c0e704463340,"https://www.pfrda.org.in/documents/33652/202496/M8_gender-wise,_age-wise_and_sector.xlsx?v=1.203",URL,ERROR,1,False,,,0,0
085e9dd6-1d22-4960-b9a1-1d46365c8ceb,https://www.pfrda.org.in/documents/33652/202506/D1_part1_scheme-wise.xlsx?v=1.183,URL,ERROR,1,False,,,0,0
ef516e51-3d93-425f-8f7e-157702c6988e,https://www.pfrda.org.in/documents/33652/202506/D1_part1_scheme-wise.xlsx?v=1.195,URL,ERROR,1,False,,,0,0
903df99f-d6a3-4be6-befc-0294cd11e116,https://www.pfrda.org.in/documents/33652/202506/D1_part1_scheme-wise.xlsx?v=1.197,URL,ERROR,1,False,,,0,0
adde1c1d-687e-4a53-bb7b-9b80de06010f,https://www.pfrda.org.in/documents/33652/202506/D1_part1_scheme-wise.xlsx?v=1.201,URL,ERROR,1,False,,,0,0
431f7871-66b2-49d4-98cc-2cf0b52e491e,https://www.pfrda.org.in/documents/33652/202506/D1_part1_scheme-wise.xlsx?v=1.205,URL,ERROR,1,False,,,0,0
ec7b785a-bc4a-47b7-9e5f-73cfdf0bf098,https://www.pfrda.org.in/documents/33652/202506/D1_part1_scheme-wise.xlsx?v=1.207,URL,ERROR,1,False,,,0,0
e2fbe230-6331-4de5-a6fa-90837bf4748e,https://www.pfrda.org.in/documents/33652/202506/D1_part1_scheme-wise.xlsx?v=1.209,URL,ERROR,1,False,,,0,0
918d392f-c795-47fe-a9d6-662395f9364f,https://www.pfrda.org.in/documents/33652/202506/D1_part1_scheme-wise.xlsx?v=1.211,URL,ERROR,1,False,,,0,0
272a06ed-136a-4478-b4fd-c838e9651dbb,https://www.pfrda.org.in/documents/33652/202506/D1_part2_scheme-wise_and_pfm-wise_nav.xlsx?v=1.156,URL,ERROR,1,False,,,0,0
481da75a-e9db-4318-ab19-e589970b2700,https://www.pfrda.org.in/documents/33652/202506/D1_part2_scheme-wise_and_pfm-wise_nav.xlsx?v=1.167,URL,ERROR,1,False,,,0,0
94ceb1f1-e090-45ae-89e9-03373e58c3e7,https://www.pfrda.org.in/documents/33652/202506/D1_part2_scheme-wise_and_pfm-wise_nav.xlsx?v=1.169,URL,ERROR,1,False,,,0,0
35a4f4f1-a4d4-45db-9341-edfd877c4092,https://www.pfrda.org.in/documents/33652/202506/D1_part2_scheme-wise_and_pfm-wise_nav.xlsx?v=1.173,URL,ERROR,1,False,,,0,0
ad9183a9-c0bc-46ca-8eef-0f3921aa90a6,https://www.pfrda.org.in/documents/33652/202506/D1_part2_scheme-wise_and_pfm-wise_nav.xlsx?v=1.177,URL,ERROR,1,False,,,0,0
756d6735-096c-4b92-a1d3-b332db05d3d8,https://www.pfrda.org.in/documents/33652/202506/D1_part2_scheme-wise_and_pfm-wise_nav.xlsx?v=1.179,URL,ERROR,1,False,,,0,0
9292327e-bf8d-4561-901b-e29e735ac266,https://www.pfrda.org.in/documents/33652/202506/D1_part2_scheme-wise_and_pfm-wise_nav.xlsx?v=1.181,URL,ERROR,1,False,,,0,0
329f9a3c-1718-4556-a938-1b9a172e762c,https://www.pfrda.org.in/documents/33652/202506/D1_part2_scheme-wise_and_pfm-wise_nav.xlsx?v=1.183,URL,ERROR,1,False,,,0,0
a5985a70-2b35-4549-96fa-7e4165e3eafc,https://www.pfrda.org.in/documents/33652/217954/NPS+Vatsalya+Brochure+English.pdf/53d0ada2-5c0e-55ec-acfc-6ec25e5a36f6?t=1777271286728,URL,ERROR,5,False,9876e49a-46ab-4022-9db8-cb40bcc2d022,,0,0
4d761387-7002-4481-8d70-eabb3e6454ed,https://www.pfrda.org.in/documents/33652/217954/NPS+Vatsalya+Brochure+English.pdf/53d0ada2-5c0e-55ec-acfc-6ec25e5a36f6?t=1777271286728,URL,ERROR,2,False,c59cf4d2-7113-44a4-acc7-983c6031fcaf,,0,0
c59cf4d2-7113-44a4-acc7-983c6031fcaf,https://www.pfrda.org.in/documents/33652/217954/NPS+Vatsalya+Brochure+English.pdf/53d0ada2-5c0e-55ec-acfc-6ec25e5a36f6?t=1777271286728,URL,ERROR,1,False,,,0,0
9876e49a-46ab-4022-9db8-cb40bcc2d022,https://www.pfrda.org.in/documents/33652/217954/NPS+Vatsalya+Brochure+English.pdf/53d0ada2-5c0e-55ec-acfc-6ec25e5a36f6?t=1777271286728,URL,ERROR,4,False,ff70e686-8a46-43cb-9969-5a5011d4fb7f,,0,0
ff70e686-8a46-43cb-9969-5a5011d4fb7f,https://www.pfrda.org.in/documents/33652/217954/NPS+Vatsalya+Brochure+English.pdf/53d0ada2-5c0e-55ec-acfc-6ec25e5a36f6?t=1777271286728,URL,ERROR,3,False,4d761387-7002-4481-8d70-eabb3e6454ed,,0,0
df49a177-ad02-4d00-88f2-ae0b053c46af,https://www.pfrda.org.in/documents/33652/217954/NPS+Vatsalya+Brochure+Hindi.pdf/96008159-88e8-1ee9-eee1-7f13a18d9632?t=1777271286198,URL,ERROR,1,False,,,0,0
2e5d676c-eef8-4afa-852e-add7e27b1f46,https://www.pfrda.org.in/documents/33652/217954/NPS+Vatsalya+Brochure+Hindi.pdf/96008159-88e8-1ee9-eee1-7f13a18d9632?t=1777271286198,URL,ERROR,3,False,41b3a944-6a6a-42de-b19e-a80bc33c3299,,0,0
04fd4d63-b2d9-4860-959d-4f4c88d15164,https://www.pfrda.org.in/documents/33652/217954/NPS+Vatsalya+Brochure+Hindi.pdf/96008159-88e8-1ee9-eee1-7f13a18d9632?t=1777271286198,URL,ERROR,5,False,ec11f6ed-cfcc-4659-bfcd-1b5c80e98af4,,0,0
ec11f6ed-cfcc-4659-bfcd-1b5c80e98af4,https://www.pfrda.org.in/documents/33652/217954/NPS+Vatsalya+Brochure+Hindi.pdf/96008159-88e8-1ee9-eee1-7f13a18d9632?t=1777271286198,URL,ERROR,4,False,2e5d676c-eef8-4afa-852e-add7e27b1f46,,0,0
41b3a944-6a6a-42de-b19e-a80bc33c3299,https://www.pfrda.org.in/documents/33652/217954/NPS+Vatsalya+Brochure+Hindi.pdf/96008159-88e8-1ee9-eee1-7f13a18d9632?t=1777271286198,URL,ERROR,2,False,df49a177-ad02-4d00-88f2-ae0b053c46af,,0,0
a34b813a-828c-481e-a12a-035182ece9e1,https://www.pfrda.org.in/documents/33652/217954/NPS+Vatsalya+Flyer+English.pdf/0b89bdea-ea86-0c11-0556-b196154865b4?t=1777271285660,URL,ERROR,4,False,823a153c-c23f-447e-a77b-f48375b96606,,0,0
823a153c-c23f-447e-a77b-f48375b96606,https://www.pfrda.org.in/documents/33652/217954/NPS+Vatsalya+Flyer+English.pdf/0b89bdea-ea86-0c11-0556-b196154865b4?t=1777271285660,URL,ERROR,3,False,4272eebb-2120-49d6-8bd0-5bf50e652736,,0,0
52facaab-3cf9-486d-9e92-87c64590cf1a,https://www.pfrda.org.in/documents/33652/217954/NPS+Vatsalya+Flyer+English.pdf/0b89bdea-ea86-0c11-0556-b196154865b4?t=1777271285660,URL,ERROR,5,False,a34b813a-828c-481e-a12a-035182ece9e1,,0,0
40d944fa-04fe-4906-9918-1cdb11a34b82,https://www.pfrda.org.in/documents/33652/217954/NPS+Vatsalya+Flyer+English.pdf/0b89bdea-ea86-0c11-0556-b196154865b4?t=1777271285660,URL,ERROR,1,False,,,0,0
4272eebb-2120-49d6-8bd0-5bf50e652736,https://www.pfrda.org.in/documents/33652/217954/NPS+Vatsalya+Flyer+English.pdf/0b89bdea-ea86-0c11-0556-b196154865b4?t=1777271285660,URL,ERROR,2,False,40d944fa-04fe-4906-9918-1cdb11a34b82,,0,0
22c8ad3c-ee48-4daf-8aa4-d13137c990b3,https://www.pfrda.org.in/documents/33652/217954/NPS+Vatsalya+Flyer+Hindi.pdf/6c3423c7-1437-47ce-2a76-bc0393f40ed4?t=1777271285198,URL,ERROR,1,False,,,0,0
ebf4370c-c49f-4d8b-9191-1a84b81def07,https://www.pfrda.org.in/documents/33652/217954/NPS+Vatsalya+Flyer+Hindi.pdf/6c3423c7-1437-47ce-2a76-bc0393f40ed4?t=1777271285198,URL,ERROR,4,False,df841d23-1c16-497e-ac4a-ae2355950855,,0,0
df841d23-1c16-497e-ac4a-ae2355950855,https://www.pfrda.org.in/documents/33652/217954/NPS+Vatsalya+Flyer+Hindi.pdf/6c3423c7-1437-47ce-2a76-bc0393f40ed4?t=1777271285198,URL,ERROR,3,False,390978a6-0e6b-4db0-91ce-60fd59185af2,,0,0
8bebb3cd-abdf-4ad1-a95f-d392bfdf3f29,https://www.pfrda.org.in/documents/33652/217954/NPS+Vatsalya+Flyer+Hindi.pdf/6c3423c7-1437-47ce-2a76-bc0393f40ed4?t=1777271285198,URL,ERROR,5,False,ebf4370c-c49f-4d8b-9191-1a84b81def07,,0,0
390978a6-0e6b-4db0-91ce-60fd59185af2,https://www.pfrda.org.in/documents/33652/217954/NPS+Vatsalya+Flyer+Hindi.pdf/6c3423c7-1437-47ce-2a76-bc0393f40ed4?t=1777271285198,URL,ERROR,2,False,22c8ad3c-ee48-4daf-8aa4-d13137c990b3,,0,0
1fc93da2-5c65-4980-9de0-434b3780f2a9,https://www.pfrda.org.in/documents/33652/318728/List+of+Chairperson+WTM.pdf/bc71b479-2232-4c89-1195-bbd3afdba427?t=1754568522330,URL,ERROR,2,False,94ac9a49-da8d-4c04-8f1d-ab9090e8c81f,,0,0
57b11d7c-966c-420e-9cfc-563dd20c4fb4,https://www.pfrda.org.in/documents/33652/318728/List+of+Chairperson+WTM.pdf/bc71b479-2232-4c89-1195-bbd3afdba427?t=1754568522330,URL,ERROR,6,False,3a25ff62-fa1e-40f5-a666-747fa4397d8d,,0,0
ae19f582-6634-4f77-9e61-538368187e75,https://www.pfrda.org.in/documents/33652/318728/List+of+Chairperson+WTM.pdf/bc71b479-2232-4c89-1195-bbd3afdba427?t=1754568522330,URL,ERROR,4,False,b988d5dd-fcfb-4d46-84c9-58fbe886221c,,0,0
94ac9a49-da8d-4c04-8f1d-ab9090e8c81f,https://www.pfrda.org.in/documents/33652/318728/List+of+Chairperson+WTM.pdf/bc71b479-2232-4c89-1195-bbd3afdba427?t=1754568522330,URL,ERROR,1,False,,,0,0
3a25ff62-fa1e-40f5-a666-747fa4397d8d,https://www.pfrda.org.in/documents/33652/318728/List+of+Chairperson+WTM.pdf/bc71b479-2232-4c89-1195-bbd3afdba427?t=1754568522330,URL,ERROR,5,False,ae19f582-6634-4f77-9e61-538368187e75,,0,0
cb29341d-a9e0-445b-b2ef-baef16295ccd,https://www.pfrda.org.in/documents/33652/318728/List+of+Chairperson+WTM.pdf/bc71b479-2232-4c89-1195-bbd3afdba427?t=1754568522330,URL,ERROR,8,False,7c280e9e-9a87-4b85-ae46-9a44e183d3c8,,0,0
7c280e9e-9a87-4b85-ae46-9a44e183d3c8,https://www.pfrda.org.in/documents/33652/318728/List+of+Chairperson+WTM.pdf/bc71b479-2232-4c89-1195-bbd3afdba427?t=1754568522330,URL,ERROR,7,False,57b11d7c-966c-420e-9cfc-563dd20c4fb4,,0,0
b988d5dd-fcfb-4d46-84c9-58fbe886221c,https://www.pfrda.org.in/documents/33652/318728/List+of+Chairperson+WTM.pdf/bc71b479-2232-4c89-1195-bbd3afdba427?t=1754568522330,URL,ERROR,3,False,1fc93da2-5c65-4980-9de0-434b3780f2a9,,0,0
ac32f52e-5028-4be3-a109-1e70f6d3834b,https://www.pfrda.org.in/documents/33652/743062/Assamese_Vatsalaya_Brochure.pdf/92bf34f6-e7b6-29da-c6c2-191721d6bc91?t=1779184646644,URL,ERROR,2,False,b0210f2e-f84d-45c1-95cf-314921041420,,0,0
b0210f2e-f84d-45c1-95cf-314921041420,https://www.pfrda.org.in/documents/33652/743062/Assamese_Vatsalaya_Brochure.pdf/92bf34f6-e7b6-29da-c6c2-191721d6bc91?t=1779184646644,URL,ERROR,1,False,,,0,0
dd7f535f-5feb-4fd8-b6d6-41dc61530031,https://www.pfrda.org.in/documents/33652/743062/Assamese_Vatsalaya_Brochure.pdf/92bf34f6-e7b6-29da-c6c2-191721d6bc91?t=1779184646644,URL,ERROR,3,False,ac32f52e-5028-4be3-a109-1e70f6d3834b,,0,0
cc1b281e-50e6-45f8-9293-06cf5b3af88c,https://www.pfrda.org.in/documents/33652/743062/Assamese_Vatsalaya_Brochure.pdf/92bf34f6-e7b6-29da-c6c2-191721d6bc91?t=1779184646644,URL,ERROR,5,False,284beb45-3610-40ee-a248-6733494e02a0,,0,0
284beb45-3610-40ee-a248-6733494e02a0,https://www.pfrda.org.in/documents/33652/743062/Assamese_Vatsalaya_Brochure.pdf/92bf34f6-e7b6-29da-c6c2-191721d6bc91?t=1779184646644,URL,ERROR,4,False,dd7f535f-5feb-4fd8-b6d6-41dc61530031,,0,0
6111349c-bfcd-42f7-8ecd-9132bbebfbf4,https://www.pfrda.org.in/documents/33652/743062/Bangla_Vatsalaya_Brochure_2026.pdf/0a874fb6-931c-e9dd-e0e4-0d152fc982a4?t=1779184647148,URL,ERROR,2,False,c8be62fb-dcc1-41a6-a9d1-b889604faf7b,,0,0
1841f75d-4aaf-490a-9a6d-e9bdbaf3545f,https://www.pfrda.org.in/documents/33652/743062/Bangla_Vatsalaya_Brochure_2026.pdf/0a874fb6-931c-e9dd-e0e4-0d152fc982a4?t=1779184647148,URL,ERROR,4,False,3983b3e1-0caf-48b9-9143-604e8655183c,,0,0
c8be62fb-dcc1-41a6-a9d1-b889604faf7b,https://www.pfrda.org.in/documents/33652/743062/Bangla_Vatsalaya_Brochure_2026.pdf/0a874fb6-931c-e9dd-e0e4-0d152fc982a4?t=1779184647148,URL,ERROR,1,False,,,0,0
9a995257-14fd-40d3-ae39-52b3ba32bf18,https://www.pfrda.org.in/documents/33652/743062/Bangla_Vatsalaya_Brochure_2026.pdf/0a874fb6-931c-e9dd-e0e4-0d152fc982a4?t=1779184647148,URL,ERROR,5,False,1841f75d-4aaf-490a-9a6d-e9bdbaf3545f,,0,0
3983b3e1-0caf-48b9-9143-604e8655183c,https://www.pfrda.org.in/documents/33652/743062/Bangla_Vatsalaya_Brochure_2026.pdf/0a874fb6-931c-e9dd-e0e4-0d152fc982a4?t=1779184647148,URL,ERROR,3,False,6111349c-bfcd-42f7-8ecd-9132bbebfbf4,,0,0
1a74036d-ea08-4e1d-b93e-848275f40b6c,https://www.pfrda.org.in/documents/33652/743062/Gujarati_Vatsalaya_Brochure_2026.pdf/bece4e72-ef12-5fad-47d2-ce6878e5cd1b?t=1779184647766,URL,ERROR,3,False,5f5e3586-12e0-4ae2-b0ac-1d94b33dba70,,0,0
5f5e3586-12e0-4ae2-b0ac-1d94b33dba70,https://www.pfrda.org.in/documents/33652/743062/Gujarati_Vatsalaya_Brochure_2026.pdf/bece4e72-ef12-5fad-47d2-ce6878e5cd1b?t=1779184647766,URL,ERROR,2,False,24a2b78c-737c-4694-b252-25949647667f,,0,0
3a9e2408-2cb6-4ab5-b243-b86460957ec5,https://www.pfrda.org.in/documents/33652/743062/Gujarati_Vatsalaya_Brochure_2026.pdf/bece4e72-ef12-5fad-47d2-ce6878e5cd1b?t=1779184647766,URL,ERROR,4,False,1a74036d-ea08-4e1d-b93e-848275f40b6c,,0,0
24a2b78c-737c-4694-b252-25949647667f,https://www.pfrda.org.in/documents/33652/743062/Gujarati_Vatsalaya_Brochure_2026.pdf/bece4e72-ef12-5fad-47d2-ce6878e5cd1b?t=1779184647766,URL,ERROR,1,False,,,0,0
64e82f7a-0a7b-4460-a9f0-3845d4df6d9a,https://www.pfrda.org.in/documents/33652/743062/Gujarati_Vatsalaya_Brochure_2026.pdf/bece4e72-ef12-5fad-47d2-ce6878e5cd1b?t=1779184647766,URL,ERROR,5,False,3a9e2408-2cb6-4ab5-b243-b86460957ec5,,0,0
c11c4687-3c59-4adc-8ca4-1c1ace7624c9,https://www.pfrda.org.in/documents/33652/743062/kannada_Vatsalaya_Brochure.pdf/9453f5b1-f6cd-5af6-6177-2659f31414b4?t=1779184648356,URL,ERROR,3,False,0492fcea-7323-4f1e-a156-547a1fbe1e39,,0,0
294cf1ce-434d-477d-b1e9-311df1f765f6,https://www.pfrda.org.in/documents/33652/743062/kannada_Vatsalaya_Brochure.pdf/9453f5b1-f6cd-5af6-6177-2659f31414b4?t=1779184648356,URL,ERROR,4,False,c11c4687-3c59-4adc-8ca4-1c1ace7624c9,,0,0
bcd3a63c-4b11-4b37-bba3-dbde8f7be7dc,https://www.pfrda.org.in/documents/33652/743062/kannada_Vatsalaya_Brochure.pdf/9453f5b1-f6cd-5af6-6177-2659f31414b4?t=1779184648356,URL,ERROR,5,False,294cf1ce-434d-477d-b1e9-311df1f765f6,,0,0
0492fcea-7323-4f1e-a156-547a1fbe1e39,https://www.pfrda.org.in/documents/33652/743062/kannada_Vatsalaya_Brochure.pdf/9453f5b1-f6cd-5af6-6177-2659f31414b4?t=1779184648356,URL,ERROR,2,False,8f0a9882-31cf-48b8-b693-c6fbaddb9fd4,,0,0
8f0a9882-31cf-48b8-b693-c6fbaddb9fd4,https://www.pfrda.org.in/documents/33652/743062/kannada_Vatsalaya_Brochure.pdf/9453f5b1-f6cd-5af6-6177-2659f31414b4?t=1779184648356,URL,ERROR,1,False,,,0,0
0f2db953-0597-4889-bdf4-c62575c6b380,https://www.pfrda.org.in/documents/33652/743062/Malayalam_Vatsalaya_Brochure+%281%29.pdf/1ca1aa48-2eb6-96c1-f865-4546dd5b5c99?t=1779184649688,URL,ERROR,5,False,cd75d5c7-5fe0-4670-a9d5-1a9edc7aaf92,,0,0
cd75d5c7-5fe0-4670-a9d5-1a9edc7aaf92,https://www.pfrda.org.in/documents/33652/743062/Malayalam_Vatsalaya_Brochure+%281%29.pdf/1ca1aa48-2eb6-96c1-f865-4546dd5b5c99?t=1779184649688,URL,ERROR,4,False,cf92e130-1837-407b-a132-773aa74a5d72,,0,0
cf92e130-1837-407b-a132-773aa74a5d72,https://www.pfrda.org.in/documents/33652/743062/Malayalam_Vatsalaya_Brochure+%281%29.pdf/1ca1aa48-2eb6-96c1-f865-4546dd5b5c99?t=1779184649688,URL,ERROR,3,False,0865ca47-352e-4dbd-90a9-417d14fb685b,,0,0
3f04fe20-629f-4bf5-bcf8-89cda769e102,https://www.pfrda.org.in/documents/33652/743062/Malayalam_Vatsalaya_Brochure+%281%29.pdf/1ca1aa48-2eb6-96c1-f865-4546dd5b5c99?t=1779184649688,URL,ERROR,1,False,,,0,0
0865ca47-352e-4dbd-90a9-417d14fb685b,https://www.pfrda.org.in/documents/33652/743062/Malayalam_Vatsalaya_Brochure+%281%29.pdf/1ca1aa48-2eb6-96c1-f865-4546dd5b5c99?t=1779184649688,URL,ERROR,2,False,3f04fe20-629f-4bf5-bcf8-89cda769e102,,0,0
db66668e-419a-4e16-8050-99bd2a88046f,https://www.pfrda.org.in/documents/33652/743062/Marathi_Vatsalaya_Brochure.pdf/b38780c5-6ef4-c1ab-fd48-96d972e01f03?t=1779184650817,URL,ERROR,1,False,,,0,0
7a5a8231-763f-4077-a035-a44633144a0c,https://www.pfrda.org.in/documents/33652/743062/Marathi_Vatsalaya_Brochure.pdf/b38780c5-6ef4-c1ab-fd48-96d972e01f03?t=1779184650817,URL,ERROR,5,False,3d10c339-6f91-42e7-a91c-44f7cff98d3d,,0,0
3d10c339-6f91-42e7-a91c-44f7cff98d3d,https://www.pfrda.org.in/documents/33652/743062/Marathi_Vatsalaya_Brochure.pdf/b38780c5-6ef4-c1ab-fd48-96d972e01f03?t=1779184650817,URL,ERROR,4,False,35623200-63e3-4184-9e44-cc1f1dd7cf07,,0,0
35623200-63e3-4184-9e44-cc1f1dd7cf07,https://www.pfrda.org.in/documents/33652/743062/Marathi_Vatsalaya_Brochure.pdf/b38780c5-6ef4-c1ab-fd48-96d972e01f03?t=1779184650817,URL,ERROR,3,False,c5489329-6488-4a44-a8f1-9955b7674055,,0,0
c5489329-6488-4a44-a8f1-9955b7674055,https://www.pfrda.org.in/documents/33652/743062/Marathi_Vatsalaya_Brochure.pdf/b38780c5-6ef4-c1ab-fd48-96d972e01f03?t=1779184650817,URL,ERROR,2,False,db66668e-419a-4e16-8050-99bd2a88046f,,0,0
8ebfaca2-25dd-4ade-afa2-3ce10c77f35d,https://www.pfrda.org.in/documents/33652/743062/Odia_Vatsalya_Brochure.pdf/68277236-5419-0f52-4f54-d3b3f5ba2e75?t=1779184653547,URL,ERROR,2,False,9b99c235-e809-419f-85a8-33c35921e73e,,0,0
dec37317-5c34-4147-9329-86f30ecc5573,https://www.pfrda.org.in/documents/33652/743062/Odia_Vatsalya_Brochure.pdf/68277236-5419-0f52-4f54-d3b3f5ba2e75?t=1779184653547,URL,ERROR,3,False,8ebfaca2-25dd-4ade-afa2-3ce10c77f35d,,0,0
9b99c235-e809-419f-85a8-33c35921e73e,https://www.pfrda.org.in/documents/33652/743062/Odia_Vatsalya_Brochure.pdf/68277236-5419-0f52-4f54-d3b3f5ba2e75?t=1779184653547,URL,ERROR,1,False,,,0,0
c0630f52-c30f-480e-8d3a-a8cab50f3890,https://www.pfrda.org.in/documents/33652/743062/Odia_Vatsalya_Brochure.pdf/68277236-5419-0f52-4f54-d3b3f5ba2e75?t=1779184653547,URL,ERROR,4,False,dec37317-5c34-4147-9329-86f30ecc5573,,0,0
81f2d8d7-beed-4321-82e5-6c8a3a2924a4,https://www.pfrda.org.in/documents/33652/743062/Odia_Vatsalya_Brochure.pdf/68277236-5419-0f52-4f54-d3b3f5ba2e75?t=1779184653547,URL,ERROR,5,False,c0630f52-c30f-480e-8d3a-a8cab50f3890,,0,0
c0827326-924c-4919-983c-f84e9e464edf,https://www.pfrda.org.in/documents/33652/743062/Punjabi_Vatsalya_Brochure.pdf/4d9085c4-aa94-2a63-d6d7-d7080a556ec4?t=1779184654132,URL,ERROR,5,False,6c51cf08-1885-492b-a803-62146c1510ed,,0,0
03cac8e1-da9f-405d-9524-9d0e1b0e0794,https://www.pfrda.org.in/documents/33652/743062/Punjabi_Vatsalya_Brochure.pdf/4d9085c4-aa94-2a63-d6d7-d7080a556ec4?t=1779184654132,URL,ERROR,2,False,f8829326-a5bf-4d60-8ffe-8375391cdd95,,0,0
8ad863ce-fca4-4120-afe7-c0851d9cdaa0,https://www.pfrda.org.in/documents/33652/743062/Punjabi_Vatsalya_Brochure.pdf/4d9085c4-aa94-2a63-d6d7-d7080a556ec4?t=1779184654132,URL,ERROR,3,False,03cac8e1-da9f-405d-9524-9d0e1b0e0794,,0,0
6c51cf08-1885-492b-a803-62146c1510ed,https://www.pfrda.org.in/documents/33652/743062/Punjabi_Vatsalya_Brochure.pdf/4d9085c4-aa94-2a63-d6d7-d7080a556ec4?t=1779184654132,URL,ERROR,4,False,8ad863ce-fca4-4120-afe7-c0851d9cdaa0,,0,0
f8829326-a5bf-4d60-8ffe-8375391cdd95,https://www.pfrda.org.in/documents/33652/743062/Punjabi_Vatsalya_Brochure.pdf/4d9085c4-aa94-2a63-d6d7-d7080a556ec4?t=1779184654132,URL,ERROR,1,False,,,0,0
96fb3e4f-b9bd-4437-9ee8-48893889a70d,https://www.pfrda.org.in/documents/33652/743062/Tamil_Vatsalya_Brochure.pdf/834ce48e-17df-d5b2-47b0-e580f47099c9?t=1779184654793,URL,ERROR,1,False,,,0,0
6f83dbbe-0475-46c0-9d26-4020992f10a5,https://www.pfrda.org.in/documents/33652/743062/Tamil_Vatsalya_Brochure.pdf/834ce48e-17df-d5b2-47b0-e580f47099c9?t=1779184654793,URL,ERROR,3,False,8c17698a-c58e-4ebc-9620-282508f35a55,,0,0
0fdd8e81-1d7d-4895-9829-d1efe9404fa2,https://www.pfrda.org.in/documents/33652/743062/Tamil_Vatsalya_Brochure.pdf/834ce48e-17df-d5b2-47b0-e580f47099c9?t=1779184654793,URL,ERROR,5,False,72850f98-18dd-40c2-ab4b-5c8148ebe8a6,,0,0
8c17698a-c58e-4ebc-9620-282508f35a55,https://www.pfrda.org.in/documents/33652/743062/Tamil_Vatsalya_Brochure.pdf/834ce48e-17df-d5b2-47b0-e580f47099c9?t=1779184654793,URL,ERROR,2,False,96fb3e4f-b9bd-4437-9ee8-48893889a70d,,0,0
72850f98-18dd-40c2-ab4b-5c8148ebe8a6,https://www.pfrda.org.in/documents/33652/743062/Tamil_Vatsalya_Brochure.pdf/834ce48e-17df-d5b2-47b0-e580f47099c9?t=1779184654793,URL,ERROR,4,False,6f83dbbe-0475-46c0-9d26-4020992f10a5,,0,0
d5c102b2-77c6-4a72-a4c1-aa1dbb487670,https://www.pfrda.org.in/documents/33652/743062/Telugu_Vatsalya_Brochure.pdf/4e7c81aa-a2d4-9c4b-6f29-d17bc58e0102?t=1779184655293,URL,ERROR,4,False,3bfca48d-7a77-4a42-9341-54f41e26823c,,0,0
b8f8893b-c977-4d30-aa19-011c67ba0772,https://www.pfrda.org.in/documents/33652/743062/Telugu_Vatsalya_Brochure.pdf/4e7c81aa-a2d4-9c4b-6f29-d17bc58e0102?t=1779184655293,URL,ERROR,5,False,d5c102b2-77c6-4a72-a4c1-aa1dbb487670,,0,0
3bfca48d-7a77-4a42-9341-54f41e26823c,https://www.pfrda.org.in/documents/33652/743062/Telugu_Vatsalya_Brochure.pdf/4e7c81aa-a2d4-9c4b-6f29-d17bc58e0102?t=1779184655293,URL,ERROR,3,False,4a8c644b-90cb-41e6-8961-30f0a6092836,,0,0
897a6e84-4300-4368-99d0-ceeb28bbe62c,https://www.pfrda.org.in/documents/33652/743062/Telugu_Vatsalya_Brochure.pdf/4e7c81aa-a2d4-9c4b-6f29-d17bc58e0102?t=1779184655293,URL,ERROR,1,False,,,0,0
4a8c644b-90cb-41e6-8961-30f0a6092836,https://www.pfrda.org.in/documents/33652/743062/Telugu_Vatsalya_Brochure.pdf/4e7c81aa-a2d4-9c4b-6f29-d17bc58e0102?t=1779184655293,URL,ERROR,2,False,897a6e84-4300-4368-99d0-ceeb28bbe62c,,0,0
c32ebfdc-5cd5-4973-be82-60169f9b3b9c,https://www.pfrda.org.in/documents/33652/743062/Urdu_Vatsalya_Brochure.pdf/f0fa31fc-f426-1f10-8043-358401ce7d3d?t=1779184655807,URL,ERROR,1,False,,,0,0
8a20908c-808d-4a2e-a7b7-ad790ea3faaa,https://www.pfrda.org.in/documents/33652/743062/Urdu_Vatsalya_Brochure.pdf/f0fa31fc-f426-1f10-8043-358401ce7d3d?t=1779184655807,URL,ERROR,4,False,c677763c-3811-42bb-a2be-e0849b9f720d,,0,0
e3422826-052d-4723-862c-526e78393d82,https://www.pfrda.org.in/documents/33652/743062/Urdu_Vatsalya_Brochure.pdf/f0fa31fc-f426-1f10-8043-358401ce7d3d?t=1779184655807,URL,ERROR,5,False,8a20908c-808d-4a2e-a7b7-ad790ea3faaa,,0,0
c677763c-3811-42bb-a2be-e0849b9f720d,https://www.pfrda.org.in/documents/33652/743062/Urdu_Vatsalya_Brochure.pdf/f0fa31fc-f426-1f10-8043-358401ce7d3d?t=1779184655807,URL,ERROR,3,False,2b45c125-1e59-45df-95ae-3cc91028384f,,0,0
2b45c125-1e59-45df-95ae-3cc91028384f,https://www.pfrda.org.in/documents/33652/743062/Urdu_Vatsalya_Brochure.pdf/f0fa31fc-f426-1f10-8043-358401ce7d3d?t=1779184655807,URL,ERROR,2,False,c32ebfdc-5cd5-4973-be82-60169f9b3b9c,,0,0
214e1d24-5a3e-48b4-8cfb-b69f75c81f82,https://www.pfrda.org.in/documents/33652/743387/NPS+Vatsalya+Flyer+Assamese.pdf/13ffaf65-21b7-8268-fec3-d1aad93b2e0c?t=1779184732668,URL,ERROR,1,False,,,0,0
849fd207-edf4-4146-95cc-0f76fb13cbca,https://www.pfrda.org.in/documents/33652/743387/NPS+Vatsalya+Flyer+Assamese.pdf/13ffaf65-21b7-8268-fec3-d1aad93b2e0c?t=1779184732668,URL,ERROR,5,False,efbcf831-2e21-4599-875a-aa2d3247700e,,0,0
efbcf831-2e21-4599-875a-aa2d3247700e,https://www.pfrda.org.in/documents/33652/743387/NPS+Vatsalya+Flyer+Assamese.pdf/13ffaf65-21b7-8268-fec3-d1aad93b2e0c?t=1779184732668,URL,ERROR,4,False,c8e3649c-ed9c-4e2a-93d8-dfa22a5e50ac,,0,0
5f8f562f-3299-4f32-b63c-b434dd775edc,https://www.pfrda.org.in/documents/33652/743387/NPS+Vatsalya+Flyer+Assamese.pdf/13ffaf65-21b7-8268-fec3-d1aad93b2e0c?t=1779184732668,URL,ERROR,2,False,214e1d24-5a3e-48b4-8cfb-b69f75c81f82,,0,0
c8e3649c-ed9c-4e2a-93d8-dfa22a5e50ac,https://www.pfrda.org.in/documents/33652/743387/NPS+Vatsalya+Flyer+Assamese.pdf/13ffaf65-21b7-8268-fec3-d1aad93b2e0c?t=1779184732668,URL,ERROR,3,False,5f8f562f-3299-4f32-b63c-b434dd775edc,,0,0
934b9a74-af5c-473e-b48f-49031f317394,https://www.pfrda.org.in/documents/33652/743387/NPS+Vatsalya+Flyer+Bangla.pdf/0b9f3b02-bff5-d893-2ee3-0c50571c3fe7?t=1779184733136,URL,ERROR,2,False,431b8379-ed65-475e-94d1-f7673a6aba96,,0,0
66322913-23bb-4ba7-a91a-134be78cddd1,https://www.pfrda.org.in/documents/33652/743387/NPS+Vatsalya+Flyer+Bangla.pdf/0b9f3b02-bff5-d893-2ee3-0c50571c3fe7?t=1779184733136,URL,ERROR,4,False,e4d2319f-ca34-4e13-9ddd-0b2a008e9788,,0,0
e4d2319f-ca34-4e13-9ddd-0b2a008e9788,https://www.pfrda.org.in/documents/33652/743387/NPS+Vatsalya+Flyer+Bangla.pdf/0b9f3b02-bff5-d893-2ee3-0c50571c3fe7?t=1779184733136,URL,ERROR,3,False,934b9a74-af5c-473e-b48f-49031f317394,,0,0
2914d15e-50b7-4aa2-a697-0aa0a078c6fb,https://www.pfrda.org.in/documents/33652/743387/NPS+Vatsalya+Flyer+Bangla.pdf/0b9f3b02-bff5-d893-2ee3-0c50571c3fe7?t=1779184733136,URL,ERROR,5,False,66322913-23bb-4ba7-a91a-134be78cddd1,,0,0
431b8379-ed65-475e-94d1-f7673a6aba96,https://www.pfrda.org.in/documents/33652/743387/NPS+Vatsalya+Flyer+Bangla.pdf/0b9f3b02-bff5-d893-2ee3-0c50571c3fe7?t=1779184733136,URL,ERROR,1,False,,,0,0
336e3228-7ca6-499c-8845-536f5032d57b,https://www.pfrda.org.in/documents/33652/743387/NPS+Vatsalya+Flyer+Gujarati.pdf/15141820-1427-242d-8fb8-1d15b043dd48?t=1779184734121,URL,ERROR,4,False,dd6f0d7c-8b57-4863-9038-3be67d882f93,,0,0
dd6f0d7c-8b57-4863-9038-3be67d882f93,https://www.pfrda.org.in/documents/33652/743387/NPS+Vatsalya+Flyer+Gujarati.pdf/15141820-1427-242d-8fb8-1d15b043dd48?t=1779184734121,URL,ERROR,3,False,246205c8-8d59-43ca-ac98-eee1159c4294,,0,0
ffbdd7a3-4591-460a-9f78-390b5f0edb13,https://www.pfrda.org.in/documents/33652/743387/NPS+Vatsalya+Flyer+Gujarati.pdf/15141820-1427-242d-8fb8-1d15b043dd48?t=1779184734121,URL,ERROR,5,False,336e3228-7ca6-499c-8845-536f5032d57b,,0,0
c0e52c76-7ae3-4952-a5b7-6a483c50fa3a,https://www.pfrda.org.in/documents/33652/743387/NPS+Vatsalya+Flyer+Gujarati.pdf/15141820-1427-242d-8fb8-1d15b043dd48?t=1779184734121,URL,ERROR,1,False,,,0,0
246205c8-8d59-43ca-ac98-eee1159c4294,https://www.pfrda.org.in/documents/33652/743387/NPS+Vatsalya+Flyer+Gujarati.pdf/15141820-1427-242d-8fb8-1d15b043dd48?t=1779184734121,URL,ERROR,2,False,c0e52c76-7ae3-4952-a5b7-6a483c50fa3a,,0,0
9fd17319-1bcc-405c-87d6-5c492eb046bb,https://www.pfrda.org.in/documents/33652/743387/NPS+Vatsalya+Flyer+Kannada.pdf/720d6ac5-acf4-0a2b-4ad7-eeaadc592dad?t=1779184735126,URL,ERROR,3,False,ef3aac14-3090-4ad2-8790-c1f105c78fbc,,0,0
8d0a6fe8-154f-41d9-8c7a-8b6820a240d3,https://www.pfrda.org.in/documents/33652/743387/NPS+Vatsalya+Flyer+Kannada.pdf/720d6ac5-acf4-0a2b-4ad7-eeaadc592dad?t=1779184735126,URL,ERROR,1,False,,,0,0
691c47f5-014b-40a6-969a-ce6d08c73d60,https://www.pfrda.org.in/documents/33652/743387/NPS+Vatsalya+Flyer+Kannada.pdf/720d6ac5-acf4-0a2b-4ad7-eeaadc592dad?t=1779184735126,URL,ERROR,4,False,9fd17319-1bcc-405c-87d6-5c492eb046bb,,0,0
c2520160-0b1a-465c-92be-1517b4f97871,https://www.pfrda.org.in/documents/33652/743387/NPS+Vatsalya+Flyer+Kannada.pdf/720d6ac5-acf4-0a2b-4ad7-eeaadc592dad?t=1779184735126,URL,ERROR,5,False,691c47f5-014b-40a6-969a-ce6d08c73d60,,0,0
ef3aac14-3090-4ad2-8790-c1f105c78fbc,https://www.pfrda.org.in/documents/33652/743387/NPS+Vatsalya+Flyer+Kannada.pdf/720d6ac5-acf4-0a2b-4ad7-eeaadc592dad?t=1779184735126,URL,ERROR,2,False,8d0a6fe8-154f-41d9-8c7a-8b6820a240d3,,0,0
60f92de8-c988-4c06-bb41-a90c68457c78,https://www.pfrda.org.in/documents/33652/743387/NPS+Vatsalya+Flyer+Marathi+.pdf/94ccc3ce-31cd-1376-67d0-03a7351745ce?t=1779184735674,URL,ERROR,1,False,,,0,0
ba0eb39b-ff70-4f38-ad93-ba002e380af7,https://www.pfrda.org.in/documents/33652/743387/NPS+Vatsalya+Flyer+Marathi+.pdf/94ccc3ce-31cd-1376-67d0-03a7351745ce?t=1779184735674,URL,ERROR,5,False,9df206e7-21f4-41d2-8c55-27f5311d92ee,,0,0
9df206e7-21f4-41d2-8c55-27f5311d92ee,https://www.pfrda.org.in/documents/33652/743387/NPS+Vatsalya+Flyer+Marathi+.pdf/94ccc3ce-31cd-1376-67d0-03a7351745ce?t=1779184735674,URL,ERROR,4,False,40470bf6-aa62-4f66-9754-75a648f8b872,,0,0
40470bf6-aa62-4f66-9754-75a648f8b872,https://www.pfrda.org.in/documents/33652/743387/NPS+Vatsalya+Flyer+Marathi+.pdf/94ccc3ce-31cd-1376-67d0-03a7351745ce?t=1779184735674,URL,ERROR,3,False,f712ccc1-f7bb-4103-859a-c049cca3d6d0,,0,0
f712ccc1-f7bb-4103-859a-c049cca3d6d0,https://www.pfrda.org.in/documents/33652/743387/NPS+Vatsalya+Flyer+Marathi+.pdf/94ccc3ce-31cd-1376-67d0-03a7351745ce?t=1779184735674,URL,ERROR,2,False,60f92de8-c988-4c06-bb41-a90c68457c78,,0,0
5ce99c22-49e7-43eb-b3c0-611d948bb859,https://www.pfrda.org.in/documents/33652/743387/NPS+Vatsalya+Flyer+odia.pdf/2451d968-d68a-bfaa-aeaa-05cd2798b055?t=1779184736194,URL,ERROR,4,False,945c1af2-ae51-47fe-8ce4-955f99d43930,,0,0
945c1af2-ae51-47fe-8ce4-955f99d43930,https://www.pfrda.org.in/documents/33652/743387/NPS+Vatsalya+Flyer+odia.pdf/2451d968-d68a-bfaa-aeaa-05cd2798b055?t=1779184736194,URL,ERROR,3,False,6008223f-7cca-4ac7-bed4-f1f2896401a9,,0,0
eb7b27f6-5160-4fa7-ad87-fb1cd348124a,https://www.pfrda.org.in/documents/33652/743387/NPS+Vatsalya+Flyer+odia.pdf/2451d968-d68a-bfaa-aeaa-05cd2798b055?t=1779184736194,URL,ERROR,5,False,5ce99c22-49e7-43eb-b3c0-611d948bb859,,0,0
cbb1348d-620a-494a-bf08-c01324214fd1,https://www.pfrda.org.in/documents/33652/743387/NPS+Vatsalya+Flyer+odia.pdf/2451d968-d68a-bfaa-aeaa-05cd2798b055?t=1779184736194,URL,ERROR,1,False,,,0,0
6008223f-7cca-4ac7-bed4-f1f2896401a9,https://www.pfrda.org.in/documents/33652/743387/NPS+Vatsalya+Flyer+odia.pdf/2451d968-d68a-bfaa-aeaa-05cd2798b055?t=1779184736194,URL,ERROR,2,False,cbb1348d-620a-494a-bf08-c01324214fd1,,0,0
7cafa53e-71c4-4ed9-bf0f-4d7ac0f774b3,https://www.pfrda.org.in/documents/33652/743387/NPS+Vatsalya+Flyer+Punjabi.pdf/be4501ce-f11f-716f-1e03-d4a4079c3ba3?t=1779184731152,URL,ERROR,3,False,8fb3d295-b591-4256-baab-421b704e7ac2,,0,0
4cfca18a-d277-4ab7-8b93-8729ff27001c,https://www.pfrda.org.in/documents/33652/743387/NPS+Vatsalya+Flyer+Punjabi.pdf/be4501ce-f11f-716f-1e03-d4a4079c3ba3?t=1779184731152,URL,ERROR,5,False,0b47349d-ee6f-4877-95dc-1d77a6ebfe53,,0,0
c8136c73-fe9a-45da-b310-5f09c6fde33d,https://www.pfrda.org.in/documents/33652/743387/NPS+Vatsalya+Flyer+Punjabi.pdf/be4501ce-f11f-716f-1e03-d4a4079c3ba3?t=1779184731152,URL,ERROR,1,False,,,0,0
0b47349d-ee6f-4877-95dc-1d77a6ebfe53,https://www.pfrda.org.in/documents/33652/743387/NPS+Vatsalya+Flyer+Punjabi.pdf/be4501ce-f11f-716f-1e03-d4a4079c3ba3?t=1779184731152,URL,ERROR,4,False,7cafa53e-71c4-4ed9-bf0f-4d7ac0f774b3,,0,0
8fb3d295-b591-4256-baab-421b704e7ac2,https://www.pfrda.org.in/documents/33652/743387/NPS+Vatsalya+Flyer+Punjabi.pdf/be4501ce-f11f-716f-1e03-d4a4079c3ba3?t=1779184731152,URL,ERROR,2,False,c8136c73-fe9a-45da-b310-5f09c6fde33d,,0,0
dce223c1-2918-4d3d-9a87-a2a824d706f0,https://www.pfrda.org.in/documents/33652/743387/NPS+Vatsalya+Flyer+Tamil.pdf/2fd8e9b4-677d-38d6-31d2-66efb0dbfdcf?t=1779184731673,URL,ERROR,3,False,1fbffaf8-32b5-44d3-9c05-675246ce5cf3,,0,0
371998be-ad94-4f88-8129-2b33ac6105f8,https://www.pfrda.org.in/documents/33652/743387/NPS+Vatsalya+Flyer+Tamil.pdf/2fd8e9b4-677d-38d6-31d2-66efb0dbfdcf?t=1779184731673,URL,ERROR,4,False,dce223c1-2918-4d3d-9a87-a2a824d706f0,,0,0
442b5b2b-8a97-4b13-83ca-7eebd34dbf2d,https://www.pfrda.org.in/documents/33652/743387/NPS+Vatsalya+Flyer+Tamil.pdf/2fd8e9b4-677d-38d6-31d2-66efb0dbfdcf?t=1779184731673,URL,ERROR,1,False,,,0,0
1fbffaf8-32b5-44d3-9c05-675246ce5cf3,https://www.pfrda.org.in/documents/33652/743387/NPS+Vatsalya+Flyer+Tamil.pdf/2fd8e9b4-677d-38d6-31d2-66efb0dbfdcf?t=1779184731673,URL,ERROR,2,False,442b5b2b-8a97-4b13-83ca-7eebd34dbf2d,,0,0
01a695c3-2574-49a3-9e82-2362443eeefd,https://www.pfrda.org.in/documents/33652/743387/NPS+Vatsalya+Flyer+Tamil.pdf/2fd8e9b4-677d-38d6-31d2-66efb0dbfdcf?t=1779184731673,URL,ERROR,5,False,371998be-ad94-4f88-8129-2b33ac6105f8,,0,0
6d8d3a55-168c-47b3-8ab5-786e2543d5fc,https://www.pfrda.org.in/documents/33652/743387/NPS+Vatsalya+Flyer+Telugu+.pdf/be62b66b-8f18-5a4c-d541-7ec3a89f856f?t=1779184732124,URL,ERROR,5,False,07595e1c-38c0-43f3-ad9a-fff64a7c4869,,0,0
a7854e9f-0e35-42bc-81e3-6967593db7d7,https://www.pfrda.org.in/documents/33652/743387/NPS+Vatsalya+Flyer+Telugu+.pdf/be62b66b-8f18-5a4c-d541-7ec3a89f856f?t=1779184732124,URL,ERROR,3,False,0323986e-cf61-40ad-9840-fbf9adf81ced,,0,0
0323986e-cf61-40ad-9840-fbf9adf81ced,https://www.pfrda.org.in/documents/33652/743387/NPS+Vatsalya+Flyer+Telugu+.pdf/be62b66b-8f18-5a4c-d541-7ec3a89f856f?t=1779184732124,URL,ERROR,2,False,f1b1afe2-0b1d-403b-90a0-67faf2e044a9,,0,0
f1b1afe2-0b1d-403b-90a0-67faf2e044a9,https://www.pfrda.org.in/documents/33652/743387/NPS+Vatsalya+Flyer+Telugu+.pdf/be62b66b-8f18-5a4c-d541-7ec3a89f856f?t=1779184732124,URL,ERROR,1,False,,,0,0
07595e1c-38c0-43f3-ad9a-fff64a7c4869,https://www.pfrda.org.in/documents/33652/743387/NPS+Vatsalya+Flyer+Telugu+.pdf/be62b66b-8f18-5a4c-d541-7ec3a89f856f?t=1779184732124,URL,ERROR,4,False,a7854e9f-0e35-42bc-81e3-6967593db7d7,,0,0
d0fba22f-ac9e-4921-8411-8521640cc5df,https://www.pfrda.org.in/documents/33652/766440/Pre-Bid+Responses+-+ENGAGEMENT+OF+TRAINING+AGENCY+FOR+SUBSCRIBER+AWARENESS%2C+EDUCATION+AND+TRAINING+FOR+STAKEHOLDERS+ON+NPS+SANCHAY.pdf/72a3052b-9170-cf94-a730-da305f659ae1?t=1783431316193,URL,ERROR,2,False,7ff4d141-2996-4f7b-82b1-a7bda225ee47,,0,0
7ff4d141-2996-4f7b-82b1-a7bda225ee47,https://www.pfrda.org.in/documents/33652/766440/Pre-Bid+Responses+-+ENGAGEMENT+OF+TRAINING+AGENCY+FOR+SUBSCRIBER+AWARENESS%2C+EDUCATION+AND+TRAINING+FOR+STAKEHOLDERS+ON+NPS+SANCHAY.pdf/72a3052b-9170-cf94-a730-da305f659ae1?t=1783431316193,URL,ERROR,1,False,,,0,0
33f7a014-e265-470e-a99f-bce5e9421b01,https://www.pfrda.org.in/documents/33652/766440/Pre-Bid+Responses+-+ENGAGEMENT+OF+TRAINING+AGENCY+FOR+SUBSCRIBER+AWARENESS%2C+EDUCATION+AND+TRAINING+FOR+STAKEHOLDERS+ON+NPS+SANCHAY.pdf/72a3052b-9170-cf94-a730-da305f659ae1?t=1783431316193,URL,ERROR,3,False,d0fba22f-ac9e-4921-8411-8521640cc5df,,0,0
ca9acaa6-a811-4438-b0d6-a3b604d05472,https://www.pfrda.org.in/documents/33652/795894/GeM-Bidding_SITC_Network_Equipment_Mumbai_Office.pdf/29688834-132f-6778-1dfc-f7a1f631ce32?t=1784371017101,URL,ERROR,2,False,6c64e07f-5dc3-4ac9-88c2-03cee6e77513,,0,0
ccd6efb4-e2e2-4b12-9029-12ea419e98c8,https://www.pfrda.org.in/documents/33652/795894/GeM-Bidding_SITC_Network_Equipment_Mumbai_Office.pdf/29688834-132f-6778-1dfc-f7a1f631ce32?t=1784371017101,URL,ERROR,4,False,1560ddf3-005c-498a-9344-e4c0e63d9fe3,,0,0
1560ddf3-005c-498a-9344-e4c0e63d9fe3,https://www.pfrda.org.in/documents/33652/795894/GeM-Bidding_SITC_Network_Equipment_Mumbai_Office.pdf/29688834-132f-6778-1dfc-f7a1f631ce32?t=1784371017101,URL,ERROR,3,False,ca9acaa6-a811-4438-b0d6-a3b604d05472,,0,0
6c64e07f-5dc3-4ac9-88c2-03cee6e77513,https://www.pfrda.org.in/documents/33652/795894/GeM-Bidding_SITC_Network_Equipment_Mumbai_Office.pdf/29688834-132f-6778-1dfc-f7a1f631ce32?t=1784371017101,URL,ERROR,1,False,,,0,0
52a9026d-0754-472b-91f3-0e763dbc1502,https://www.pfrda.org.in/documents/33652/810024/%E0%A4%B9%E0%A4%BF%E0%A4%A8%E0%A5%8D%E0%A4%A6%E0%A5%80+REQUEST+FOR+PROPOSAL+%28RFP%29+FOR+ENGAGEMENT+OF+TRAINING+AGENCY%28IES%29+FOR+SUBSCRIBER+AWARENESS%2C+EDUCATION+AND+TRAINING+FOR+STAKEHOLDERS+ON+NPS+SANCHAY.pdf/ed643454-3c3e-4be9-90dc-1070839231f9?t=1785503796269,URL,ERROR,3,False,15f306a0-a409-4ce5-9f6e-2f22dd0c7d1e,,0,0
144a3592-78d9-444a-b5ed-5fe5d67e5eb4,https://www.pfrda.org.in/documents/33652/810024/%E0%A4%B9%E0%A4%BF%E0%A4%A8%E0%A5%8D%E0%A4%A6%E0%A5%80+REQUEST+FOR+PROPOSAL+%28RFP%29+FOR+ENGAGEMENT+OF+TRAINING+AGENCY%28IES%29+FOR+SUBSCRIBER+AWARENESS%2C+EDUCATION+AND+TRAINING+FOR+STAKEHOLDERS+ON+NPS+SANCHAY.pdf/ed643454-3c3e-4be9-90dc-1070839231f9?t=1785503796269,URL,ERROR,1,False,,,0,0
08debeee-dab4-4ee7-a47b-407e3c8782f0,https://www.pfrda.org.in/documents/33652/810024/%E0%A4%B9%E0%A4%BF%E0%A4%A8%E0%A5%8D%E0%A4%A6%E0%A5%80+REQUEST+FOR+PROPOSAL+%28RFP%29+FOR+ENGAGEMENT+OF+TRAINING+AGENCY%28IES%29+FOR+SUBSCRIBER+AWARENESS%2C+EDUCATION+AND+TRAINING+FOR+STAKEHOLDERS+ON+NPS+SANCHAY.pdf/ed643454-3c3e-4be9-90dc-1070839231f9?t=1785503796269,URL,ERROR,6,False,acd8b1a2-51ad-4d08-acee-255567745927,,0,0
acd8b1a2-51ad-4d08-acee-255567745927,https://www.pfrda.org.in/documents/33652/810024/%E0%A4%B9%E0%A4%BF%E0%A4%A8%E0%A5%8D%E0%A4%A6%E0%A5%80+REQUEST+FOR+PROPOSAL+%28RFP%29+FOR+ENGAGEMENT+OF+TRAINING+AGENCY%28IES%29+FOR+SUBSCRIBER+AWARENESS%2C+EDUCATION+AND+TRAINING+FOR+STAKEHOLDERS+ON+NPS+SANCHAY.pdf/ed643454-3c3e-4be9-90dc-1070839231f9?t=1785503796269,URL,ERROR,5,False,71df4795-73e7-4f95-8a5e-33c208cc7f01,,0,0
71df4795-73e7-4f95-8a5e-33c208cc7f01,https://www.pfrda.org.in/documents/33652/810024/%E0%A4%B9%E0%A4%BF%E0%A4%A8%E0%A5%8D%E0%A4%A6%E0%A5%80+REQUEST+FOR+PROPOSAL+%28RFP%29+FOR+ENGAGEMENT+OF+TRAINING+AGENCY%28IES%29+FOR+SUBSCRIBER+AWARENESS%2C+EDUCATION+AND+TRAINING+FOR+STAKEHOLDERS+ON+NPS+SANCHAY.pdf/ed643454-3c3e-4be9-90dc-1070839231f9?t=1785503796269,URL,ERROR,4,False,52a9026d-0754-472b-91f3-0e763dbc1502,,0,0
15f306a0-a409-4ce5-9f6e-2f22dd0c7d1e,https://www.pfrda.org.in/documents/33652/810024/%E0%A4%B9%E0%A4%BF%E0%A4%A8%E0%A5%8D%E0%A4%A6%E0%A5%80+REQUEST+FOR+PROPOSAL+%28RFP%29+FOR+ENGAGEMENT+OF+TRAINING+AGENCY%28IES%29+FOR+SUBSCRIBER+AWARENESS%2C+EDUCATION+AND+TRAINING+FOR+STAKEHOLDERS+ON+NPS+SANCHAY.pdf/ed643454-3c3e-4be9-90dc-1070839231f9?t=1785503796269,URL,ERROR,2,False,144a3592-78d9-444a-b5ed-5fe5d67e5eb4,,0,0
076ff41c-1d8f-4866-8292-4e63c2108187,https://www.pfrda.org.in/documents/33652/810024/Pre+Bid+Responses+Bilingual+RFP+for+Engagement+of+Training+Agency%28ies%29+for+Subscriber+Awareness%2C+Education+and+Training+for+Stakeholders+on+NPS+Sanchay+in+Agri+Segment.pdf/9ab55f5f-6b86-5a68-1133-f4fc14f65c8c?t=1788242663222,URL,ERROR,5,False,8cd26ef8-5acd-431e-bdc3-64c783a7b247,,0,0
efa08360-0dfc-4f63-979c-1cfd413ffc1d,https://www.pfrda.org.in/documents/33652/810024/Pre+Bid+Responses+Bilingual+RFP+for+Engagement+of+Training+Agency%28ies%29+for+Subscriber+Awareness%2C+Education+and+Training+for+Stakeholders+on+NPS+Sanchay+in+Agri+Segment.pdf/9ab55f5f-6b86-5a68-1133-f4fc14f65c8c?t=1788242663222,URL,ERROR,6,False,076ff41c-1d8f-4866-8292-4e63c2108187,,0,0
451869f5-0f70-433d-b03d-dee24ba4da6f,https://www.pfrda.org.in/documents/33652/810024/Pre+Bid+Responses+Bilingual+RFP+for+Engagement+of+Training+Agency%28ies%29+for+Subscriber+Awareness%2C+Education+and+Training+for+Stakeholders+on+NPS+Sanchay+in+Agri+Segment.pdf/9ab55f5f-6b86-5a68-1133-f4fc14f65c8c?t=1788242663222,URL,ERROR,7,False,efa08360-0dfc-4f63-979c-1cfd413ffc1d,,0,0
f6cb3435-0084-457c-8ea7-1e56f10a5124,https://www.pfrda.org.in/documents/33652/810024/Pre+Bid+Responses+Bilingual+RFP+for+Engagement+of+Training+Agency%28ies%29+for+Subscriber+Awareness%2C+Education+and+Training+for+Stakeholders+on+NPS+Sanchay+in+Agri+Segment.pdf/9ab55f5f-6b86-5a68-1133-f4fc14f65c8c?t=1788242663222,URL,ERROR,3,False,18047764-bd44-4273-a913-88359333d631,,0,0
18047764-bd44-4273-a913-88359333d631,https://www.pfrda.org.in/documents/33652/810024/Pre+Bid+Responses+Bilingual+RFP+for+Engagement+of+Training+Agency%28ies%29+for+Subscriber+Awareness%2C+Education+and+Training+for+Stakeholders+on+NPS+Sanchay+in+Agri+Segment.pdf/9ab55f5f-6b86-5a68-1133-f4fc14f65c8c?t=1788242663222,URL,ERROR,2,False,5db94bfb-e04b-4111-9957-39795f0146a7,,0,0
8cd26ef8-5acd-431e-bdc3-64c783a7b247,https://www.pfrda.org.in/documents/33652/810024/Pre+Bid+Responses+Bilingual+RFP+for+Engagement+of+Training+Agency%28ies%29+for+Subscriber+Awareness%2C+Education+and+Training+for+Stakeholders+on+NPS+Sanchay+in+Agri+Segment.pdf/9ab55f5f-6b86-5a68-1133-f4fc14f65c8c?t=1788242663222,URL,ERROR,4,False,f6cb3435-0084-457c-8ea7-1e56f10a5124,,0,0
5db94bfb-e04b-4111-9957-39795f0146a7,https://www.pfrda.org.in/documents/33652/810024/Pre+Bid+Responses+Bilingual+RFP+for+Engagement+of+Training+Agency%28ies%29+for+Subscriber+Awareness%2C+Education+and+Training+for+Stakeholders+on+NPS+Sanchay+in+Agri+Segment.pdf/9ab55f5f-6b86-5a68-1133-f4fc14f65c8c?t=1788242663222,URL,ERROR,1,False,,,0,0
6c3888a3-d053-4555-bbd6-fcc18c5cf18e,https://www.pfrda.org.in/documents/33652/810024/Pre-Bid+Responses+ENGAGEMENT+OF+TRAINING+AGENCY+FOR+SUBSCRIBER+AWARENESS%2C+EDUCATION+AND+TRAINING+FOR+STAKEHOLDERS+ON+NPS+SANCHAY.pdf/86f83178-2825-8028-6f36-281d5051423d?t=1787677188643,URL,ERROR,1,False,,,0,0
7b468045-aa9a-47f8-a6c5-e51fd2ea4623,https://www.pfrda.org.in/documents/33652/810024/REQUEST+FOR+PROPOSAL+%28RFP%29+FOR+ENGAGEMENT+OF+TRAINING+AGENCY%28IES%29+FOR+SUBSCRIBER+AWARENESS%2C+EDUCATION+AND+TRAINING+FOR+STAKEHOLDERS+ON+NPS+SANCHAY.pdf/b00bafc3-daa1-2c08-ea20-91831c2cd6c6?t=1785503795391,URL,ERROR,2,False,91752364-68de-4c71-b080-c019713d1a82,,0,0
91752364-68de-4c71-b080-c019713d1a82,https://www.pfrda.org.in/documents/33652/810024/REQUEST+FOR+PROPOSAL+%28RFP%29+FOR+ENGAGEMENT+OF+TRAINING+AGENCY%28IES%29+FOR+SUBSCRIBER+AWARENESS%2C+EDUCATION+AND+TRAINING+FOR+STAKEHOLDERS+ON+NPS+SANCHAY.pdf/b00bafc3-daa1-2c08-ea20-91831c2cd6c6?t=1785503795391,URL,ERROR,1,False,,,0,0
71d5746b-612f-40b6-b1a3-f610c127b16b,https://www.pfrda.org.in/documents/33652/810024/REQUEST+FOR+PROPOSAL+%28RFP%29+FOR+ENGAGEMENT+OF+TRAINING+AGENCY%28IES%29+FOR+SUBSCRIBER+AWARENESS%2C+EDUCATION+AND+TRAINING+FOR+STAKEHOLDERS+ON+NPS+SANCHAY.pdf/b00bafc3-daa1-2c08-ea20-91831c2cd6c6?t=1785503795391,URL,ERROR,5,False,6e02335f-d08e-4957-bf9d-aa85d361b4ca,,0,0
6e02335f-d08e-4957-bf9d-aa85d361b4ca,https://www.pfrda.org.in/documents/33652/810024/REQUEST+FOR+PROPOSAL+%28RFP%29+FOR+ENGAGEMENT+OF+TRAINING+AGENCY%28IES%29+FOR+SUBSCRIBER+AWARENESS%2C+EDUCATION+AND+TRAINING+FOR+STAKEHOLDERS+ON+NPS+SANCHAY.pdf/b00bafc3-daa1-2c08-ea20-91831c2cd6c6?t=1785503795391,URL,ERROR,4,False,4b5b0585-d8c3-4c97-86f6-17e5a2a6092e,,0,0
4b5b0585-d8c3-4c97-86f6-17e5a2a6092e,https://www.pfrda.org.in/documents/33652/810024/REQUEST+FOR+PROPOSAL+%28RFP%29+FOR+ENGAGEMENT+OF+TRAINING+AGENCY%28IES%29+FOR+SUBSCRIBER+AWARENESS%2C+EDUCATION+AND+TRAINING+FOR+STAKEHOLDERS+ON+NPS+SANCHAY.pdf/b00bafc3-daa1-2c08-ea20-91831c2cd6c6?t=1785503795391,URL,ERROR,3,False,7b468045-aa9a-47f8-a6c5-e51fd2ea4623,,0,0
8a8f5802-8001-4eba-9374-62f2b5f9f6ef,https://www.pfrda.org.in/documents/33652/810024/REQUEST+FOR+PROPOSAL+%28RFP%29+FOR+ENGAGEMENT+OF+TRAINING+AGENCY%28IES%29+FOR+SUBSCRIBER+AWARENESS%2C+EDUCATION+AND+TRAINING+FOR+STAKEHOLDERS+ON+NPS+SANCHAY.pdf/b00bafc3-daa1-2c08-ea20-91831c2cd6c6?t=1785503795391,URL,ERROR,6,False,71d5746b-612f-40b6-b1a3-f610c127b16b,,0,0
168c71c0-4100-4ab7-bb61-d45a8b1247ce,https://www.pfrda.org.in/documents/d/pfrda/application-to-keep-empanelment-in-force-as-an-asp,URL,ERROR,5,False,c8f4840f-307d-4e90-af3f-57ac615156de,,0,0
e8017091-69fc-45fe-a162-fa9652a49fd7,https://www.pfrda.org.in/documents/d/pfrda/application-to-keep-empanelment-in-force-as-an-asp,URL,ERROR,8,False,517c2ad4-f8d7-4e2d-b1af-61a522ab5ca1,,0,0
517c2ad4-f8d7-4e2d-b1af-61a522ab5ca1,https://www.pfrda.org.in/documents/d/pfrda/application-to-keep-empanelment-in-force-as-an-asp,URL,ERROR,7,False,8ec73a9e-e1f5-4a71-9f49-545280159c5c,,0,0
8ec73a9e-e1f5-4a71-9f49-545280159c5c,https://www.pfrda.org.in/documents/d/pfrda/application-to-keep-empanelment-in-force-as-an-asp,URL,ERROR,6,False,168c71c0-4100-4ab7-bb61-d45a8b1247ce,,0,0
13ba49c4-e10d-44cd-a0db-7a9f969e14f1,https://www.pfrda.org.in/documents/d/pfrda/application-to-keep-empanelment-in-force-as-an-asp,URL,ERROR,2,False,3da1ca98-e248-4083-b150-4cd1ff319cbd,,0,0
c8f4840f-307d-4e90-af3f-57ac615156de,https://www.pfrda.org.in/documents/d/pfrda/application-to-keep-empanelment-in-force-as-an-asp,URL,ERROR,4,False,71cbfe4e-8ab1-4842-b4a2-15b00586714c,,0,0
71cbfe4e-8ab1-4842-b4a2-15b00586714c,https://www.pfrda.org.in/documents/d/pfrda/application-to-keep-empanelment-in-force-as-an-asp,URL,ERROR,3,False,13ba49c4-e10d-44cd-a0db-7a9f969e14f1,,0,0
3da1ca98-e248-4083-b150-4cd1ff319cbd,https://www.pfrda.org.in/documents/d/pfrda/application-to-keep-empanelment-in-force-as-an-asp,URL,ERROR,1,False,,,0,0
15f5af31-ad9d-4858-92b6-069347dc0a6a,https://www.pfrda.org.in/documents/d/pfrda/appointment-of-nodal-officer-under-section-4-of-the-rti-act-2005,URL,ERROR,7,False,4cd0c7ea-c1b1-41a1-af4d-da016204877c,,0,0
d288e1a3-d7b1-4b9a-8b11-573fe36e732e,https://www.pfrda.org.in/documents/d/pfrda/appointment-of-nodal-officer-under-section-4-of-the-rti-act-2005,URL,ERROR,5,False,c363c737-d970-4360-bc86-72eede32f452,,0,0
ecc36f1f-6dd0-4b61-bdf0-ff5e542beb59,https://www.pfrda.org.in/documents/d/pfrda/appointment-of-nodal-officer-under-section-4-of-the-rti-act-2005,URL,ERROR,2,False,4408f090-70c0-44aa-9669-41926d79205c,,0,0
4408f090-70c0-44aa-9669-41926d79205c,https://www.pfrda.org.in/documents/d/pfrda/appointment-of-nodal-officer-under-section-4-of-the-rti-act-2005,URL,ERROR,1,False,,,0,0
c363c737-d970-4360-bc86-72eede32f452,https://www.pfrda.org.in/documents/d/pfrda/appointment-of-nodal-officer-under-section-4-of-the-rti-act-2005,URL,ERROR,4,False,b1d60949-4eb1-4049-a5ea-9e3255fc6eb2,,0,0
4cd0c7ea-c1b1-41a1-af4d-da016204877c,https://www.pfrda.org.in/documents/d/pfrda/appointment-of-nodal-officer-under-section-4-of-the-rti-act-2005,URL,ERROR,6,False,d288e1a3-d7b1-4b9a-8b11-573fe36e732e,,0,0
b1d60949-4eb1-4049-a5ea-9e3255fc6eb2,https://www.pfrda.org.in/documents/d/pfrda/appointment-of-nodal-officer-under-section-4-of-the-rti-act-2005,URL,ERROR,3,False,ecc36f1f-6dd0-4b61-bdf0-ff5e542beb59,,0,0
37511a3a-6f5a-4c0c-9327-7347601b0cba,https://www.pfrda.org.in/documents/d/pfrda/combined-rti-1-pdf,URL,ERROR,3,False,32d42c97-7225-43a9-a76c-2a0e8d55a8f2,,0,0
1a3d1100-0705-4560-893f-ff6b6e292b14,https://www.pfrda.org.in/documents/d/pfrda/combined-rti-1-pdf,URL,ERROR,4,False,37511a3a-6f5a-4c0c-9327-7347601b0cba,,0,0
f132bcfa-5d9c-4db1-9c53-d8b31a13331e,https://www.pfrda.org.in/documents/d/pfrda/combined-rti-1-pdf,URL,ERROR,6,False,1ac4778e-2edf-4eb1-81e9-62bfa32c7ca3,,0,0
32d42c97-7225-43a9-a76c-2a0e8d55a8f2,https://www.pfrda.org.in/documents/d/pfrda/combined-rti-1-pdf,URL,ERROR,2,False,56fcf573-65bd-408b-93d0-901d872f9217,,0,0
1ac4778e-2edf-4eb1-81e9-62bfa32c7ca3,https://www.pfrda.org.in/documents/d/pfrda/combined-rti-1-pdf,URL,ERROR,5,False,1a3d1100-0705-4560-893f-ff6b6e292b14,,0,0
54b7dbc4-61dd-446f-bf72-b99ad7b0da93,https://www.pfrda.org.in/documents/d/pfrda/combined-rti-1-pdf,URL,ERROR,7,False,f132bcfa-5d9c-4db1-9c53-d8b31a13331e,,0,0
56fcf573-65bd-408b-93d0-901d872f9217,https://www.pfrda.org.in/documents/d/pfrda/combined-rti-1-pdf,URL,ERROR,1,False,,,0,0
ec2f8b63-c3d0-4bfe-a01d-bd576165b853,https://www.pfrda.org.in/documents/d/pfrda/details-in-respect-of-the-information-available-to-or-held-by-it-reduced-in-an-electronic,URL,ERROR,3,False,60ac6943-d23a-4b03-bec2-691c29cc0c0c,,0,0
42dbd0b2-58e4-4d4f-98f0-e4cc4f7db409,https://www.pfrda.org.in/documents/d/pfrda/details-in-respect-of-the-information-available-to-or-held-by-it-reduced-in-an-electronic,URL,ERROR,6,False,7989480d-e1a1-4f5f-b524-254d899cd6fd,,0,0
7989480d-e1a1-4f5f-b524-254d899cd6fd,https://www.pfrda.org.in/documents/d/pfrda/details-in-respect-of-the-information-available-to-or-held-by-it-reduced-in-an-electronic,URL,ERROR,5,False,8f3760fb-920e-4014-bf36-bf2f82bd7315,,0,0
f7fead8f-4ae1-4eaf-b24b-e53324ecfabb,https://www.pfrda.org.in/documents/d/pfrda/details-in-respect-of-the-information-available-to-or-held-by-it-reduced-in-an-electronic,URL,ERROR,1,False,,,0,0
f6645bff-b152-436d-a9cc-c101d55ec643,https://www.pfrda.org.in/documents/d/pfrda/details-in-respect-of-the-information-available-to-or-held-by-it-reduced-in-an-electronic,URL,ERROR,8,False,0a7966fc-0e42-4134-ba9c-859ca7ac7420,,0,0
0a7966fc-0e42-4134-ba9c-859ca7ac7420,https://www.pfrda.org.in/documents/d/pfrda/details-in-respect-of-the-information-available-to-or-held-by-it-reduced-in-an-electronic,URL,ERROR,7,False,42dbd0b2-58e4-4d4f-98f0-e4cc4f7db409,,0,0
8f3760fb-920e-4014-bf36-bf2f82bd7315,https://www.pfrda.org.in/documents/d/pfrda/details-in-respect-of-the-information-available-to-or-held-by-it-reduced-in-an-electronic,URL,ERROR,4,False,ec2f8b63-c3d0-4bfe-a01d-bd576165b853,,0,0
60ac6943-d23a-4b03-bec2-691c29cc0c0c,https://www.pfrda.org.in/documents/d/pfrda/details-in-respect-of-the-information-available-to-or-held-by-it-reduced-in-an-electronic,URL,ERROR,2,False,f7fead8f-4ae1-4eaf-b24b-e53324ecfabb,,0,0
40cf9fee-b1d2-480b-80f9-4c327163e2a4,https://www.pfrda.org.in/documents/d/pfrda/details-of-discretionary-and-non-discretionary-grants,URL,ERROR,4,False,2f68423c-da89-4a94-9637-27387fbf57c2,,0,0
4209cbb8-e431-4aa6-ad82-f9c5e3d13d72,https://www.pfrda.org.in/documents/d/pfrda/details-of-discretionary-and-non-discretionary-grants,URL,ERROR,1,False,,,0,0
c545182d-12ae-4863-9d1e-69c02213cc22,https://www.pfrda.org.in/documents/d/pfrda/details-of-discretionary-and-non-discretionary-grants,URL,ERROR,7,False,0c3c3a84-873d-4724-a21c-fdecc9aed5fd,,0,0
3468b6c7-9116-4847-bece-545777261b3f,https://www.pfrda.org.in/documents/d/pfrda/details-of-discretionary-and-non-discretionary-grants,URL,ERROR,2,False,4209cbb8-e431-4aa6-ad82-f9c5e3d13d72,,0,0
2f68423c-da89-4a94-9637-27387fbf57c2,https://www.pfrda.org.in/documents/d/pfrda/details-of-discretionary-and-non-discretionary-grants,URL,ERROR,3,False,3468b6c7-9116-4847-bece-545777261b3f,,0,0
0c3c3a84-873d-4724-a21c-fdecc9aed5fd,https://www.pfrda.org.in/documents/d/pfrda/details-of-discretionary-and-non-discretionary-grants,URL,ERROR,6,False,a6cd2b4f-3528-445c-91e9-157b835fec7f,,0,0
a6cd2b4f-3528-445c-91e9-157b835fec7f,https://www.pfrda.org.in/documents/d/pfrda/details-of-discretionary-and-non-discretionary-grants,URL,ERROR,5,False,40cf9fee-b1d2-480b-80f9-4c327163e2a4,,0,0
8c86581d-17e0-408e-b558-2035f2b80885,https://www.pfrda.org.in/documents/d/pfrda/directory-of-officers-and-employees-of-the-authority,URL,ERROR,7,False,36c144f2-8147-473a-9f95-9c1035d45e95,,0,0
ab5c7d4f-d666-479b-8219-8ee1a392b3f4,https://www.pfrda.org.in/documents/d/pfrda/directory-of-officers-and-employees-of-the-authority,URL,ERROR,3,False,e31ab7b4-0c6b-4750-8e4f-782526374c8d,,0,0
5d2f61f2-b694-48eb-8d49-601921ebece6,https://www.pfrda.org.in/documents/d/pfrda/directory-of-officers-and-employees-of-the-authority,URL,ERROR,4,False,ab5c7d4f-d666-479b-8219-8ee1a392b3f4,,0,0
52dc3cce-610e-4a8d-adb7-58cf486d770d,https://www.pfrda.org.in/documents/d/pfrda/directory-of-officers-and-employees-of-the-authority,URL,ERROR,1,False,,,0,0
a3833d0a-0fef-4890-b324-dda70b76ab61,https://www.pfrda.org.in/documents/d/pfrda/directory-of-officers-and-employees-of-the-authority,URL,ERROR,5,False,5d2f61f2-b694-48eb-8d49-601921ebece6,,0,0
e31ab7b4-0c6b-4750-8e4f-782526374c8d,https://www.pfrda.org.in/documents/d/pfrda/directory-of-officers-and-employees-of-the-authority,URL,ERROR,2,False,52dc3cce-610e-4a8d-adb7-58cf486d770d,,0,0
36c144f2-8147-473a-9f95-9c1035d45e95,https://www.pfrda.org.in/documents/d/pfrda/directory-of-officers-and-employees-of-the-authority,URL,ERROR,6,False,a3833d0a-0fef-4890-b324-dda70b76ab61,,0,0
1bb170f6-fe85-4b85-8fb8-8310418624f7,https://www.pfrda.org.in/documents/d/pfrda/fy-2020-21,URL,ERROR,7,False,5929fb5b-03fd-41e3-9538-34ca2d3fde25,,0,0
fa27db42-c26f-44d7-ac56-3fbf24ee0b12,https://www.pfrda.org.in/documents/d/pfrda/fy-2020-21,URL,ERROR,3,False,165d8c56-827e-41e2-9473-e7674fa0cd37,,0,0
13858af7-8dc5-4844-aae1-ded6ffc3280e,https://www.pfrda.org.in/documents/d/pfrda/fy-2020-21,URL,ERROR,8,False,1bb170f6-fe85-4b85-8fb8-8310418624f7,,0,0
3ab713b5-1302-4de2-8f2a-96f2804e870f,https://www.pfrda.org.in/documents/d/pfrda/fy-2020-21,URL,ERROR,1,False,,,0,0
165d8c56-827e-41e2-9473-e7674fa0cd37,https://www.pfrda.org.in/documents/d/pfrda/fy-2020-21,URL,ERROR,2,False,3ab713b5-1302-4de2-8f2a-96f2804e870f,,0,0
791a7073-cac3-40b0-b7d2-1ebcbb9c5283,https://www.pfrda.org.in/documents/d/pfrda/fy-2020-21,URL,ERROR,5,False,a34c2f46-6510-4bf6-8da7-bad2dbc679d3,,0,0
5929fb5b-03fd-41e3-9538-34ca2d3fde25,https://www.pfrda.org.in/documents/d/pfrda/fy-2020-21,URL,ERROR,6,False,791a7073-cac3-40b0-b7d2-1ebcbb9c5283,,0,0
a34c2f46-6510-4bf6-8da7-bad2dbc679d3,https://www.pfrda.org.in/documents/d/pfrda/fy-2020-21,URL,ERROR,4,False,fa27db42-c26f-44d7-ac56-3fbf24ee0b12,,0,0
ed8ecc84-dcc1-43e0-9cb9-394e70dd0b4b,https://www.pfrda.org.in/documents/d/pfrda/fy-2021-22,URL,ERROR,4,False,692b45e0-56b7-4f1c-887e-c80fcca953ba,,0,0
692b45e0-56b7-4f1c-887e-c80fcca953ba,https://www.pfrda.org.in/documents/d/pfrda/fy-2021-22,URL,ERROR,3,False,2b4ed89e-efd7-495a-b766-efd01ce68b86,,0,0
05ed871c-8243-4c28-a310-117474892966,https://www.pfrda.org.in/documents/d/pfrda/fy-2021-22,URL,ERROR,8,False,fa690378-28d1-4c41-bff8-4b2963afd761,,0,0
dfadbfcb-6e5d-40e6-83d1-5d89d00fd9b3,https://www.pfrda.org.in/documents/d/pfrda/fy-2021-22,URL,ERROR,1,False,,,0,0
2b4ed89e-efd7-495a-b766-efd01ce68b86,https://www.pfrda.org.in/documents/d/pfrda/fy-2021-22,URL,ERROR,2,False,dfadbfcb-6e5d-40e6-83d1-5d89d00fd9b3,,0,0
d64fb46a-d3d2-414e-90a1-4a59cf99e350,https://www.pfrda.org.in/documents/d/pfrda/fy-2021-22,URL,ERROR,5,False,ed8ecc84-dcc1-43e0-9cb9-394e70dd0b4b,,0,0
fa690378-28d1-4c41-bff8-4b2963afd761,https://www.pfrda.org.in/documents/d/pfrda/fy-2021-22,URL,ERROR,7,False,e2a6695f-4b68-4943-82e4-17ebed4ab668,,0,0
e2a6695f-4b68-4943-82e4-17ebed4ab668,https://www.pfrda.org.in/documents/d/pfrda/fy-2021-22,URL,ERROR,6,False,d64fb46a-d3d2-414e-90a1-4a59cf99e350,,0,0
3d3a99f9-4791-4c61-b8d1-88525523551f,https://www.pfrda.org.in/documents/d/pfrda/fy-2022-23,URL,ERROR,2,False,6fc5eabd-ad05-48dc-a982-83e9b7dc2ece,,0,0
6fc5eabd-ad05-48dc-a982-83e9b7dc2ece,https://www.pfrda.org.in/documents/d/pfrda/fy-2022-23,URL,ERROR,1,False,,,0,0
381c93bc-0aa5-401a-acd0-528dc7cd9b7f,https://www.pfrda.org.in/documents/d/pfrda/fy-2022-23,URL,ERROR,5,False,e370bca3-0127-47c8-9728-24528fda3d4b,,0,0
ddd80360-d1d1-41f8-8296-5437e5b7d3e7,https://www.pfrda.org.in/documents/d/pfrda/fy-2022-23,URL,ERROR,3,False,3d3a99f9-4791-4c61-b8d1-88525523551f,,0,0
1caef63e-ec43-482f-b354-627b6c313b70,https://www.pfrda.org.in/documents/d/pfrda/fy-2022-23,URL,ERROR,8,False,c97228c2-a0fe-43b6-821c-4443f809ecaf,,0,0
e370bca3-0127-47c8-9728-24528fda3d4b,https://www.pfrda.org.in/documents/d/pfrda/fy-2022-23,URL,ERROR,4,False,ddd80360-d1d1-41f8-8296-5437e5b7d3e7,,0,0
c97228c2-a0fe-43b6-821c-4443f809ecaf,https://www.pfrda.org.in/documents/d/pfrda/fy-2022-23,URL,ERROR,7,False,31a62715-2fc9-4700-ab75-5591424b192c,,0,0
31a62715-2fc9-4700-ab75-5591424b192c,https://www.pfrda.org.in/documents/d/pfrda/fy-2022-23,URL,ERROR,6,False,381c93bc-0aa5-401a-acd0-528dc7cd9b7f,,0,0
73cefb1d-4cac-4fdb-887b-02d35f602d44,https://www.pfrda.org.in/documents/d/pfrda/fy-2023-24,URL,ERROR,1,False,,,0,0
2a9a9dc0-f355-4e35-a70e-309ddc52de96,https://www.pfrda.org.in/documents/d/pfrda/fy-2023-24,URL,ERROR,4,False,af3f98ed-7eed-4ee9-87cc-9bee3d0d19c0,,0,0
4653e952-5815-499e-b60b-8171f94680ca,https://www.pfrda.org.in/documents/d/pfrda/fy-2023-24,URL,ERROR,5,False,2a9a9dc0-f355-4e35-a70e-309ddc52de96,,0,0
af3f98ed-7eed-4ee9-87cc-9bee3d0d19c0,https://www.pfrda.org.in/documents/d/pfrda/fy-2023-24,URL,ERROR,3,False,1f398769-2b5f-40ed-9735-e1025b797c79,,0,0
c0e42fde-048c-4f9e-b85f-8e692dc0e089,https://www.pfrda.org.in/documents/d/pfrda/fy-2023-24,URL,ERROR,8,False,f72798d8-a6eb-4c8c-bec9-94c9152448c4,,0,0
f72798d8-a6eb-4c8c-bec9-94c9152448c4,https://www.pfrda.org.in/documents/d/pfrda/fy-2023-24,URL,ERROR,7,False,d0822a68-bae2-4cb8-a3b6-016e8f202ada,,0,0
1f398769-2b5f-40ed-9735-e1025b797c79,https://www.pfrda.org.in/documents/d/pfrda/fy-2023-24,URL,ERROR,2,False,73cefb1d-4cac-4fdb-887b-02d35f602d44,,0,0
d0822a68-bae2-4cb8-a3b6-016e8f202ada,https://www.pfrda.org.in/documents/d/pfrda/fy-2023-24,URL,ERROR,6,False,4653e952-5815-499e-b60b-8171f94680ca,,0,0
e2a3ca17-e2ef-4a87-90b3-6ec5f519e12f,https://www.pfrda.org.in/documents/d/pfrda/hindi-annexure-1,URL,ERROR,3,False,1ab6ca12-561a-4d09-b3ef-96f81b2ea2c2,,0,0
f87e1b68-7c5b-4a46-af58-b62f4acba8b1,https://www.pfrda.org.in/documents/d/pfrda/hindi-annexure-1,URL,ERROR,4,False,e2a3ca17-e2ef-4a87-90b3-6ec5f519e12f,,0,0
caeb0fd3-fdb7-4214-98bf-3fa2e1249946,https://www.pfrda.org.in/documents/d/pfrda/hindi-annexure-1,URL,ERROR,1,False,,,0,0
19a1be18-c34f-402a-9da1-27f7d0119b2f,https://www.pfrda.org.in/documents/d/pfrda/hindi-annexure-1,URL,ERROR,6,False,9fe53405-aadb-4eff-b3ea-7d692077aa2c,,0,0
1ab6ca12-561a-4d09-b3ef-96f81b2ea2c2,https://www.pfrda.org.in/documents/d/pfrda/hindi-annexure-1,URL,ERROR,2,False,caeb0fd3-fdb7-4214-98bf-3fa2e1249946,,0,0
e5e78085-6d04-4481-8831-a32455ccfcad,https://www.pfrda.org.in/documents/d/pfrda/hindi-annexure-1,URL,ERROR,7,False,19a1be18-c34f-402a-9da1-27f7d0119b2f,,0,0
69549708-caac-407f-980e-21c1b754918b,https://www.pfrda.org.in/documents/d/pfrda/hindi-annexure-1,URL,ERROR,8,False,e5e78085-6d04-4481-8831-a32455ccfcad,,0,0
9fe53405-aadb-4eff-b3ea-7d692077aa2c,https://www.pfrda.org.in/documents/d/pfrda/hindi-annexure-1,URL,ERROR,5,False,f87e1b68-7c5b-4a46-af58-b62f4acba8b1,,0,0
0dc2c2f0-5500-407f-a8dd-7f2a19eb18fd,https://www.pfrda.org.in/documents/d/pfrda/hindi-annexure-2,URL,ERROR,8,False,d1a1a580-3822-43ce-9cb1-56e69e567afe,,0,0
d1a1a580-3822-43ce-9cb1-56e69e567afe,https://www.pfrda.org.in/documents/d/pfrda/hindi-annexure-2,URL,ERROR,7,False,2e8c6829-7b92-470f-9682-4dca253a59a1,,0,0
f2a7ad58-3f18-454e-91a6-25d8657842b5,https://www.pfrda.org.in/documents/d/pfrda/hindi-annexure-2,URL,ERROR,3,False,88fed3ad-9012-4948-93e5-88a15a75dfab,,0,0
cd5a619a-a9b9-47a5-9dec-aa10887b037f,https://www.pfrda.org.in/documents/d/pfrda/hindi-annexure-2,URL,ERROR,1,False,,,0,0
bc9ce0c2-ba55-4f2a-b995-b889f5cceb3c,https://www.pfrda.org.in/documents/d/pfrda/hindi-annexure-2,URL,ERROR,4,False,f2a7ad58-3f18-454e-91a6-25d8657842b5,,0,0
01ae2fea-7057-4176-a01f-76bb5d8de66f,https://www.pfrda.org.in/documents/d/pfrda/hindi-annexure-2,URL,ERROR,5,False,bc9ce0c2-ba55-4f2a-b995-b889f5cceb3c,,0,0
2e8c6829-7b92-470f-9682-4dca253a59a1,https://www.pfrda.org.in/documents/d/pfrda/hindi-annexure-2,URL,ERROR,6,False,01ae2fea-7057-4176-a01f-76bb5d8de66f,,0,0
88fed3ad-9012-4948-93e5-88a15a75dfab,https://www.pfrda.org.in/documents/d/pfrda/hindi-annexure-2,URL,ERROR,2,False,cd5a619a-a9b9-47a5-9dec-aa10887b037f,,0,0
e841fdca-2621-4ac5-9d96-b15377a063b0,https://www.pfrda.org.in/documents/d/pfrda/information-u-s-4-1-b-,URL,ERROR,1,False,,,0,0
7aa24571-c1e8-414b-9808-7765c10b9b5a,https://www.pfrda.org.in/documents/d/pfrda/information-u-s-4-2-b-xix,URL,ERROR,1,False,,,0,0
beefdaa8-208c-4d16-8f16-6cdf75364adb,https://www.pfrda.org.in/documents/d/pfrda/monthly-remuneration-received-by-its-officers-and-employees-,URL,ERROR,1,False,,,0,0
58465a7f-a8d0-49a1-9bb7-fcd3329f95fb,https://www.pfrda.org.in/documents/d/pfrda/monthly-remuneration-received-by-its-officers-and-employees-,URL,ERROR,2,False,beefdaa8-208c-4d16-8f16-6cdf75364adb,,0,0
adc2234d-a7ef-4805-b961-8b41da9fad5b,https://www.pfrda.org.in/documents/d/pfrda/monthly-remuneration-received-by-its-officers-and-employees-,URL,ERROR,3,False,58465a7f-a8d0-49a1-9bb7-fcd3329f95fb,,0,0
ab50d22d-e57b-44ee-967f-077efc96ffcb,https://www.pfrda.org.in/documents/d/pfrda/monthly-remuneration-received-by-its-officers-and-employees-,URL,ERROR,5,False,37b5d86b-905d-405c-900b-360288481a11,,0,0
01861ad0-c755-407d-a188-62d852a56aeb,https://www.pfrda.org.in/documents/d/pfrda/monthly-remuneration-received-by-its-officers-and-employees-,URL,ERROR,6,False,ab50d22d-e57b-44ee-967f-077efc96ffcb,,0,0
37b5d86b-905d-405c-900b-360288481a11,https://www.pfrda.org.in/documents/d/pfrda/monthly-remuneration-received-by-its-officers-and-employees-,URL,ERROR,4,False,adc2234d-a7ef-4805-b961-8b41da9fad5b,,0,0
72dbae32-0688-4315-94bc-252c6db1fe20,https://www.pfrda.org.in/documents/d/pfrda/monthly-remuneration-received-by-its-officers-and-employees-,URL,ERROR,7,False,01861ad0-c755-407d-a188-62d852a56aeb,,0,0
57b1b90f-107f-49f2-be67-789e951536d0,https://www.pfrda.org.in/documents/d/pfrda/norms-set-by-the-authority-for-the-discharge-of-its-functions,URL,ERROR,2,False,41beeaed-9f28-417c-818b-1527aa3c0358,,0,0
841f938c-3ece-4ac8-aad6-92491f38e07b,https://www.pfrda.org.in/documents/d/pfrda/norms-set-by-the-authority-for-the-discharge-of-its-functions,URL,ERROR,8,False,bba7e553-be30-4589-ac82-1b0c04b58e88,,0,0
bba7e553-be30-4589-ac82-1b0c04b58e88,https://www.pfrda.org.in/documents/d/pfrda/norms-set-by-the-authority-for-the-discharge-of-its-functions,URL,ERROR,7,False,1fdecca3-fd2e-42e4-9a62-82078a7d18b8,,0,0
4be0fca6-7720-4b76-8d9b-774680050346,https://www.pfrda.org.in/documents/d/pfrda/norms-set-by-the-authority-for-the-discharge-of-its-functions,URL,ERROR,5,False,136fce6f-0c9e-4608-9a8e-af3d4fe36bf6,,0,0
8ba8043b-6dd6-4783-8b21-257ca1adbfad,https://www.pfrda.org.in/documents/d/pfrda/norms-set-by-the-authority-for-the-discharge-of-its-functions,URL,ERROR,3,False,57b1b90f-107f-49f2-be67-789e951536d0,,0,0
1fdecca3-fd2e-42e4-9a62-82078a7d18b8,https://www.pfrda.org.in/documents/d/pfrda/norms-set-by-the-authority-for-the-discharge-of-its-functions,URL,ERROR,6,False,4be0fca6-7720-4b76-8d9b-774680050346,,0,0
136fce6f-0c9e-4608-9a8e-af3d4fe36bf6,https://www.pfrda.org.in/documents/d/pfrda/norms-set-by-the-authority-for-the-discharge-of-its-functions,URL,ERROR,4,False,8ba8043b-6dd6-4783-8b21-257ca1adbfad,,0,0
41beeaed-9f28-417c-818b-1527aa3c0358,https://www.pfrda.org.in/documents/d/pfrda/norms-set-by-the-authority-for-the-discharge-of-its-functions,URL,ERROR,1,False,,,0,0
33afc5bb-3047-4884-b1fe-ed804b2b2b4f,https://www.pfrda.org.in/documents/d/pfrda/particulars-of-any-arrangement-that-exists-for-consideration-with-or-representation-by-the,URL,ERROR,4,False,5efbce40-df8c-415c-b425-2a3dacadc891,,0,0
6cb04c09-048e-4965-8d5b-b6aac7055060,https://www.pfrda.org.in/documents/d/pfrda/particulars-of-any-arrangement-that-exists-for-consideration-with-or-representation-by-the,URL,ERROR,5,False,33afc5bb-3047-4884-b1fe-ed804b2b2b4f,,0,0
5ca31fec-f3e0-4205-a370-7ad0060e6d6f,https://www.pfrda.org.in/documents/d/pfrda/particulars-of-any-arrangement-that-exists-for-consideration-with-or-representation-by-the,URL,ERROR,1,False,,,0,0
4ee61e6a-6316-40f4-9ae0-958f399842cb,https://www.pfrda.org.in/documents/d/pfrda/particulars-of-any-arrangement-that-exists-for-consideration-with-or-representation-by-the,URL,ERROR,8,False,9bde5111-c858-4131-8950-f2cf6fb235ec,,0,0
6b4143dd-17b6-47e7-b30e-c5011c1aca56,https://www.pfrda.org.in/documents/d/pfrda/particulars-of-any-arrangement-that-exists-for-consideration-with-or-representation-by-the,URL,ERROR,2,False,5ca31fec-f3e0-4205-a370-7ad0060e6d6f,,0,0
5efbce40-df8c-415c-b425-2a3dacadc891,https://www.pfrda.org.in/documents/d/pfrda/particulars-of-any-arrangement-that-exists-for-consideration-with-or-representation-by-the,URL,ERROR,3,False,6b4143dd-17b6-47e7-b30e-c5011c1aca56,,0,0
4a91926f-23cc-4b49-80b5-9ad803e273e4,https://www.pfrda.org.in/documents/d/pfrda/particulars-of-any-arrangement-that-exists-for-consideration-with-or-representation-by-the,URL,ERROR,6,False,6cb04c09-048e-4965-8d5b-b6aac7055060,,0,0
9bde5111-c858-4131-8950-f2cf6fb235ec,https://www.pfrda.org.in/documents/d/pfrda/particulars-of-any-arrangement-that-exists-for-consideration-with-or-representation-by-the,URL,ERROR,7,False,4a91926f-23cc-4b49-80b5-9ad803e273e4,,0,0
9282822f-35b3-4150-87b2-9d9129c3a5ce,https://www.pfrda.org.in/documents/d/pfrda/pfrda_staff-list,URL,ERROR,1,False,,,0,0
f6c9efea-5389-4329-a323-ced92b33efef,https://www.pfrda.org.in/documents/d/pfrda/pfrda_staff-list,URL,ERROR,4,False,ab42d50b-53d7-47a9-b1fd-775f3610d3ad,,0,0
ab42d50b-53d7-47a9-b1fd-775f3610d3ad,https://www.pfrda.org.in/documents/d/pfrda/pfrda_staff-list,URL,ERROR,3,False,60cc1b3e-db28-4f97-88c5-d886d4a23f3b,,0,0
d936ea6b-7e2b-40c1-b7a7-245d820e6029,https://www.pfrda.org.in/documents/d/pfrda/pfrda_staff-list,URL,ERROR,7,False,47242907-2913-4b7b-9b1a-20e82446cbe1,,0,0
60cc1b3e-db28-4f97-88c5-d886d4a23f3b,https://www.pfrda.org.in/documents/d/pfrda/pfrda_staff-list,URL,ERROR,2,False,9282822f-35b3-4150-87b2-9d9129c3a5ce,,0,0
2a3e05bd-4699-4137-868b-20aa9acc9ae5,https://www.pfrda.org.in/documents/d/pfrda/pfrda_staff-list,URL,ERROR,5,False,f6c9efea-5389-4329-a323-ced92b33efef,,0,0
47242907-2913-4b7b-9b1a-20e82446cbe1,https://www.pfrda.org.in/documents/d/pfrda/pfrda_staff-list,URL,ERROR,6,False,2a3e05bd-4699-4137-868b-20aa9acc9ae5,,0,0
6a74f5b1-71da-4c0e-8a5f-b3d587b751fc,https://www.pfrda.org.in/documents/d/pfrda/pfrda_staff-list,URL,ERROR,8,False,d936ea6b-7e2b-40c1-b7a7-245d820e6029,,0,0
e9074806-4cdf-4696-91c7-1bd49bfa2cff,https://www.pfrda.org.in/documents/d/pfrda/pfrda-transparency-audit-2024-2025-pdf,URL,ERROR,5,False,2fa7ec42-0d03-4f65-a603-9aff31cf49bc,,0,0
20b51b3d-c7b1-441a-bc3d-dcce9c49d5aa,https://www.pfrda.org.in/documents/d/pfrda/pfrda-transparency-audit-2024-2025-pdf,URL,ERROR,3,False,789e009f-6b73-43b9-958c-ec8f1b8c1d7a,,0,0
659e38ab-1ad1-4312-b8b5-541df970e9a8,https://www.pfrda.org.in/documents/d/pfrda/pfrda-transparency-audit-2024-2025-pdf,URL,ERROR,7,False,acce7453-13de-47f9-b1b2-3b07cd0004c7,,0,0
c595d818-709e-4179-b1fd-b1b4d68fef5e,https://www.pfrda.org.in/documents/d/pfrda/pfrda-transparency-audit-2024-2025-pdf,URL,ERROR,1,False,,,0,0
2fa7ec42-0d03-4f65-a603-9aff31cf49bc,https://www.pfrda.org.in/documents/d/pfrda/pfrda-transparency-audit-2024-2025-pdf,URL,ERROR,4,False,20b51b3d-c7b1-441a-bc3d-dcce9c49d5aa,,0,0
789e009f-6b73-43b9-958c-ec8f1b8c1d7a,https://www.pfrda.org.in/documents/d/pfrda/pfrda-transparency-audit-2024-2025-pdf,URL,ERROR,2,False,c595d818-709e-4179-b1fd-b1b4d68fef5e,,0,0
acce7453-13de-47f9-b1b2-3b07cd0004c7,https://www.pfrda.org.in/documents/d/pfrda/pfrda-transparency-audit-2024-2025-pdf,URL,ERROR,6,False,e9074806-4cdf-4696-91c7-1bd49bfa2cff,,0,0
2130f783-5526-4360-9856-494f3e58483f,https://www.pfrda.org.in/documents/d/pfrda/pfrda-transparency-audit-2024-2025-pdf,URL,ERROR,8,False,659e38ab-1ad1-4312-b8b5-541df970e9a8,,0,0
27fc0f78-9e4d-4c2f-81d0-1aebb3cf0b24,https://www.pfrda.org.in/documents/d/pfrda/rti-combined-eng-hindi-combined,URL,ERROR,1,False,,,0,0
39e5b28b-7f2f-4d10-8826-bb5d611ac83d,https://www.pfrda.org.in/documents/d/pfrda/rti-replies-by-cpio,URL,ERROR,2,False,5618aa5b-7126-4913-884e-1b5a3bccb45b,,0,0
18d2cd41-7e0e-45a1-8ad6-c9f6ca552288,https://www.pfrda.org.in/documents/d/pfrda/rti-replies-by-cpio,URL,ERROR,3,False,39e5b28b-7f2f-4d10-8826-bb5d611ac83d,,0,0
76eb5ed2-32cf-4c5f-a6f0-77e2434308e0,https://www.pfrda.org.in/documents/d/pfrda/rti-replies-by-cpio,URL,ERROR,5,False,68966c87-6b84-47c1-95f6-89ba5ea7c788,,0,0
5618aa5b-7126-4913-884e-1b5a3bccb45b,https://www.pfrda.org.in/documents/d/pfrda/rti-replies-by-cpio,URL,ERROR,1,False,,,0,0
9bace4b6-6741-4222-b643-a5b286d1ad66,https://www.pfrda.org.in/documents/d/pfrda/rti-replies-by-cpio,URL,ERROR,6,False,76eb5ed2-32cf-4c5f-a6f0-77e2434308e0,,0,0
fed02993-da56-494e-b598-e801b7231bf2,https://www.pfrda.org.in/documents/d/pfrda/rti-replies-by-cpio,URL,ERROR,7,False,9bace4b6-6741-4222-b643-a5b286d1ad66,,0,0
68966c87-6b84-47c1-95f6-89ba5ea7c788,https://www.pfrda.org.in/documents/d/pfrda/rti-replies-by-cpio,URL,ERROR,4,False,18d2cd41-7e0e-45a1-8ad6-c9f6ca552288,,0,0
cb644c04-6ad8-42d7-8f4c-06e2dacf594c,https://www.pfrda.org.in/documents/d/pfrda/rti-replies-by-cpio-1-,URL,ERROR,1,False,,,0,0
e3d45bf0-e75a-423a-913c-5f6022c0bab3,https://www.pfrda.org.in/documents/d/pfrda/section-4-1-b-xvii-1-,URL,ERROR,1,False,,,0,0
22fd0f39-4f87-4fb6-bc3b-d02fae84456f,https://www.pfrda.org.in/documents/d/pfrda/staff-tel-list-for-website-hindi-sep-2025,URL,ERROR,1,False,,,0,0
c6840eda-fda7-4ac3-9a3f-0df3fe3e4396,https://www.pfrda.org.in/documents/d/pfrda/staff-tel-list-for-website-hindi-sep-2025,URL,ERROR,5,False,83017cff-3280-480a-8d3b-71bdb8bf4da1,,0,0
83017cff-3280-480a-8d3b-71bdb8bf4da1,https://www.pfrda.org.in/documents/d/pfrda/staff-tel-list-for-website-hindi-sep-2025,URL,ERROR,4,False,9f5d94de-8d32-432e-a80b-50381276a619,,0,0
9f5d94de-8d32-432e-a80b-50381276a619,https://www.pfrda.org.in/documents/d/pfrda/staff-tel-list-for-website-hindi-sep-2025,URL,ERROR,3,False,76f8e86f-114a-416d-ba5d-8f86b86b8723,,0,0
98d2755f-6a85-4358-8278-dd9f0abb2451,https://www.pfrda.org.in/documents/d/pfrda/staff-tel-list-for-website-hindi-sep-2025,URL,ERROR,8,False,384f1d3c-3ea7-4fe3-a73f-40fb88d2fd10,,0,0
384f1d3c-3ea7-4fe3-a73f-40fb88d2fd10,https://www.pfrda.org.in/documents/d/pfrda/staff-tel-list-for-website-hindi-sep-2025,URL,ERROR,7,False,34918068-d1fc-4234-97fb-fbe3a6c2d52d,,0,0
34918068-d1fc-4234-97fb-fbe3a6c2d52d,https://www.pfrda.org.in/documents/d/pfrda/staff-tel-list-for-website-hindi-sep-2025,URL,ERROR,6,False,c6840eda-fda7-4ac3-9a3f-0df3fe3e4396,,0,0
76f8e86f-114a-416d-ba5d-8f86b86b8723,https://www.pfrda.org.in/documents/d/pfrda/staff-tel-list-for-website-hindi-sep-2025,URL,ERROR,2,False,22fd0f39-4f87-4fb6-bc3b-d02fae84456f,,0,0
c1b7f656-b426-40d8-847b-bcc4e474cd1e,https://www.pfrda.org.in/documents/d/pfrda/statement-of-categories-of-documents-that-are-held-by-the-authority-or-under-its-control,URL,ERROR,2,False,2aa02d56-b7cc-44e1-afbc-33c4629c687a,,0,0
2145bd86-18bc-40f0-a00d-38876516036d,https://www.pfrda.org.in/documents/d/pfrda/statement-of-categories-of-documents-that-are-held-by-the-authority-or-under-its-control,URL,ERROR,7,False,1f0e4d2d-097a-4af9-8ef6-700f57403605,,0,0
0d31eef6-8adc-43e1-aa15-2ea64366aba8,https://www.pfrda.org.in/documents/d/pfrda/statement-of-categories-of-documents-that-are-held-by-the-authority-or-under-its-control,URL,ERROR,8,False,2145bd86-18bc-40f0-a00d-38876516036d,,0,0
a37009f7-d25a-45e1-acfb-788f43e0a889,https://www.pfrda.org.in/documents/d/pfrda/statement-of-categories-of-documents-that-are-held-by-the-authority-or-under-its-control,URL,ERROR,3,False,c1b7f656-b426-40d8-847b-bcc4e474cd1e,,0,0
1f0e4d2d-097a-4af9-8ef6-700f57403605,https://www.pfrda.org.in/documents/d/pfrda/statement-of-categories-of-documents-that-are-held-by-the-authority-or-under-its-control,URL,ERROR,6,False,22992f16-4f12-41c0-a403-8f5317cdd51f,,0,0
2aa02d56-b7cc-44e1-afbc-33c4629c687a,https://www.pfrda.org.in/documents/d/pfrda/statement-of-categories-of-documents-that-are-held-by-the-authority-or-under-its-control,URL,ERROR,1,False,,,0,0
aa66eaf8-2724-4f1e-8658-cbb90d429279,https://www.pfrda.org.in/documents/d/pfrda/statement-of-categories-of-documents-that-are-held-by-the-authority-or-under-its-control,URL,ERROR,4,False,a37009f7-d25a-45e1-acfb-788f43e0a889,,0,0
22992f16-4f12-41c0-a403-8f5317cdd51f,https://www.pfrda.org.in/documents/d/pfrda/statement-of-categories-of-documents-that-are-held-by-the-authority-or-under-its-control,URL,ERROR,5,False,aa66eaf8-2724-4f1e-8658-cbb90d429279,,0,0
f6787d6a-3630-4413-a8b7-2594a71b1077,https://www.pfrda.org.in/documents/d/pfrda/the-budget-allocated-to-each-agency-indicating-the-particulars-of-all,URL,ERROR,3,False,e582eff0-35e9-4747-9d14-1358393f835e,,0,0
cfe06189-04bf-4289-9ff9-3a79b157e19b,https://www.pfrda.org.in/documents/d/pfrda/the-budget-allocated-to-each-agency-indicating-the-particulars-of-all,URL,ERROR,7,False,08179155-977b-4d70-a54d-a7d051739541,,0,0
e582eff0-35e9-4747-9d14-1358393f835e,https://www.pfrda.org.in/documents/d/pfrda/the-budget-allocated-to-each-agency-indicating-the-particulars-of-all,URL,ERROR,2,False,b959a7b4-e040-40cd-b50f-ec8939f49b4c,,0,0
08179155-977b-4d70-a54d-a7d051739541,https://www.pfrda.org.in/documents/d/pfrda/the-budget-allocated-to-each-agency-indicating-the-particulars-of-all,URL,ERROR,6,False,766782d5-128d-43ea-9f14-dae721e4b3ab,,0,0
766782d5-128d-43ea-9f14-dae721e4b3ab,https://www.pfrda.org.in/documents/d/pfrda/the-budget-allocated-to-each-agency-indicating-the-particulars-of-all,URL,ERROR,5,False,17b48fb2-2c1d-44bd-a6a6-61fd10ce9bce,,0,0
b959a7b4-e040-40cd-b50f-ec8939f49b4c,https://www.pfrda.org.in/documents/d/pfrda/the-budget-allocated-to-each-agency-indicating-the-particulars-of-all,URL,ERROR,1,False,,,0,0
17b48fb2-2c1d-44bd-a6a6-61fd10ce9bce,https://www.pfrda.org.in/documents/d/pfrda/the-budget-allocated-to-each-agency-indicating-the-particulars-of-all,URL,ERROR,4,False,f6787d6a-3630-4413-a8b7-2594a71b1077,,0,0
a093c33f-fc65-44ae-8892-e796275aeb48,https://www.pfrda.org.in/documents/d/pfrda/the-manner-of-execution-of-subsidy-programmes-including-the-amounts-allocated,URL,ERROR,1,False,,,0,0
f498e4f6-b333-4c59-aa3f-3dcd2dc14905,https://www.pfrda.org.in/documents/d/pfrda/the-manner-of-execution-of-subsidy-programmes-including-the-amounts-allocated,URL,ERROR,3,False,0f04be94-e5ee-43b1-9b0b-954183ae998f,,0,0
f3e7a987-24cd-467f-9783-26e72f4868cf,https://www.pfrda.org.in/documents/d/pfrda/the-manner-of-execution-of-subsidy-programmes-including-the-amounts-allocated,URL,ERROR,8,False,5fd7bcde-280e-4379-923a-fd0f7d706442,,0,0
9b79fcf4-6c2a-4b3f-ae55-bfe0e3b72d99,https://www.pfrda.org.in/documents/d/pfrda/the-manner-of-execution-of-subsidy-programmes-including-the-amounts-allocated,URL,ERROR,4,False,f498e4f6-b333-4c59-aa3f-3dcd2dc14905,,0,0
0f04be94-e5ee-43b1-9b0b-954183ae998f,https://www.pfrda.org.in/documents/d/pfrda/the-manner-of-execution-of-subsidy-programmes-including-the-amounts-allocated,URL,ERROR,2,False,a093c33f-fc65-44ae-8892-e796275aeb48,,0,0
3b104665-782b-47f2-8887-fe8eec492371,https://www.pfrda.org.in/documents/d/pfrda/the-manner-of-execution-of-subsidy-programmes-including-the-amounts-allocated,URL,ERROR,6,False,dd5e4db5-085a-47dd-9b33-f31f63574605,,0,0
dd5e4db5-085a-47dd-9b33-f31f63574605,https://www.pfrda.org.in/documents/d/pfrda/the-manner-of-execution-of-subsidy-programmes-including-the-amounts-allocated,URL,ERROR,5,False,9b79fcf4-6c2a-4b3f-ae55-bfe0e3b72d99,,0,0
5fd7bcde-280e-4379-923a-fd0f7d706442,https://www.pfrda.org.in/documents/d/pfrda/the-manner-of-execution-of-subsidy-programmes-including-the-amounts-allocated,URL,ERROR,7,False,3b104665-782b-47f2-8887-fe8eec492371,,0,0
699f8642-2beb-44f7-8567-90fbf2b9cca5,https://www.pfrda.org.in/documents/d/pfrda/the-names-designations-and-other-particulars-of-the-public-information-officers,URL,ERROR,4,False,860fba86-8b23-49d6-ac55-5fe1e9e1ef12,,0,0
f95f56a0-b280-418e-a36f-02d1b4316ad6,https://www.pfrda.org.in/documents/d/pfrda/the-names-designations-and-other-particulars-of-the-public-information-officers,URL,ERROR,5,False,699f8642-2beb-44f7-8567-90fbf2b9cca5,,0,0
1cc432cb-b7fb-470d-a96e-a7a95e49d3ab,https://www.pfrda.org.in/documents/d/pfrda/the-names-designations-and-other-particulars-of-the-public-information-officers,URL,ERROR,1,False,,,0,0
860fba86-8b23-49d6-ac55-5fe1e9e1ef12,https://www.pfrda.org.in/documents/d/pfrda/the-names-designations-and-other-particulars-of-the-public-information-officers,URL,ERROR,3,False,4141108c-ee85-42b5-956e-01bb8974ce3d,,0,0
8d7d31c2-99de-484e-a189-a900045fafed,https://www.pfrda.org.in/documents/d/pfrda/the-names-designations-and-other-particulars-of-the-public-information-officers,URL,ERROR,7,False,fd61fb7a-66ef-426a-86ea-dcc6b8c80ead,,0,0
fd61fb7a-66ef-426a-86ea-dcc6b8c80ead,https://www.pfrda.org.in/documents/d/pfrda/the-names-designations-and-other-particulars-of-the-public-information-officers,URL,ERROR,6,False,f95f56a0-b280-418e-a36f-02d1b4316ad6,,0,0
4141108c-ee85-42b5-956e-01bb8974ce3d,https://www.pfrda.org.in/documents/d/pfrda/the-names-designations-and-other-particulars-of-the-public-information-officers,URL,ERROR,2,False,1cc432cb-b7fb-470d-a96e-a7a95e49d3ab,,0,0
ebf34e1a-19dd-4001-9a18-448d8b1eef7c,https://www.pfrda.org.in/documents/d/pfrda/the-particulars-of-facilities-available-to-citizens-for-obtaining-information-including-the,URL,ERROR,8,False,4d552fa6-8cf3-412f-8dae-faee3bb82270,,0,0
ad66b47e-162a-493f-bb5d-99c6f818ad7c,https://www.pfrda.org.in/documents/d/pfrda/the-particulars-of-facilities-available-to-citizens-for-obtaining-information-including-the,URL,ERROR,3,False,37dec833-3f0b-432f-94ec-d217023f8f42,,0,0
d3588ad3-f9e5-4916-876c-8745c00951db,https://www.pfrda.org.in/documents/d/pfrda/the-particulars-of-facilities-available-to-citizens-for-obtaining-information-including-the,URL,ERROR,1,False,,,0,0
c7846a2c-bdef-4a43-babf-9b978d0c1ac8,https://www.pfrda.org.in/documents/d/pfrda/the-particulars-of-facilities-available-to-citizens-for-obtaining-information-including-the,URL,ERROR,5,False,1aaee253-91ef-4f82-aa6c-e14806a3ddd8,,0,0
37dec833-3f0b-432f-94ec-d217023f8f42,https://www.pfrda.org.in/documents/d/pfrda/the-particulars-of-facilities-available-to-citizens-for-obtaining-information-including-the,URL,ERROR,2,False,d3588ad3-f9e5-4916-876c-8745c00951db,,0,0
577b8c98-ee16-4c44-abac-08efc05fa672,https://www.pfrda.org.in/documents/d/pfrda/the-particulars-of-facilities-available-to-citizens-for-obtaining-information-including-the,URL,ERROR,6,False,c7846a2c-bdef-4a43-babf-9b978d0c1ac8,,0,0
1aaee253-91ef-4f82-aa6c-e14806a3ddd8,https://www.pfrda.org.in/documents/d/pfrda/the-particulars-of-facilities-available-to-citizens-for-obtaining-information-including-the,URL,ERROR,4,False,ad66b47e-162a-493f-bb5d-99c6f818ad7c,,0,0
4d552fa6-8cf3-412f-8dae-faee3bb82270,https://www.pfrda.org.in/documents/d/pfrda/the-particulars-of-facilities-available-to-citizens-for-obtaining-information-including-the,URL,ERROR,7,False,577b8c98-ee16-4c44-abac-08efc05fa672,,0,0
4e717b10-f006-4211-86da-474f353de70f,https://www.pfrda.org.in/documents/d/pfrda/the-particulars-of-the-organization-functions-and-duties,URL,ERROR,7,False,43db53d2-8003-4c3c-b060-f25656cffac9,,0,0
54ef6117-48d0-47c7-b7f3-8877c156fad5,https://www.pfrda.org.in/documents/d/pfrda/the-particulars-of-the-organization-functions-and-duties,URL,ERROR,3,False,02854fcf-2a12-4630-8617-fb84366ab9e8,,0,0
02854fcf-2a12-4630-8617-fb84366ab9e8,https://www.pfrda.org.in/documents/d/pfrda/the-particulars-of-the-organization-functions-and-duties,URL,ERROR,2,False,ca955417-903d-4929-bde5-ce2bdfad4014,,0,0
43b09066-d6bc-44fc-9e50-5b5534c18619,https://www.pfrda.org.in/documents/d/pfrda/the-particulars-of-the-organization-functions-and-duties,URL,ERROR,8,False,4e717b10-f006-4211-86da-474f353de70f,,0,0
bc5215e4-28c5-479b-886c-cee857a7cce3,https://www.pfrda.org.in/documents/d/pfrda/the-particulars-of-the-organization-functions-and-duties,URL,ERROR,4,False,54ef6117-48d0-47c7-b7f3-8877c156fad5,,0,0
dcb3af1d-af8b-473b-8486-4329813bfa51,https://www.pfrda.org.in/documents/d/pfrda/the-particulars-of-the-organization-functions-and-duties,URL,ERROR,5,False,bc5215e4-28c5-479b-886c-cee857a7cce3,,0,0
ca955417-903d-4929-bde5-ce2bdfad4014,https://www.pfrda.org.in/documents/d/pfrda/the-particulars-of-the-organization-functions-and-duties,URL,ERROR,1,False,,,0,0
43db53d2-8003-4c3c-b060-f25656cffac9,https://www.pfrda.org.in/documents/d/pfrda/the-particulars-of-the-organization-functions-and-duties,URL,ERROR,6,False,dcb3af1d-af8b-473b-8486-4329813bfa51,,0,0
596d877d-126d-4290-b613-958df5c9a5a0,https://www.pfrda.org.in/documents/d/pfrda/the-powers-and-duties-of-its-officers-and-employees,URL,ERROR,6,False,e46e6871-e276-4eb9-8bcd-f0f699e7aaa7,,0,0
2ac535b1-2e83-49c9-ab2a-b48620ef1c90,https://www.pfrda.org.in/documents/d/pfrda/the-powers-and-duties-of-its-officers-and-employees,URL,ERROR,7,False,596d877d-126d-4290-b613-958df5c9a5a0,,0,0
6a779736-fdff-4489-b03d-45842719b571,https://www.pfrda.org.in/documents/d/pfrda/the-powers-and-duties-of-its-officers-and-employees,URL,ERROR,4,False,8a9dcb7a-2e95-4cff-aa61-88de58f72969,,0,0
852f612b-cfe1-4c8d-99ec-53663ca578b5,https://www.pfrda.org.in/documents/d/pfrda/the-powers-and-duties-of-its-officers-and-employees,URL,ERROR,1,False,,,0,0
81c35a8e-df1d-4fd8-ab34-d3d4354dee6d,https://www.pfrda.org.in/documents/d/pfrda/the-powers-and-duties-of-its-officers-and-employees,URL,ERROR,8,False,2ac535b1-2e83-49c9-ab2a-b48620ef1c90,,0,0
6a3b7aea-713b-4585-8aaf-deefc38f6327,https://www.pfrda.org.in/documents/d/pfrda/the-powers-and-duties-of-its-officers-and-employees,URL,ERROR,2,False,852f612b-cfe1-4c8d-99ec-53663ca578b5,,0,0
e46e6871-e276-4eb9-8bcd-f0f699e7aaa7,https://www.pfrda.org.in/documents/d/pfrda/the-powers-and-duties-of-its-officers-and-employees,URL,ERROR,5,False,6a779736-fdff-4489-b03d-45842719b571,,0,0
8a9dcb7a-2e95-4cff-aa61-88de58f72969,https://www.pfrda.org.in/documents/d/pfrda/the-powers-and-duties-of-its-officers-and-employees,URL,ERROR,3,False,6a3b7aea-713b-4585-8aaf-deefc38f6327,,0,0
f35d3d49-cbc7-4f89-8fad-1f60705bfdd6,https://www.pfrda.org.in/documents/d/pfrda/the-procedure-followed-in-the-decision-making-process-including,URL,ERROR,1,False,,,0,0
9133b471-59fe-4cdc-94e8-ab307a112c03,https://www.pfrda.org.in/documents/d/pfrda/the-procedure-followed-in-the-decision-making-process-including,URL,ERROR,3,False,c9338c6f-dfab-4d6a-bdf6-7afd3ee62848,,0,0
c9338c6f-dfab-4d6a-bdf6-7afd3ee62848,https://www.pfrda.org.in/documents/d/pfrda/the-procedure-followed-in-the-decision-making-process-including,URL,ERROR,2,False,f35d3d49-cbc7-4f89-8fad-1f60705bfdd6,,0,0
e301b1fb-eac3-4a27-a2f3-1bce8b41c593,https://www.pfrda.org.in/documents/d/pfrda/the-procedure-followed-in-the-decision-making-process-including,URL,ERROR,4,False,9133b471-59fe-4cdc-94e8-ab307a112c03,,0,0
7a803756-c328-4d2b-a280-1c503a56a503,https://www.pfrda.org.in/documents/d/pfrda/the-procedure-followed-in-the-decision-making-process-including,URL,ERROR,6,False,6d4fa468-ed0d-4ae9-8253-05697db527e3,,0,0
6d4fa468-ed0d-4ae9-8253-05697db527e3,https://www.pfrda.org.in/documents/d/pfrda/the-procedure-followed-in-the-decision-making-process-including,URL,ERROR,5,False,e301b1fb-eac3-4a27-a2f3-1bce8b41c593,,0,0
a83f3167-c9b9-4b06-a5a8-16f46eb0e8f0,https://www.pfrda.org.in/documents/d/pfrda/the-procedure-followed-in-the-decision-making-process-including,URL,ERROR,7,False,7a803756-c328-4d2b-a280-1c503a56a503,,0,0
81dc702f-b504-4da8-bf81-d8404ca7e86f,https://www.pfrda.org.in/documents/d/pfrda/the-procedure-followed-in-the-decision-making-process-including,URL,ERROR,8,False,a83f3167-c9b9-4b06-a5a8-16f46eb0e8f0,,0,0
689a9b8c-f249-4a88-9b7a-e13712018a53,https://www.pfrda.org.in/documents/d/pfrda/updated-nps-for-corporates,URL,ERROR,3,False,ef14c402-34b2-43da-b8f1-172a4635e113,,0,0
ef14c402-34b2-43da-b8f1-172a4635e113,https://www.pfrda.org.in/documents/d/pfrda/updated-nps-for-corporates,URL,ERROR,2,False,40c60a48-d42c-470c-96be-597fa8f89841,,0,0
40c60a48-d42c-470c-96be-597fa8f89841,https://www.pfrda.org.in/documents/d/pfrda/updated-nps-for-corporates,URL,ERROR,1,False,,,0,0
2ccd8846-583f-4f47-8dc6-316360099e2e,https://www.pfrda.org.in/documents/d/pfrda/updated-nps-for-corporates,URL,ERROR,6,False,4f01c3ab-1a94-435b-b27d-5d2df2649ff0,,0,0
14085769-d6e6-4bc3-b5fc-dfae3c76703d,https://www.pfrda.org.in/documents/d/pfrda/updated-nps-for-corporates,URL,ERROR,7,False,2ccd8846-583f-4f47-8dc6-316360099e2e,,0,0
ad2215a7-edab-4a2e-ba8f-7b7d1726f512,https://www.pfrda.org.in/documents/d/pfrda/updated-nps-for-corporates,URL,ERROR,4,False,689a9b8c-f249-4a88-9b7a-e13712018a53,,0,0
4f01c3ab-1a94-435b-b27d-5d2df2649ff0,https://www.pfrda.org.in/documents/d/pfrda/updated-nps-for-corporates,URL,ERROR,5,False,ad2215a7-edab-4a2e-ba8f-7b7d1726f512,,0,0
893ba9a0-074b-44ec-bd7c-c799b73f7ad1,https://www.pfrda.org.in/en/web/pfrda/w/advertisement-recruitment-of-officer-grade-a-assistant-manager-2026,URL,COMPLETED,1,False,,,0,0
3410480b-daac-4ee0-bb09-df330b221dd6,https://www.pfrda.org.in/en/web/pfrda/w/exposure-draft-amendments-to-pension-fund-regulatory-and-development-authority-point-of-presence-regulations-2018,URL,COMPLETED,1,False,,,0,0
ead199e1-8692-40e8-811d-962b7b6793de,https://www.pfrda.org.in/en/web/pfrda/w/final-order-in-the-matter-of-alankit-assignments-ltd-and-ors,URL,COMPLETED,1,False,,,0,0
1043311d-a099-4f6b-9627-7455b2e4eea7,https://www.pfrda.org.in/en/web/pfrda/w/list-of-holidays-to-be-observed-during-the-calendar-year-2027-reg.,URL,COMPLETED,1,False,,,0,0
e9b8f123-53e6-4657-8dfb-c53af025dd4f,https://www.pfrda.org.in/en/web/pfrda/w/notice-inviting-proposals-for-selection-of-sponsors-of-pension-funds-on-tap-basis,URL,COMPLETED,1,False,,,0,0
92bbd153-93c4-47e9-9216-ad2d0bdc535e,https://www.pfrda.org.in/en/web/pfrda/w/office-order-closing-of-central-government-offices-located-in-delhi-new-delhi-on-11.09.2026-1,URL,COMPLETED,1,False,,,0,0
68a8e439-b435-4e43-9a46-846c8ee091e7,https://www.pfrda.org.in/en/web/pfrda/w/office-order-list-of-holidays-to-be-observed-during-the-calendar-year-2026-at-mumbai-regional-office-1,URL,COMPLETED,1,False,,,0,0
1ff4850f-06a8-440a-9d37-87893ff8d788,https://www.pfrda.org.in/en/web/pfrda/w/pension-bulletin-april-june-2026-1,URL,COMPLETED,2,False,4baa3376-a33b-4662-ae29-3ceccbdbb3ae,,0,0
4baa3376-a33b-4662-ae29-3ceccbdbb3ae,https://www.pfrda.org.in/en/web/pfrda/w/pension-bulletin-april-june-2026-1,URL,COMPLETED,1,False,,1ff4850f-06a8-440a-9d37-87893ff8d788,0,0
775e6c8c-f46e-47d0-8d1e-60850e4ae807,https://www.pfrda.org.in/en/web/pfrda/w/pension-fund-regulatory-and-development-authority-exits-and-withdrawals-under-the-national-pension-system-amendment-regulations-2026,URL,COMPLETED,1,False,,,0,0
432db934-942d-4cbb-ac22-ad98515429ce,https://www.pfrda.org.in/en/web/pfrda/w/pension-fund-regulatory-and-development-authority-exits-and-withdrawals-under-the-national-pension-system-regulations-2015-last-amended-on-20th-july-2026-.,URL,COMPLETED,1,False,,,0,0
5f59b1d9-0e9d-4c9d-9edd-d87f261e657f,https://www.pfrda.org.in/en/web/pfrda/w/pension-fund-regulatory-and-development-authority-regulatory-sandbox-regulations-2026,URL,COMPLETED,1,False,,,0,0
1f5e5fbe-7723-4b1d-b635-26b86cce459c,https://www.pfrda.org.in/en/web/pfrda/w/pfrda-registration-of-pension-funds-guidelines-2026-amended-on-13.07.2026-,URL,COMPLETED,1,False,,,0,0
66d4f520-8376-4dd7-803d-37b69dcb067a,https://www.pfrda.org.in/en/web/pfrda/w/recruitment-of-grade-a-assistant-manager-2026-form-v-certificate-of-disability,URL,COMPLETED,1,False,,,0,0
9b4e3637-8002-4a83-a953-ca2c0e004a19,https://www.pfrda.org.in/en/web/pfrda/w/recruitment-of-grade-a-assistant-manager-2026-form-vi-certificate-of-disability,URL,COMPLETED,1,False,,,0,0
5cfee67c-3cc3-4ed0-b503-f1b3b561a1b6,https://www.pfrda.org.in/en/web/pfrda/w/recruitment-of-grade-a-assistant-manager-2026-form-vii-certificate-of-disability,URL,COMPLETED,1,False,,,0,0
6ace7ea6-acf8-48c9-b803-054364c0bf4a,https://www.pfrda.org.in/en/web/pfrda/w/recruitment-of-grade-a-assistant-manager-2026-obc-certificate,URL,COMPLETED,1,False,,,0,0
d357143d-09ba-4f53-80e9-e7cd8f17fff4,https://www.pfrda.org.in/en/web/pfrda/w/recruitment-of-grade-a-assistant-manager-2026-scribe-declaration-form,URL,COMPLETED,1,False,,,0,0
91bfa82a-112c-418e-b998-06b5a27b2471,https://www.pfrda.org.in/en/web/pfrda/w/recruitment-of-grade-a-assistant-manager-2026-sc-st-certificate,URL,COMPLETED,1,False,,,0,0
8e7e0dc8-84b9-42c7-87d0-6c45cbe9a7ee,https://www.pfrda.org.in/en/web/pfrda/w/recruitment-of-officer-grade-a-assistant-manager-2026-ews-income-and-asset-certificate,URL,COMPLETED,1,False,,,0,0
cbe7cad9-fd57-48b5-984b-e99c830b2a1d,https://www.pfrda.org.in/exit-nps,URL,COMPLETED,1,False,,,0,0
cbeb96a8-1e3e-4c16-a5c5-71aee9004249,https://www.pfrda.org.in/faqs,URL,COMPLETED,2,False,70bd1f94-23f9-4f44-9456-6abf22937d13,380dc0ef-5e72-4b6f-86ce-58f5057321b9,0,0
380dc0ef-5e72-4b6f-86ce-58f5057321b9,https://www.pfrda.org.in/faqs,URL,COMPLETED,3,False,cbeb96a8-1e3e-4c16-a5c5-71aee9004249,,0,0
70bd1f94-23f9-4f44-9456-6abf22937d13,https://www.pfrda.org.in/faqs,URL,COMPLETED,1,False,,cbeb96a8-1e3e-4c16-a5c5-71aee9004249,0,0
31961101-0e7a-487c-bdd8-e91b9d3f635c,https://www.pfrda.org.in/faqs?delta=10&start=1,URL,COMPLETED,1,False,,,0,0
cc3969f9-4f14-4c21-9edf-a15b1b3cb5f5,https://www.pfrda.org.in/faqs?delta=10&start=2,URL,COMPLETED,1,False,,,0,0
ee8b78dd-a4f1-4213-9aba-7b91dc52f927,https://www.pfrda.org.in/faqs?delta=20,URL,COMPLETED,1,False,,,0,0
8fad18fe-0827-4710-9a5c-3b1fa7d26182,https://www.pfrda.org.in/faqs?delta=4,URL,COMPLETED,1,False,,,0,0
71a78b3a-3b6f-49d9-b67f-68ffdc1b4dcf,https://www.pfrda.org.in/faqs?delta=40,URL,COMPLETED,1,False,,,0,0
e7a2c322-d8f7-4ccd-a916-7ed198a99e66,https://www.pfrda.org.in/faqs?delta=60,URL,COMPLETED,1,False,,,0,0
aca5d7c7-b73b-4b13-993f-85cd68d8d00a,https://www.pfrda.org.in/faqs?delta=8,URL,COMPLETED,1,False,,,0,0
57885d46-5ec9-4629-99c7-a0352d9f06d6,https://www.pfrda.org.in/faqs?modifiedFrom=2026-09-05&modifiedTo=2026-09-06,URL,COMPLETED,1,False,,,0,0
847c91d6-5ba6-43ca-a3a3-1470e47ac623,https://www.pfrda.org.in/faqs?modified=past-24-hours,URL,COMPLETED,1,False,,,0,0
4d360ed4-00b0-47e6-a6d0-ffd441d4485e,https://www.pfrda.org.in/faqs?modified=past-hour,URL,COMPLETED,1,False,,,0,0
19144af4-2665-4673-a4ed-21fabe13cccf,https://www.pfrda.org.in/faqs?modified=past-month,URL,COMPLETED,1,False,,,0,0
e69487f0-b0c9-4116-b492-5c8d0352904d,https://www.pfrda.org.in/faqs?modified=past-week,URL,COMPLETED,1,False,,,0,0
9d7789b4-5d49-495f-951a-e1890061b6ad,https://www.pfrda.org.in/faqs?modified=past-year,URL,COMPLETED,1,False,,,0,0
32045be5-2abe-4c73-b8e4-4d6cd003a951,https://www.pfrda.org.in/feedback,URL,COMPLETED,2,False,f3ec4426-16cc-43ad-ac91-0b06339fa203,22f91883-aaaa-44af-9bc8-65912a057512,0,0
f3ec4426-16cc-43ad-ac91-0b06339fa203,https://www.pfrda.org.in/feedback,URL,COMPLETED,1,False,,32045be5-2abe-4c73-b8e4-4d6cd003a951,0,0
22f91883-aaaa-44af-9bc8-65912a057512,https://www.pfrda.org.in/feedback,URL,COMPLETED,3,False,32045be5-2abe-4c73-b8e4-4d6cd003a951,,0,0
5d5dfa58-a57f-4919-bf98-ce64f4231c53,https://www.pfrda.org.in/financial-literacy,URL,COMPLETED,1,False,,,0,0
c8e84230-02a9-4109-b8dd-fb18e7a0b6dc,https://www.pfrda.org.in/financial-literacy1,URL,COMPLETED,1,False,,,0,0
38be68da-939b-4e8f-a793-bbfb91a9a672,https://www.pfrda.org.in/financial-literacy/retirement-planner-scheme,URL,COMPLETED,1,False,,,0,0
3717b000-00fa-4ab7-944f-b7201ad9c2a7,https://www.pfrda.org.in/financial-literacy/subscriber-education,URL,COMPLETED,1,False,,,0,0
096147c1-71c0-49c6-9efb-272a8754a5d1,https://www.pfrda.org.in/financial-literacy/trainings,URL,COMPLETED,3,False,a6bc2ba8-aaa6-4c81-a878-1d621a277b60,0d5ba255-5c97-4f4c-80de-e2e7144a93ce,0,0
d5f293f2-d74a-46f6-b365-6bae86413560,https://www.pfrda.org.in/financial-literacy/trainings,URL,COMPLETED,1,False,,a6bc2ba8-aaa6-4c81-a878-1d621a277b60,0,0
0d5ba255-5c97-4f4c-80de-e2e7144a93ce,https://www.pfrda.org.in/financial-literacy/trainings,URL,COMPLETED,4,False,096147c1-71c0-49c6-9efb-272a8754a5d1,,0,0
a6bc2ba8-aaa6-4c81-a878-1d621a277b60,https://www.pfrda.org.in/financial-literacy/trainings,URL,COMPLETED,2,False,d5f293f2-d74a-46f6-b365-6bae86413560,096147c1-71c0-49c6-9efb-272a8754a5d1,0,0
580080f2-7df4-4a50-8ced-74debb3717fb,https://www.pfrda.org.in/financial-literacy/trainings/training-form,URL,COMPLETED,1,False,,,0,0
14109d19-3bae-4de8-9291-617f63741957,https://www.pfrda.org.in/forms,URL,COMPLETED,1,False,,4e2aa1cd-623f-4a29-b14f-9358fb744d22,0,0
39dcbfa3-eed6-43c2-a4e6-dd1a6d38e36b,https://www.pfrda.org.in/forms,URL,COMPLETED,3,False,4e2aa1cd-623f-4a29-b14f-9358fb744d22,,0,0
4e2aa1cd-623f-4a29-b14f-9358fb744d22,https://www.pfrda.org.in/forms,URL,COMPLETED,2,False,14109d19-3bae-4de8-9291-617f63741957,39dcbfa3-eed6-43c2-a4e6-dd1a6d38e36b,0,0
29150824-ccf3-46d4-a3ee-3946e00a5b65,https://www.pfrda.org.in/forms?modifiedFrom=2026-09-05&modifiedTo=2026-09-06,URL,COMPLETED,1,False,,,0,0
e70889d1-822c-49c2-8719-beb986275229,https://www.pfrda.org.in/forms?modified=past-24-hours,URL,COMPLETED,1,False,,,0,0
318fb28a-a9c8-4dba-89c3-275426bc1248,https://www.pfrda.org.in/forms?modified=past-hour,URL,COMPLETED,1,False,,,0,0
9780e7c0-310e-487e-b26e-f998f25b6851,https://www.pfrda.org.in/forms?modified=past-month,URL,COMPLETED,1,False,,,0,0
59f49a64-1167-4063-9201-9489bfd6892f,https://www.pfrda.org.in/forms?modified=past-week,URL,COMPLETED,1,False,,,0,0
4424ed09-e4f7-483b-b22d-7dee87353fb5,https://www.pfrda.org.in/forms?modified=past-year,URL,COMPLETED,1,False,,,0,0
a7b2b5c6-90f7-4e68-a0df-fe2bf910e6db,https://www.pfrda.org.in/get-to-know,URL,COMPLETED,1,False,,,0,0
ae0834b9-7154-4b89-bcfc-2bd6bde9b3d3,https://www.pfrda.org.in/get-to-know/careers,URL,COMPLETED,2,False,ae772d60-1b61-4a41-bbfd-e3086e51e629,0a01d87a-d5bb-4c12-9d4d-12c53d222caa,0,0
ae772d60-1b61-4a41-bbfd-e3086e51e629,https://www.pfrda.org.in/get-to-know/careers,URL,COMPLETED,1,False,,ae0834b9-7154-4b89-bcfc-2bd6bde9b3d3,0,0
0a01d87a-d5bb-4c12-9d4d-12c53d222caa,https://www.pfrda.org.in/get-to-know/careers,URL,COMPLETED,3,False,ae0834b9-7154-4b89-bcfc-2bd6bde9b3d3,,0,0
e4127204-8060-481e-afee-675cb6748977,https://www.pfrda.org.in/get-to-know/careers/results,URL,COMPLETED,1,False,,,0,0
27c8e8c1-48ea-43df-986a-ec968f67b3a5,https://www.pfrda.org.in/get-to-know/careers/vacancies,URL,COMPLETED,1,False,,,0,0
1d1e255e-ada8-4df8-81cd-beba5799e2f8,https://www.pfrda.org.in/get-to-know/holidays,URL,COMPLETED,2,False,83a53562-73da-4018-a81e-a66aab0fc09b,7a75d510-0592-4f08-bbc2-28bae3e9ebdd,0,0
83a53562-73da-4018-a81e-a66aab0fc09b,https://www.pfrda.org.in/get-to-know/holidays,URL,COMPLETED,1,False,,1d1e255e-ada8-4df8-81cd-beba5799e2f8,0,0
86020e56-6e89-4008-b884-d9eb0412b318,https://www.pfrda.org.in/get-to-know/holidays,URL,COMPLETED,4,False,7a75d510-0592-4f08-bbc2-28bae3e9ebdd,,0,0
7a75d510-0592-4f08-bbc2-28bae3e9ebdd,https://www.pfrda.org.in/get-to-know/holidays,URL,COMPLETED,3,False,1d1e255e-ada8-4df8-81cd-beba5799e2f8,86020e56-6e89-4008-b884-d9eb0412b318,0,0
b67556ce-86e9-4d63-9a0a-e448d252f18a,https://www.pfrda.org.in/get-to-know/holidays?delta=10&start=1,URL,COMPLETED,1,False,,,0,0
4a89e5fe-5002-4f5c-b903-31bb8deea19c,https://www.pfrda.org.in/get-to-know/holidays?delta=20,URL,COMPLETED,1,False,,,0,0
4b455dfe-e4c2-48e6-8cd9-eb5055401d29,https://www.pfrda.org.in/get-to-know/holidays?delta=4,URL,COMPLETED,1,False,,,0,0
01fb78ec-442d-40f2-93dc-2f5add6c2e91,https://www.pfrda.org.in/get-to-know/holidays?delta=40,URL,COMPLETED,1,False,,,0,0
9ef824f1-85ba-4f4f-870e-35e35a9dfe89,https://www.pfrda.org.in/get-to-know/holidays?delta=60,URL,COMPLETED,1,False,,,0,0
b7a94092-dd28-4a30-b8e9-8f5ae47f0ceb,https://www.pfrda.org.in/get-to-know/holidays?delta=8,URL,COMPLETED,1,False,,,0,0
58bcf4b9-8d3d-4cfd-94c5-70b98f2625ce,https://www.pfrda.org.in/get-to-know/tenders,URL,COMPLETED,2,False,445eab41-7d8c-479c-824d-8d9564a99f6a,3b594c41-ba26-4644-8726-b1b1a0eed325,0,0
445eab41-7d8c-479c-824d-8d9564a99f6a,https://www.pfrda.org.in/get-to-know/tenders,URL,COMPLETED,1,False,,58bcf4b9-8d3d-4cfd-94c5-70b98f2625ce,0,0
93cb86ec-436a-46ce-a332-10b329038f3a,https://www.pfrda.org.in/get-to-know/tenders,URL,COMPLETED,4,False,3b594c41-ba26-4644-8726-b1b1a0eed325,,0,0
3b594c41-ba26-4644-8726-b1b1a0eed325,https://www.pfrda.org.in/get-to-know/tenders,URL,COMPLETED,3,False,58bcf4b9-8d3d-4cfd-94c5-70b98f2625ce,93cb86ec-436a-46ce-a332-10b329038f3a,0,0
377405a1-4ebe-4cca-b560-c6a11a162b93,https://www.pfrda.org.in/get-to-know/tenders?delta=10&start=1,URL,COMPLETED,1,False,,,0,0
d44f4763-49eb-44f7-80c9-fa2b24941433,https://www.pfrda.org.in/get-to-know/tenders?delta=10&start=2,URL,COMPLETED,1,False,,,0,0
867520e4-f256-481f-a857-38f0cf73ccb2,https://www.pfrda.org.in/get-to-know/tenders?delta=10&start=3,URL,COMPLETED,1,False,,,0,0
0b2c9cb6-bc4e-4cb6-bce9-31361cc8a4a9,https://www.pfrda.org.in/get-to-know/tenders?delta=10&start=4,URL,COMPLETED,1,False,,,0,0
7b20dc14-e77b-4a45-91b4-34c192182fe6,https://www.pfrda.org.in/get-to-know/tenders?delta=10&start=5,URL,COMPLETED,1,False,,,0,0
9b6c4b2e-08f8-4412-a517-bf292b6f3e9f,https://www.pfrda.org.in/get-to-know/tenders?delta=10&start=6,URL,COMPLETED,1,False,,,0,0
0d1e45db-74fd-432b-b246-397f138f9186,https://www.pfrda.org.in/get-to-know/tenders?delta=10&start=7,URL,COMPLETED,1,False,,,0,0
e81d55fb-2948-4adf-b422-92a19c3a7206,https://www.pfrda.org.in/get-to-know/tenders?delta=20,URL,COMPLETED,1,False,,,0,0
5a867d47-0430-4fbe-9e1b-a8d1820739c6,https://www.pfrda.org.in/get-to-know/tenders?delta=4,URL,COMPLETED,1,False,,,0,0
54cd817c-61a3-476b-b919-224941370bd0,https://www.pfrda.org.in/get-to-know/tenders?delta=40,URL,COMPLETED,1,False,,,0,0
ac60f218-b04e-4cd4-abd9-c75bd3206e0f,https://www.pfrda.org.in/get-to-know/tenders?delta=60,URL,COMPLETED,1,False,,,0,0
64d93e95-07ce-4b45-807d-c30800700bd2,https://www.pfrda.org.in/get-to-know/tenders?delta=8,URL,COMPLETED,1,False,,,0,0
48f81518-4442-4f5c-94dc-5d0637bd9f4a,https://www.pfrda.org.in/get-to-know/tenders?modifiedFrom=2026-09-05&modifiedTo=2026-09-06,URL,COMPLETED,1,False,,,0,0
179688f6-83e1-4e95-af44-98c926f02c57,https://www.pfrda.org.in/get-to-know/tenders?modified=past-24-hours,URL,COMPLETED,1,False,,,0,0
9e884707-0dbe-4c5f-9c2b-cfc0c26b8fc7,https://www.pfrda.org.in/get-to-know/tenders?modified=past-hour,URL,COMPLETED,1,False,,,0,0
0887572b-64e0-4f7c-90cc-4852da2446c5,https://www.pfrda.org.in/get-to-know/tenders?modified=past-month,URL,COMPLETED,1,False,,,0,0
1498dec6-d2f9-4f14-b0d7-b80534d013d7,https://www.pfrda.org.in/get-to-know/tenders?modified=past-week,URL,COMPLETED,1,False,,,0,0
697ee779-a113-414e-9ee4-857250406258,https://www.pfrda.org.in/get-to-know/tenders?modified=past-year,URL,COMPLETED,1,False,,,0,0
c87714ca-b2f5-45e8-a4fb-ae34a5af25dd,https://www.pfrda.org.in/get-to-know/website-policies,URL,COMPLETED,1,False,,85897a1d-244c-42e3-88b2-4fb40e5ba705,0,0
9e6c4841-e8c5-4d8e-8737-4ba76f0c4799,https://www.pfrda.org.in/get-to-know/website-policies,URL,COMPLETED,3,False,85897a1d-244c-42e3-88b2-4fb40e5ba705,,0,0
85897a1d-244c-42e3-88b2-4fb40e5ba705,https://www.pfrda.org.in/get-to-know/website-policies,URL,COMPLETED,2,False,c87714ca-b2f5-45e8-a4fb-ae34a5af25dd,9e6c4841-e8c5-4d8e-8737-4ba76f0c4799,0,0
1852c0de-d5c8-4fa1-bee0-17b5fa161bd8,https://www.pfrda.org.in/get-to-know/website-policies/content-archival-policy,URL,COMPLETED,1,False,,,0,0
bbe89d7b-5323-4bf0-b419-5243e87bf6e9,https://www.pfrda.org.in/get-to-know/website-policies/content-contribution-moderation-and-approval-policy,URL,COMPLETED,1,False,,,0,0
9d6bcddc-fe39-43c9-9840-fd95723d983a,https://www.pfrda.org.in/get-to-know/website-policies/content-review-policy,URL,COMPLETED,1,False,,,0,0
62c8430a-b609-4628-85f7-96b0e52249ea,https://www.pfrda.org.in/get-to-know/website-policies/copyright-policy,URL,COMPLETED,1,False,,,0,0
3040a667-6b31-4058-8374-cc7e2ef4d6d6,https://www.pfrda.org.in/get-to-know/website-policies/disclaimer,URL,COMPLETED,1,False,,,0,0
081c41b4-62a5-46a9-96da-928b4ad7a321,https://www.pfrda.org.in/get-to-know/website-policies/help,URL,COMPLETED,1,False,,,0,0
8bf262ea-a1bf-43ba-8fa7-a05455e7fc0a,https://www.pfrda.org.in/get-to-know/website-policies/hyperlink-policy,URL,COMPLETED,1,False,,,0,0
45ecec5f-f674-4ecd-8511-2cc89ee0c33b,https://www.pfrda.org.in/get-to-know/website-policies/privacy-policy,URL,COMPLETED,1,False,,,0,0
3c49c9ee-d102-4863-90c2-706047b12b09,https://www.pfrda.org.in/get-to-know/website-policies/website-contingency-management-policy,URL,COMPLETED,1,False,,,0,0
cb59e325-8c4c-4606-9412-60adb0f77b04,https://www.pfrda.org.in/get-to-know/website-policies/website-monitoring-policy,URL,COMPLETED,1,False,,,0,0
0bf87999-228c-41b7-8b3a-2b4304cc5ecd,https://www.pfrda.org.in/get-to-know/website-policies/website-security-policy,URL,COMPLETED,1,False,,,0,0
33b75075-b88f-43c7-977d-70594138c1ce,https://www.pfrda.org.in/glossary,URL,COMPLETED,3,False,4768de54-fbfb-43f1-867d-42473c34fe36,,0,0
4768de54-fbfb-43f1-867d-42473c34fe36,https://www.pfrda.org.in/glossary,URL,COMPLETED,2,False,71b14fe9-ef44-43cc-9922-a61be0d62f2f,33b75075-b88f-43c7-977d-70594138c1ce,0,0
71b14fe9-ef44-43cc-9922-a61be0d62f2f,https://www.pfrda.org.in/glossary,URL,COMPLETED,1,False,,4768de54-fbfb-43f1-867d-42473c34fe36,0,0
1b0d7938-778f-44fe-8fed-e7b142a6c87e,https://www.pfrda.org.in/help-support,URL,COMPLETED,1,False,,,0,0
fa6a3207-c8b0-4d2c-be1b-24b9c38f2374,https://www.pfrda.org.in/help-support/sitemap,URL,COMPLETED,1,False,,,0,0
9caffbf3-64f8-4d84-af58-32d534a9dbf1,https://www.pfrda.org.in/hi/about-us/authority,URL,COMPLETED,1,False,,,0,0
e8ae9909-7bba-4c94-9887-570e50fc489c,https://www.pfrda.org.in/hi/coming-soon,URL,COMPLETED,1,False,,,0,0
7ea24094-78af-4029-8020-47fbd03041c1,https://www.pfrda.org.in/hi/regulatory-framework,URL,COMPLETED,1,False,,,0,0
fabf1324-2d90-4588-8139-7d57e022cb1b,https://www.pfrda.org.in/hi/research-publications/statistics,URL,COMPLETED,1,False,,,0,0
785b2a37-26aa-4402-9d43-8553e8228c99,https://www.pfrda.org.in/hi/terms-and-conditions,URL,COMPLETED,1,False,,,0,0
56bbf9f9-7d5d-42af-ba42-8ae21aa30535,https://www.pfrda.org.in/hi/w/apy-annual-felicitation-programme-2025-26,URL,COMPLETED,1,False,,,0,0
f224fe34-8389-4b74-8622-22ea466af60e,https://www.pfrda.org.in/hi/w/development-research-group-drg-guidelines,URL,COMPLETED,1,False,,,0,0
04224cf6-5e49-4c78-912a-7e4739943e00,https://www.pfrda.org.in/hi/w/dhan-ki-baat-1,URL,COMPLETED,1,False,,,0,0
eab6a35b-c57b-4443-9782-0071c57c977b,https://www.pfrda.org.in/hi/w/empowering-rias-in-india-s-pension-revolution-1,URL,COMPLETED,1,False,,,0,0
5f3ce596-51eb-405b-ac0a-92e0d6fbd9bb,https://www.pfrda.org.in/hi/w/hindustan-olympiad-2025,URL,COMPLETED,1,False,,,0,0
9e12eee2-b613-402c-bd74-7303437b734e,https://www.pfrda.org.in/hi/w/hr-conclave-mumbai-2,URL,COMPLETED,1,False,,,0,0
44aec693-f229-40eb-b7c3-c7646112f56d,https://www.pfrda.org.in/hi/w/independence-day-2025,URL,COMPLETED,1,False,,,0,0
4a3f82c7-7113-438d-843f-4fdc9ec99f01,https://www.pfrda.org.in/hi/w/independence-day-2025-2,URL,COMPLETED,1,False,,,0,0
f8aa6c6f-91e7-428b-a043-8666d6d9b7fd,https://www.pfrda.org.in/hi/w/indian-chamber-of-commerce-conclave,URL,COMPLETED,1,False,,,0,0
71a9e0b0-da41-4057-a72c-c4ec24b4705b,https://www.pfrda.org.in/hi/w/india-s-mushroom-cultivation-sector-1,URL,COMPLETED,1,False,,,0,0
0410a59a-a4b1-42f6-a097-86cf781fb331,https://www.pfrda.org.in/hi/w/innovate4nps-pfrda-hackathon,URL,COMPLETED,1,False,,,0,0
170a49f6-665f-42a9-83d9-f1717b72ae06,https://www.pfrda.org.in/hi/w/interaction-of-chairperson-pfrda,URL,COMPLETED,1,False,,,0,0
d832d43b-427c-4927-abfc-5c6db59b0a3f,https://www.pfrda.org.in/hi/w/international-yoga-day-1,URL,COMPLETED,1,False,,,0,0
fca47f34-7af5-4a7b-b654-73ae97189a14,https://www.pfrda.org.in/hi/w/international-yoga-day-2025,URL,COMPLETED,1,False,,,0,0
e81aed70-690b-43f2-9dab-d1d89d08f026,https://www.pfrda.org.in/hi/w/iops-1,URL,COMPLETED,1,False,,,0,0
5a8c3fed-3ca0-487e-8f31-e87feacb1aee,https://www.pfrda.org.in/hi/w/ircp-2025-2,URL,COMPLETED,1,False,,,0,0
4241dbf5-b421-4142-8cc9-cba323391d5b,https://www.pfrda.org.in/hi/w/joint-conference-on-pensions-jcp-1,URL,COMPLETED,1,False,,,0,0
4c02d706-dbf0-4017-9d12-9e6a5a00d5c7,https://www.pfrda.org.in/hi/w/new-offer-inauguration,URL,COMPLETED,1,False,,,0,0
ae46f378-22ea-4040-befe-c0a7abd5ef02,https://www.pfrda.org.in/hi/w/nps-diwas-2025,URL,COMPLETED,1,False,,,0,0
024551a2-614a-4af0-acd1-4d7965ba2aa3,https://www.pfrda.org.in/hi/w/nps-diwas-2025-3,URL,COMPLETED,1,False,,,0,0
a6cd695f-279e-46d7-931a-5c2290f7776d,https://www.pfrda.org.in/hi/w/nps-for-corporates-1,URL,COMPLETED,1,False,,,0,0
5ad64ae0-06c4-468d-934a-4d7e3c347ecc,https://www.pfrda.org.in/hi/w/nps-outreach-for-msme,URL,COMPLETED,1,False,,,0,0
83710781-016a-4e53-aa93-9cfaaca5441d,https://www.pfrda.org.in/hi/w/nps-outreach-north-east,URL,COMPLETED,1,False,,,0,0
02b0ef5d-82eb-4318-a155-4b5e5d032ae3,https://www.pfrda.org.in/hi/w/nps-quest-1.0-2,URL,COMPLETED,1,False,,,0,0
456a2934-0ffc-4943-b43c-009bcb2f2d53,https://www.pfrda.org.in/hi/w/nps-quest-2.0-1,URL,COMPLETED,1,False,,,0,0
1e342df0-b13e-4629-8a22-719dc7cd6b53,https://www.pfrda.org.in/hi/w/nps-quest-2026,URL,COMPLETED,1,False,,,0,0
03bc90f4-7174-4615-8177-04b1836d327e,https://www.pfrda.org.in/hi/w/nps-quest-2.0-hornbill-edition,URL,COMPLETED,1,False,,,0,0
4319a334-c765-40be-bd5f-564fd0f5d2a8,https://www.pfrda.org.in/hi/w/nps-swasthya-equity-plus-icici-pf,URL,COMPLETED,1,False,,,0,0
00f48076-766e-421a-9bb9-6cc739285f82,https://www.pfrda.org.in/hi/w/online-apy-awareness-program-september-2026-punjabi-,URL,COMPLETED,1,False,,,0,0
47062ffe-7bfe-4b9a-adfd-9ede4c0f8999,https://www.pfrda.org.in/hi/w/online-apy-awareness-program-september-2026-telugu-,URL,COMPLETED,1,False,,,0,0
0be77ec2-62e9-4dbb-bc51-dd403d64a39d,https://www.pfrda.org.in/hi/w/pension-se-pragati-copy-,URL,COMPLETED,1,False,,,0,0
67341725-d232-4066-85ec-ecbe0356d736,https://www.pfrda.org.in/hi/w/pfrda-at-global-fintech-fest-2025,URL,COMPLETED,1,False,,,0,0
c37b80b9-e0dd-4b21-bcc5-71b2960bc6b9,https://www.pfrda.org.in/hi/w/pfrda-hackathon-2026,URL,COMPLETED,1,False,,,0,0
030c5eaf-729e-422a-b162-4ef17f43bb4f,https://www.pfrda.org.in/hi/w/pfrda-hackathon-2026-1,URL,COMPLETED,1,False,,,0,0
caffd9b0-c2d5-44bc-8ddd-6f7a80c2f1e0,https://www.pfrda.org.in/hi/w/pfrda-hackathon-2026-winners,URL,COMPLETED,1,False,,,0,0
82a16c29-b8e4-487d-ba94-4d36cacb8917,https://www.pfrda.org.in/hi/w/policy-for-developmental-research-group-drg-project,URL,COMPLETED,1,False,,,0,0
fd9ac10c-4ec6-4091-aa50-4c4e4e5dcc3b,https://www.pfrda.org.in/hi/w/republic-day-celebration-2025,URL,COMPLETED,1,False,,,0,0
6eddf61e-8a4a-4625-bea3-ff9c2cfe9e06,https://www.pfrda.org.in/hi/w/swachhata-abhiyan,URL,COMPLETED,1,False,,,0,0
8e5614ab-8f33-4eed-a266-ce02e66ca22b,https://www.pfrda.org.in/hi/w/symposium-on-atmanirbhar-pensioned-society-for-a-viksit-bharat,URL,COMPLETED,1,False,,,0,0
a4bd6c64-b26d-461b-8215-73d31e1636ec,https://www.pfrda.org.in/hi/w/vigilance-awareness-week-2022-award-function,URL,COMPLETED,1,False,,,0,0
b79d5eb6-8fa3-4eac-ac8b-9f9158d85aa6,https://www.pfrda.org.in/hi/w/vigilance-awareness-week-2022-badminton-tournament,URL,COMPLETED,1,False,,,0,0
13df94bf-d5d1-41c2-b8a2-cb5e92e441db,https://www.pfrda.org.in/hi/w/vigilance-awareness-week-2023-awards-function,URL,COMPLETED,1,False,,,0,0
31489ef3-e0f7-4e87-b620-836ffe34113e,https://www.pfrda.org.in/hi/w/vigilance-awareness-week-2023-badminton-tournament,URL,COMPLETED,1,False,,,0,0
3d905c8a-7dd7-4502-83ca-db27dd7a7987,https://www.pfrda.org.in/home,URL,COMPLETED,8,False,6f65c1a7-1091-40ff-af87-070960c7368d,,0,0
6f65c1a7-1091-40ff-af87-070960c7368d,https://www.pfrda.org.in/home,URL,COMPLETED,7,False,2bbf1d8a-1d54-4009-a612-47b16e0f5b04,3d905c8a-7dd7-4502-83ca-db27dd7a7987,0,0
2bbf1d8a-1d54-4009-a612-47b16e0f5b04,https://www.pfrda.org.in/home,URL,COMPLETED,6,False,8869610f-7c6b-44b7-a539-911c076fcb5c,6f65c1a7-1091-40ff-af87-070960c7368d,0,0
e98f6319-a072-402a-9e2f-1237baa15c66,https://www.pfrda.org.in/home,URL,COMPLETED,2,False,a8fca971-d040-4ecb-99bc-b66576b1a8dd,4d1f30b8-392c-48c4-89cb-735048505ffc,0,0
8869610f-7c6b-44b7-a539-911c076fcb5c,https://www.pfrda.org.in/home,URL,COMPLETED,5,False,56a605fb-4dc6-4229-9989-35b49b33739a,2bbf1d8a-1d54-4009-a612-47b16e0f5b04,0,0
56a605fb-4dc6-4229-9989-35b49b33739a,https://www.pfrda.org.in/home,URL,COMPLETED,4,False,4d1f30b8-392c-48c4-89cb-735048505ffc,8869610f-7c6b-44b7-a539-911c076fcb5c,0,0
4d1f30b8-392c-48c4-89cb-735048505ffc,https://www.pfrda.org.in/home,URL,COMPLETED,3,False,e98f6319-a072-402a-9e2f-1237baa15c66,56a605fb-4dc6-4229-9989-35b49b33739a,0,0
a8fca971-d040-4ecb-99bc-b66576b1a8dd,https://www.pfrda.org.in/home,URL,COMPLETED,1,False,,e98f6319-a072-402a-9e2f-1237baa15c66,0,0
f211299f-4910-4fc6-8803-9d2f79ad2788,https://www.pfrda.org.in/intermediaries,URL,COMPLETED,1,False,,,0,0
51534a3f-84d7-4cfb-a4c0-74299a7e94d3,https://www.pfrda.org.in/intermediaries/registered-intermediaries/custodian,URL,COMPLETED,1,False,,,0,0
40d7206a-9c20-448f-90a6-cf6f212fc41c,https://www.pfrda.org.in/ircp-main-page,URL,COMPLETED,1,False,,,0,0
61c27adc-d4a1-4517-af62-47db3bd0a806,https://www.pfrda.org.in/list-of-asp,URL,COMPLETED,1,False,,,0,0
80e3f311-3662-4b16-847d-efb661fc8340,https://www.pfrda.org.in/media,URL,COMPLETED,1,False,,,0,0
9c45a6bb-36d9-4dca-90b9-c3103e042360,https://www.pfrda.org.in/media2,URL,COMPLETED,1,False,,,0,0
4859c2e4-2fd2-42ea-8fe3-af3dda88d545,https://www.pfrda.org.in/media/chairperson-s-speeches,URL,COMPLETED,1,False,,,0,0
d6f95c76-d7a6-4349-bf58-8e336fea0177,https://www.pfrda.org.in/media/gallery,URL,COMPLETED,1,False,,c4daf3ce-c116-4683-af4b-bf8e33ac1561,0,0
e6f90265-7d4f-4b4a-8529-4ca58ca424be,https://www.pfrda.org.in/media/gallery,URL,COMPLETED,3,False,c4daf3ce-c116-4683-af4b-bf8e33ac1561,acd1a51f-550d-47d0-885f-5fb1a4c63871,0,0
acd1a51f-550d-47d0-885f-5fb1a4c63871,https://www.pfrda.org.in/media/gallery,URL,COMPLETED,4,False,e6f90265-7d4f-4b4a-8529-4ca58ca424be,,0,0
c4daf3ce-c116-4683-af4b-bf8e33ac1561,https://www.pfrda.org.in/media/gallery,URL,COMPLETED,2,False,d6f95c76-d7a6-4349-bf58-8e336fea0177,e6f90265-7d4f-4b4a-8529-4ca58ca424be,0,0
30aecc7a-5190-4b69-be03-e9cd2b2d9c88,https://www.pfrda.org.in/media/gallery/imagegallery,URL,COMPLETED,1,False,,ae5e59e4-1c24-4e6e-aa56-3adc14d1e9f7,0,0
80261473-e993-4104-b63d-13d272bebe8e,https://www.pfrda.org.in/media/gallery/imagegallery,URL,COMPLETED,3,False,ae5e59e4-1c24-4e6e-aa56-3adc14d1e9f7,ad59be3c-2371-410e-83f3-5b8ce3895b4a,0,0
ae5e59e4-1c24-4e6e-aa56-3adc14d1e9f7,https://www.pfrda.org.in/media/gallery/imagegallery,URL,COMPLETED,2,False,30aecc7a-5190-4b69-be03-e9cd2b2d9c88,80261473-e993-4104-b63d-13d272bebe8e,0,0
272a4000-b876-447e-b554-ace602f94348,https://www.pfrda.org.in/media/gallery/imagegallery,URL,COMPLETED,5,False,ad59be3c-2371-410e-83f3-5b8ce3895b4a,13381a94-8159-4cef-bd68-3a26d00e171b,0,0
13381a94-8159-4cef-bd68-3a26d00e171b,https://www.pfrda.org.in/media/gallery/imagegallery,URL,COMPLETED,6,False,272a4000-b876-447e-b554-ace602f94348,,0,0
ad59be3c-2371-410e-83f3-5b8ce3895b4a,https://www.pfrda.org.in/media/gallery/imagegallery,URL,COMPLETED,4,False,80261473-e993-4104-b63d-13d272bebe8e,272a4000-b876-447e-b554-ace602f94348,0,0
00a59f68-97f1-498a-8c64-c0a747764d37,https://www.pfrda.org.in/media/gallery/image-gallery2,URL,COMPLETED,1,False,,,0,0
0530c071-b13d-4525-8806-035556a41926,https://www.pfrda.org.in/media/gallery/image-gallery-archived,URL,COMPLETED,1,False,,,0,0
cac249aa-a111-4778-bed6-be43a90a4dc0,https://www.pfrda.org.in/media/gallery/publicity-material,URL,COMPLETED,2,False,40bc72b2-e834-488d-a27c-b7be52f8e33c,,0,0
40bc72b2-e834-488d-a27c-b7be52f8e33c,https://www.pfrda.org.in/media/gallery/publicity-material,URL,COMPLETED,1,False,,cac249aa-a111-4778-bed6-be43a90a4dc0,0,0
7de67df7-dede-4ec4-bac4-c354f1bd6da5,https://www.pfrda.org.in/media/gallery/video-gallery,URL,COMPLETED,1,False,,,0,0
7c8eb968-731c-4f21-bb42-f14387d3bca5,https://www.pfrda.org.in/media/hackathon,URL,COMPLETED,1,False,,9a89b0eb-8f2c-452b-a586-b0d26b1d0812,0,0
47b5a796-ed9f-4bec-a3e2-e54e28ee4e3d,https://www.pfrda.org.in/media/hackathon,URL,COMPLETED,4,False,0c18efce-9eda-470c-9b08-5f0c27d4631b,,0,0
9a89b0eb-8f2c-452b-a586-b0d26b1d0812,https://www.pfrda.org.in/media/hackathon,URL,COMPLETED,2,False,7c8eb968-731c-4f21-bb42-f14387d3bca5,0c18efce-9eda-470c-9b08-5f0c27d4631b,0,0
0c18efce-9eda-470c-9b08-5f0c27d4631b,https://www.pfrda.org.in/media/hackathon,URL,COMPLETED,3,False,9a89b0eb-8f2c-452b-a586-b0d26b1d0812,47b5a796-ed9f-4bec-a3e2-e54e28ee4e3d,0,0
8bba46f0-3912-487e-a2cd-61b1a0938c0d,https://www.pfrda.org.in/media/press-releases,URL,COMPLETED,1,False,,29608826-3906-4132-8d18-1fbbf71abe0b,0,0
29608826-3906-4132-8d18-1fbbf71abe0b,https://www.pfrda.org.in/media/press-releases,URL,COMPLETED,2,False,8bba46f0-3912-487e-a2cd-61b1a0938c0d,,0,0
1c7ac71d-aec9-4b8d-a5e2-ba953a5d3ab0,https://www.pfrda.org.in/MyAuth/Admin/showimg.cshtml?ID=705,URL,COMPLETED,1,False,,,0,0
09069484-8661-416d-9f51-f084b22acce0,https://www.pfrda.org.in/newrul,URL,COMPLETED,1,False,,,0,0
a3e6b5f4-ee7b-413c-b734-972a30c2d42b,https://www.pfrda.org.in/office-memorandum,URL,COMPLETED,1,False,,,0,0
70d360ee-2ffa-45c3-8b0b-e5b09a417583,https://www.pfrda.org.in/organization-chart,URL,COMPLETED,1,False,,,0,0
ecb36835-2015-4f14-be63-a8116c5862da,https://www.pfrda.org.in/past-training-list,URL,COMPLETED,1,False,,,0,0
e1e25e79-83fa-4c9e-806e-bb32384da3c9,https://www.pfrda.org.in/pension-security-in-india,URL,COMPLETED,1,False,,,0,0
72773704-b1b8-4ab1-9025-a7c8b34b79ce,https://www.pfrda.org.in/recent-updates,URL,COMPLETED,1,False,,,0,0
c5d59c8d-7804-4d0b-a776-ffe1cfd75945,https://www.pfrda.org.in/regulatory-framework2,URL,COMPLETED,1,False,,,0,0
9f87045d-7179-4646-9284-85d95b4aac1c,https://www.pfrda.org.in/regulatory-framework/acts,URL,COMPLETED,1,False,,,0,0
b5e2fd42-d094-4c1c-9bfb-8b05bdfa9b2f,https://www.pfrda.org.in/regulatory-framework/circulars,URL,COMPLETED,2,False,21274678-1e54-4a15-ae7e-4cd76bad7ddd,27e16f0f-c9ec-47c4-8a29-85f9d481b15e,0,0
21274678-1e54-4a15-ae7e-4cd76bad7ddd,https://www.pfrda.org.in/regulatory-framework/circulars,URL,COMPLETED,1,False,,b5e2fd42-d094-4c1c-9bfb-8b05bdfa9b2f,0,0
27e16f0f-c9ec-47c4-8a29-85f9d481b15e,https://www.pfrda.org.in/regulatory-framework/circulars,URL,COMPLETED,3,False,b5e2fd42-d094-4c1c-9bfb-8b05bdfa9b2f,,0,0
f1204be1-1eb9-47c8-8e4a-7a5e288146c7,https://www.pfrda.org.in/regulatory-framework/circulars/active-circulars,URL,COMPLETED,2,False,804ae1c5-2287-4ed1-994e-f9de3b7afb53,1a6293c5-1c60-40eb-bfc3-603e3171acdd,0,0
1a6293c5-1c60-40eb-bfc3-603e3171acdd,https://www.pfrda.org.in/regulatory-framework/circulars/active-circulars,URL,COMPLETED,3,False,f1204be1-1eb9-47c8-8e4a-7a5e288146c7,,0,0
804ae1c5-2287-4ed1-994e-f9de3b7afb53,https://www.pfrda.org.in/regulatory-framework/circulars/active-circulars,URL,COMPLETED,1,False,,f1204be1-1eb9-47c8-8e4a-7a5e288146c7,0,0
06bcec5b-b8ee-40c0-a41d-2b65f6af5758,https://www.pfrda.org.in/regulatory-framework/compendium,URL,COMPLETED,1,False,,,0,0
8879ea70-6beb-4289-979e-99db437f1e2d,https://www.pfrda.org.in/regulatory-framework/compendium-of-pfrda-act-rules-regulations,URL,COMPLETED,1,False,,,0,0
450888b4-e963-4ccc-b887-9305b16a85b3,https://www.pfrda.org.in/regulatory-framework/exposure-drafts,URL,COMPLETED,1,False,,629d7ee9-03e6-465d-971a-a0fce1bef755,0,0
629d7ee9-03e6-465d-971a-a0fce1bef755,https://www.pfrda.org.in/regulatory-framework/exposure-drafts,URL,COMPLETED,2,False,450888b4-e963-4ccc-b887-9305b16a85b3,2d08f2a4-2d45-4e8c-9c81-84e7472733cd,0,0
2d08f2a4-2d45-4e8c-9c81-84e7472733cd,https://www.pfrda.org.in/regulatory-framework/exposure-drafts,URL,COMPLETED,3,False,629d7ee9-03e6-465d-971a-a0fce1bef755,,0,0
6ea5a779-cea9-4226-b5b9-4dd0e292337a,https://www.pfrda.org.in/regulatory-framework/exposure-drafts/exposure-draft-feedback-form,URL,COMPLETED,2,False,6ab7889f-6e49-4a56-bebf-7ed416b02aaf,c2fc018a-7508-4f3c-9ad2-33e7efa63eb9,0,0
6ab7889f-6e49-4a56-bebf-7ed416b02aaf,https://www.pfrda.org.in/regulatory-framework/exposure-drafts/exposure-draft-feedback-form,URL,COMPLETED,1,False,,6ea5a779-cea9-4226-b5b9-4dd0e292337a,0,0
c2fc018a-7508-4f3c-9ad2-33e7efa63eb9,https://www.pfrda.org.in/regulatory-framework/exposure-drafts/exposure-draft-feedback-form,URL,COMPLETED,3,False,6ea5a779-cea9-4226-b5b9-4dd0e292337a,,0,0
31de1c92-eceb-4d89-b007-1bdbd79e6525,https://www.pfrda.org.in/regulatory-framework/guidelines,URL,COMPLETED,1,False,,,0,0
6b2aff1f-56db-4caf-9239-7ad560da00c2,https://www.pfrda.org.in/regulatory-framework/master-circulars,URL,COMPLETED,1,False,,,0,0
78ce4a26-1ed7-4511-800c-62e57e91997b,https://www.pfrda.org.in/regulatory-framework/master-circulars/active-master-circulars,URL,COMPLETED,1,False,,,0,0
e0bc26ce-7c11-4803-930d-3862ffc1bea8,https://www.pfrda.org.in/regulatory-framework/notifications,URL,COMPLETED,1,False,,ab70782a-4c48-49eb-bfe9-9b7bd331aa7b,0,0
ab70782a-4c48-49eb-bfe9-9b7bd331aa7b,https://www.pfrda.org.in/regulatory-framework/notifications,URL,COMPLETED,2,False,e0bc26ce-7c11-4803-930d-3862ffc1bea8,,0,0
2cff3c3d-dfd2-475f-bb49-80aeff3aeb86,https://www.pfrda.org.in/regulatory-framework/orders,URL,COMPLETED,1,False,,,0,0
4e155f3a-a3ce-44c2-9830-e0445e882304,https://www.pfrda.org.in/regulatory-framework/orders/enforcement-orders,URL,COMPLETED,1,False,,,0,0
127a00f1-2272-44d1-9a3f-40bd843dce46,https://www.pfrda.org.in/regulatory-framework/orders/general-orders,URL,COMPLETED,1,False,,,0,0
a02d384c-d71d-4d51-8bbd-fbac60308565,https://www.pfrda.org.in/regulatory-framework/orders/notices,URL,COMPLETED,1,False,,,0,0
d3f668e9-3592-45f0-9ee4-26d69582f5ed,https://www.pfrda.org.in/regulatory-framework/regulations,URL,COMPLETED,1,False,,,0,0
a87fba46-18ab-4323-a67e-0d413a923801,https://www.pfrda.org.in/regulatory-framework/reports,URL,COMPLETED,1,False,,,0,0
4478616f-eccb-4c0e-b16f-c3998582107e,https://www.pfrda.org.in/regulatory-framework/rules,URL,COMPLETED,1,False,,,0,0
f9d10ed5-b039-4100-aa17-c910ce66b01b,https://www.pfrda.org.in/reports,URL,COMPLETED,1,False,,,0,0
16d5c1ca-31e8-49bc-8450-afe2bcd54007,https://www.pfrda.org.in/research-publications,URL,COMPLETED,1,False,,,0,0
493ddb92-f0ab-47c4-ac02-33ddb4d8206a,https://www.pfrda.org.in/research-publications1,URL,COMPLETED,1,False,,,0,0
70f38a3b-1eb7-45d3-b643-9ef58d945a92,https://www.pfrda.org.in/research-publications/annual-reports,URL,COMPLETED,1,False,,,0,0
e4878ac9-f796-4c16-831c-ed9f344da6c3,https://www.pfrda.org.in/research-publications/ircp,URL,COMPLETED,1,False,,,0,0
c2f3cdf7-de4e-4292-b392-baf2b6bed2b3,https://www.pfrda.org.in/research-publications/newsletters,URL,COMPLETED,1,False,,,0,0
be1f10ef-49c8-4251-b4b5-2446a0f46663,https://www.pfrda.org.in/research-publications/pension-bulletin,URL,COMPLETED,1,False,,,0,0
e3ea6119-8ec5-4a52-a77a-c1e83890e96c,https://www.pfrda.org.in/research-publications/projects,URL,COMPLETED,1,False,,,0,0
2c1e48d2-42b6-4b52-9fc9-4bf7172446c3,https://www.pfrda.org.in/research-publications/projects/drg,URL,COMPLETED,1,False,,,0,0
938478ab-371d-4115-a385-3be74e86a6ac,https://www.pfrda.org.in/research-publications/projects/drg/drg-form,URL,COMPLETED,1,False,,,0,0
f60644fa-7574-41d9-b2a5-0b0bbd148ba8,https://www.pfrda.org.in/research-publications/projects/external-data-request,URL,COMPLETED,3,False,824307a0-1c14-4c3b-8738-755a6cfee78f,af7e1ace-9968-4e58-b638-feae22a3729e,0,0
824307a0-1c14-4c3b-8738-755a6cfee78f,https://www.pfrda.org.in/research-publications/projects/external-data-request,URL,COMPLETED,2,False,02c7471d-e422-42de-91c7-faa8a72931ba,f60644fa-7574-41d9-b2a5-0b0bbd148ba8,0,0
02c7471d-e422-42de-91c7-faa8a72931ba,https://www.pfrda.org.in/research-publications/projects/external-data-request,URL,COMPLETED,1,False,,824307a0-1c14-4c3b-8738-755a6cfee78f,0,0
af7e1ace-9968-4e58-b638-feae22a3729e,https://www.pfrda.org.in/research-publications/projects/external-data-request,URL,COMPLETED,4,False,f60644fa-7574-41d9-b2a5-0b0bbd148ba8,,0,0
e2b58618-50a8-4436-8bb4-7025cc9fb16e,https://www.pfrda.org.in/research-publications/statistics/handbook,URL,COMPLETED,1,False,,,0,0
b18159c3-f7a5-4dc3-aa61-a39ccd7a9fa2,https://www.pfrda.org.in/research-publications/statistics/statistical-data,URL,COMPLETED,7,False,1ebeda92-3ecf-45c5-9dcc-e5ba403bf185,f319a701-22d4-403c-9d8a-8c40e39e8c46,0,0
4809f4eb-30e8-4487-809d-913dc91e4b85,https://www.pfrda.org.in/research-publications/statistics/statistical-data,URL,COMPLETED,1,False,,de83a943-3f35-4dc1-b263-5638e6eb9cce,0,0
f319a701-22d4-403c-9d8a-8c40e39e8c46,https://www.pfrda.org.in/research-publications/statistics/statistical-data,URL,COMPLETED,8,False,b18159c3-f7a5-4dc3-aa61-a39ccd7a9fa2,,0,0
de83a943-3f35-4dc1-b263-5638e6eb9cce,https://www.pfrda.org.in/research-publications/statistics/statistical-data,URL,COMPLETED,2,False,4809f4eb-30e8-4487-809d-913dc91e4b85,3c6b7e2b-7b15-4efd-a1eb-b16a4d599bb8,0,0
3c6b7e2b-7b15-4efd-a1eb-b16a4d599bb8,https://www.pfrda.org.in/research-publications/statistics/statistical-data,URL,COMPLETED,3,False,de83a943-3f35-4dc1-b263-5638e6eb9cce,33fbb372-459c-483f-a65c-58571dc9883c,0,0
33fbb372-459c-483f-a65c-58571dc9883c,https://www.pfrda.org.in/research-publications/statistics/statistical-data,URL,COMPLETED,4,False,3c6b7e2b-7b15-4efd-a1eb-b16a4d599bb8,77da04db-3bfa-4249-9ff3-da2265271579,0,0
1ebeda92-3ecf-45c5-9dcc-e5ba403bf185,https://www.pfrda.org.in/research-publications/statistics/statistical-data,URL,COMPLETED,6,False,77da04db-3bfa-4249-9ff3-da2265271579,b18159c3-f7a5-4dc3-aa61-a39ccd7a9fa2,0,0
77da04db-3bfa-4249-9ff3-da2265271579,https://www.pfrda.org.in/research-publications/statistics/statistical-data,URL,COMPLETED,5,False,33fbb372-459c-483f-a65c-58571dc9883c,1ebeda92-3ecf-45c5-9dcc-e5ba403bf185,0,0
53999817-627c-4146-b673-776b0ddf6ee7,https://www.pfrda.org.in/research-publications/working-papers,URL,COMPLETED,1,False,,,0,0
85283133-e68d-4c47-89db-672add33d1ef,https://www.pfrda.org.in/schemes,URL,COMPLETED,1,False,,,0,0
4765add3-5646-4061-b917-8e13407d1332,https://www.pfrda.org.in/schemes1,URL,COMPLETED,1,False,,,0,0
10148cb9-acd2-49b4-8e9c-97659821aae3,https://www.pfrda.org.in/schemes/atal-pension-yojana-apy,URL,COMPLETED,6,False,b56cd295-0051-4a91-afb0-2e2fb20b16e7,,0,0
b56cd295-0051-4a91-afb0-2e2fb20b16e7,https://www.pfrda.org.in/schemes/atal-pension-yojana-apy,URL,COMPLETED,5,False,d4985752-509c-402c-9d52-6de6b37aa9ee,10148cb9-acd2-49b4-8e9c-97659821aae3,0,0
67803026-e285-4117-b125-98fa8a774cca,https://www.pfrda.org.in/schemes/atal-pension-yojana-apy,URL,COMPLETED,2,False,1b38886f-1625-44b9-bf4f-ed37b6db1f06,7753d109-7f70-4e97-9c89-b859c5624607,0,0
d4985752-509c-402c-9d52-6de6b37aa9ee,https://www.pfrda.org.in/schemes/atal-pension-yojana-apy,URL,COMPLETED,4,False,7753d109-7f70-4e97-9c89-b859c5624607,b56cd295-0051-4a91-afb0-2e2fb20b16e7,0,0
1b38886f-1625-44b9-bf4f-ed37b6db1f06,https://www.pfrda.org.in/schemes/atal-pension-yojana-apy,URL,COMPLETED,1,False,,67803026-e285-4117-b125-98fa8a774cca,0,0
7753d109-7f70-4e97-9c89-b859c5624607,https://www.pfrda.org.in/schemes/atal-pension-yojana-apy,URL,COMPLETED,3,False,67803026-e285-4117-b125-98fa8a774cca,d4985752-509c-402c-9d52-6de6b37aa9ee,0,0
b9a65988-bdb2-401a-8d2f-df79a3fa5d92,https://www.pfrda.org.in/schemes/atal-pension-yojana-apy/apy-gazette-notifications,URL,COMPLETED,1,False,,,0,0
94555363-ef62-44bf-b5b8-e8eea172d55f,https://www.pfrda.org.in/schemes/atal-pension-yojana-apy/apy-stakeholder-communication,URL,COMPLETED,1,False,,,0,0
a5fcd09c-5678-4387-9b2e-c5fac8afafa7,https://www.pfrda.org.in/schemes/atal-pension-yojana-apy/brochure,URL,COMPLETED,1,False,,,0,0
50b90f58-22fd-431d-ac0d-5561d54ece41,https://www.pfrda.org.in/schemes/atal-pension-yojana-apy/e-digest,URL,COMPLETED,1,False,,,0,0
b533b866-50b4-45f9-8d0a-cc5b7a2df4c8,https://www.pfrda.org.in/schemes/national-pension-system/nps-for-central-autonomous-bodies,URL,COMPLETED,1,False,,af095182-b834-43a2-ab4a-dc337422be23,0,0
814b7f2e-50f2-458b-8485-780c8ee4121f,https://www.pfrda.org.in/schemes/national-pension-system/nps-for-central-autonomous-bodies,URL,COMPLETED,4,False,ffd646cb-2dd5-457b-9a3f-4742c7d21396,,0,0
af095182-b834-43a2-ab4a-dc337422be23,https://www.pfrda.org.in/schemes/national-pension-system/nps-for-central-autonomous-bodies,URL,COMPLETED,2,False,b533b866-50b4-45f9-8d0a-cc5b7a2df4c8,ffd646cb-2dd5-457b-9a3f-4742c7d21396,0,0
ffd646cb-2dd5-457b-9a3f-4742c7d21396,https://www.pfrda.org.in/schemes/national-pension-system/nps-for-central-autonomous-bodies,URL,COMPLETED,3,False,af095182-b834-43a2-ab4a-dc337422be23,814b7f2e-50f2-458b-8485-780c8ee4121f,0,0
b5733283-e0ba-4a15-9613-14d7375ad194,https://www.pfrda.org.in/schemes/national-pension-system/nps-for-central-government,URL,COMPLETED,1,False,,,0,0
e6619e59-8e10-4b14-bd06-21471c884fd0,https://www.pfrda.org.in/schemes/national-pension-system/nps-for-corporates,URL,COMPLETED,1,False,,0c6de2ce-1782-4a74-af1e-9d6bedb0a367,0,0
ebba3aaa-cbb9-4bf1-9cdb-65c005afe03d,https://www.pfrda.org.in/schemes/national-pension-system/nps-for-corporates,URL,COMPLETED,3,False,0c6de2ce-1782-4a74-af1e-9d6bedb0a367,,0,0
0c6de2ce-1782-4a74-af1e-9d6bedb0a367,https://www.pfrda.org.in/schemes/national-pension-system/nps-for-corporates,URL,COMPLETED,2,False,e6619e59-8e10-4b14-bd06-21471c884fd0,ebba3aaa-cbb9-4bf1-9cdb-65c005afe03d,0,0
fe751d54-2e9f-481c-99cc-b79f71e97167,https://www.pfrda.org.in/schemes/national-pension-system/nps-for-corporates/nps-corporate-presentation,URL,COMPLETED,1,False,,,0,0
546d6398-f77e-4548-a6be-058b767c55de,https://www.pfrda.org.in/schemes/national-pension-system/nps-for-state-government,URL,COMPLETED,1,False,,,0,0
508ca266-88b9-4cd7-8aae-3bd369202419,https://www.pfrda.org.in/schemes/national-pension-system/nps-lite,URL,COMPLETED,1,False,,,0,0
a9dde671-ff65-4631-b7c8-df0646584563,https://www.pfrda.org.in/schemes/national-pension-system/state-autonomous-bodies,URL,COMPLETED,1,False,,,0,0
14b17b12-abff-44ba-b770-1c35fc6e2318,https://www.pfrda.org.in/schemes/national-pension-system/superannuation-funds,URL,COMPLETED,1,False,,,0,0
1ec9e6cc-9030-46c9-836c-5be546804bb1,https://www.pfrda.org.in/schemes/national-pension-system/unified-pension-scheme,URL,COMPLETED,3,False,20f0d9ec-02ab-4ad0-b6fe-9bdc82648ae6,,0,0
63252403-3114-4a7e-b88e-23a027e9de57,https://www.pfrda.org.in/schemes/national-pension-system/unified-pension-scheme,URL,COMPLETED,1,False,,20f0d9ec-02ab-4ad0-b6fe-9bdc82648ae6,0,0
20f0d9ec-02ab-4ad0-b6fe-9bdc82648ae6,https://www.pfrda.org.in/schemes/national-pension-system/unified-pension-scheme,URL,COMPLETED,2,False,63252403-3114-4a7e-b88e-23a027e9de57,1ec9e6cc-9030-46c9-836c-5be546804bb1,0,0
52abee5f-ff99-498d-8f83-5e49a354c9f0,https://www.pfrda.org.in/statistics,URL,COMPLETED,1,False,,,0,0
94f168b2-71a1-4401-a60d-c03b20e8cc9a,https://www.pfrda.org.in/subscription,URL,COMPLETED,3,False,9d463f86-bd30-4c51-b956-17413a026085,,0,0
9d463f86-bd30-4c51-b956-17413a026085,https://www.pfrda.org.in/subscription,URL,COMPLETED,2,False,9cd2f8eb-1703-4eb6-985c-c3a25951f980,94f168b2-71a1-4401-a60d-c03b20e8cc9a,0,0
9cd2f8eb-1703-4eb6-985c-c3a25951f980,https://www.pfrda.org.in/subscription,URL,COMPLETED,1,False,,9d463f86-bd30-4c51-b956-17413a026085,0,0
f4bc7557-9fde-4d73-b5f6-e7c8cbcb3b88,https://www.pfrda.org.in/survey,URL,COMPLETED,3,False,2b1f0ec2-11e5-4e3a-a091-658b63460864,,0,0
2b1f0ec2-11e5-4e3a-a091-658b63460864,https://www.pfrda.org.in/survey,URL,COMPLETED,2,False,b5887cf6-c1e1-419a-a7f5-c00ff5d9cb6f,f4bc7557-9fde-4d73-b5f6-e7c8cbcb3b88,0,0
b5887cf6-c1e1-419a-a7f5-c00ff5d9cb6f,https://www.pfrda.org.in/survey,URL,COMPLETED,1,False,,2b1f0ec2-11e5-4e3a-a091-658b63460864,0,0
51c074ea-21d9-49ad-be34-060247c19080,https://www.pfrda.org.in/test123,URL,COMPLETED,1,False,,,0,0
3b88535c-fb73-42d2-9df0-9c36ba867b61,https://www.pfrda.org.in/test2,URL,COMPLETED,1,False,,,0,0
43c285d5-19f9-471c-964b-abf99c3c6b16,https://www.pfrda.org.in/unclaimed,URL,COMPLETED,1,False,,,0,0
6780f00e-3fc6-44a8-ba2a-428426b76dd4,https://www.pfrda.org.in/upcoming-training-list,URL,COMPLETED,1,False,,,0,0
fa38102a-728b-4173-af9b-d225b1cdd653,https://www.pfrda.org.in/w/125th-board-meeting?p_l_back_url=%2Fhi%2Fabout-us%2Fauthority%2Fmeeting-minutes&p_l_back_url_title=%E0%A4%AA%E0%A5%8D%E0%A4%B0%E0%A4%BE%E0%A4%A7%E0%A4%BF%E0%A4%95%E0%A4%B0%E0%A4%A3+%E0%A4%AC%E0%A5%88%E0%A4%A0%E0%A4%95+%E0%A4%95%E0%A5%87+%E0%A4%95%E0%A4%BE%E0%A4%B0%E0%A5%8D%E0%A4%AF%E0%A4%B5%E0%A5%83%E0%A4%A4%E0%A5%8D%E0%A4%A4,URL,COMPLETED,1,False,,,0,0
fdae5c93-0feb-45cc-a846-cd0a67d0d37e,https://www.pfrda.org.in/w/126th-board-meeting-copy-?p_l_back_url=%2Fhi%2Fabout-us%2Fauthority%2Fmeeting-minutes&p_l_back_url_title=%E0%A4%AA%E0%A5%8D%E0%A4%B0%E0%A4%BE%E0%A4%A7%E0%A4%BF%E0%A4%95%E0%A4%B0%E0%A4%A3+%E0%A4%AC%E0%A5%88%E0%A4%A0%E0%A4%95+%E0%A4%95%E0%A5%87+%E0%A4%95%E0%A4%BE%E0%A4%B0%E0%A5%8D%E0%A4%AF%E0%A4%B5%E0%A5%83%E0%A4%A4%E0%A5%8D%E0%A4%A4,URL,COMPLETED,1,False,,,0,0
d3b31bbe-c5fd-4dd4-84a9-a6d9ed72fd89,https://www.pfrda.org.in/w/127th-board-meeting?p_l_back_url=%2Fhi%2Fabout-us%2Fauthority%2Fmeeting-minutes&p_l_back_url_title=%E0%A4%AA%E0%A5%8D%E0%A4%B0%E0%A4%BE%E0%A4%A7%E0%A4%BF%E0%A4%95%E0%A4%B0%E0%A4%A3+%E0%A4%AC%E0%A5%88%E0%A4%A0%E0%A4%95+%E0%A4%95%E0%A5%87+%E0%A4%95%E0%A4%BE%E0%A4%B0%E0%A5%8D%E0%A4%AF%E0%A4%B5%E0%A5%83%E0%A4%A4%E0%A5%8D%E0%A4%A4,URL,COMPLETED,1,False,,,0,0
9bf8dc54-9fcb-437e-b3d7-5905a74f8300,https://www.pfrda.org.in/w/128th-board-meeting-1?p_l_back_url=%2Fhi%2Fabout-us%2Fauthority%2Fmeeting-minutes&p_l_back_url_title=%E0%A4%AA%E0%A5%8D%E0%A4%B0%E0%A4%BE%E0%A4%A7%E0%A4%BF%E0%A4%95%E0%A4%B0%E0%A4%A3+%E0%A4%AC%E0%A5%88%E0%A4%A0%E0%A4%95+%E0%A4%95%E0%A5%87+%E0%A4%95%E0%A4%BE%E0%A4%B0%E0%A5%8D%E0%A4%AF%E0%A4%B5%E0%A5%83%E0%A4%A4%E0%A5%8D%E0%A4%A4,URL,COMPLETED,1,False,,,0,0
e2a135ee-515d-4c93-a6a2-846343e6cf89,https://www.pfrda.org.in/w/130th-board-meeting?p_l_back_url=%2Fhi%2Fabout-us%2Fauthority%2Fmeeting-minutes&p_l_back_url_title=%E0%A4%AA%E0%A5%8D%E0%A4%B0%E0%A4%BE%E0%A4%A7%E0%A4%BF%E0%A4%95%E0%A4%B0%E0%A4%A3+%E0%A4%AC%E0%A5%88%E0%A4%A0%E0%A4%95+%E0%A4%95%E0%A5%87+%E0%A4%95%E0%A4%BE%E0%A4%B0%E0%A5%8D%E0%A4%AF%E0%A4%B5%E0%A5%83%E0%A4%A4%E0%A5%8D%E0%A4%A4,URL,COMPLETED,1,False,,,0,0
c52037c5-3a99-493b-b117-3da042f08866,https://www.pfrda.org.in/w/131st-board-meeting?p_l_back_url=%2Fhi%2Fabout-us%2Fauthority%2Fmeeting-minutes&p_l_back_url_title=%E0%A4%AA%E0%A5%8D%E0%A4%B0%E0%A4%BE%E0%A4%A7%E0%A4%BF%E0%A4%95%E0%A4%B0%E0%A4%A3+%E0%A4%AC%E0%A5%88%E0%A4%A0%E0%A4%95+%E0%A4%95%E0%A5%87+%E0%A4%95%E0%A4%BE%E0%A4%B0%E0%A5%8D%E0%A4%AF%E0%A4%B5%E0%A5%83%E0%A4%A4%E0%A5%8D%E0%A4%A4,URL,COMPLETED,1,False,,,0,0
db4b1499-3d28-4c19-a84a-5e52f822113a,https://www.pfrda.org.in/w/132nd-board-meeting-?p_l_back_url=%2Fhi%2Fabout-us%2Fauthority%2Fmeeting-minutes&p_l_back_url_title=%E0%A4%AA%E0%A5%8D%E0%A4%B0%E0%A4%BE%E0%A4%A7%E0%A4%BF%E0%A4%95%E0%A4%B0%E0%A4%A3+%E0%A4%AC%E0%A5%88%E0%A4%A0%E0%A4%95+%E0%A4%95%E0%A5%87+%E0%A4%95%E0%A4%BE%E0%A4%B0%E0%A5%8D%E0%A4%AF%E0%A4%B5%E0%A5%83%E0%A4%A4%E0%A5%8D%E0%A4%A4,URL,COMPLETED,1,False,,,0,0
62b3e8fe-a0f7-4c19-977a-bad67e832a88,https://www.pfrda.org.in/w/133rd-board-meeting?p_l_back_url=%2Fhi%2Fabout-us%2Fauthority%2Fmeeting-minutes&p_l_back_url_title=%E0%A4%AA%E0%A5%8D%E0%A4%B0%E0%A4%BE%E0%A4%A7%E0%A4%BF%E0%A4%95%E0%A4%B0%E0%A4%A3+%E0%A4%AC%E0%A5%88%E0%A4%A0%E0%A4%95+%E0%A4%95%E0%A5%87+%E0%A4%95%E0%A4%BE%E0%A4%B0%E0%A5%8D%E0%A4%AF%E0%A4%B5%E0%A5%83%E0%A4%A4%E0%A5%8D%E0%A4%A4,URL,COMPLETED,1,False,,,0,0
b53943b2-6307-445b-9887-1cebdd675680,https://www.pfrda.org.in/w/134th-board-meeting?p_l_back_url=%2Fhi%2Fabout-us%2Fauthority%2Fmeeting-minutes&p_l_back_url_title=%E0%A4%AA%E0%A5%8D%E0%A4%B0%E0%A4%BE%E0%A4%A7%E0%A4%BF%E0%A4%95%E0%A4%B0%E0%A4%A3+%E0%A4%AC%E0%A5%88%E0%A4%A0%E0%A4%95+%E0%A4%95%E0%A5%87+%E0%A4%95%E0%A4%BE%E0%A4%B0%E0%A5%8D%E0%A4%AF%E0%A4%B5%E0%A5%83%E0%A4%A4%E0%A5%8D%E0%A4%A4,URL,COMPLETED,1,False,,,0,0
b6549caa-208a-48cf-b9fe-44f4c9184366,https://www.pfrda.org.in/w/134th-board-meeting?p_l_back_url=%2Fhi%2Frecent-updates&p_l_back_url_title=Recent+Updates,URL,COMPLETED,1,False,,,0,0
6cd69aa1-c679-4089-8210-61ff82f4a5a6,https://www.pfrda.org.in/w/134th-board-meeting?p_l_back_url=%2Fweb%2Fpfrda%2Frecent-updates&p_l_back_url_title=Recent+Updates,URL,COMPLETED,1,False,,,0,0
72877ca4-7984-43bf-b12a-e91de8152397,https://www.pfrda.org.in/w/about-us/authority/meeting-minutes/75th-board-meeting?p_l_back_url=%2Fhi%2Fabout-us%2Fauthority%2Fmeeting-minutes&p_l_back_url_title=%E0%A4%AA%E0%A5%8D%E0%A4%B0%E0%A4%BE%E0%A4%A7%E0%A4%BF%E0%A4%95%E0%A4%B0%E0%A4%A3+%E0%A4%AC%E0%A5%88%E0%A4%A0%E0%A4%95+%E0%A4%95%E0%A5%87+%E0%A4%95%E0%A4%BE%E0%A4%B0%E0%A5%8D%E0%A4%AF%E0%A4%B5%E0%A5%83%E0%A4%A4%E0%A5%8D%E0%A4%A4,URL,COMPLETED,1,False,,,0,0
11d36e54-4595-41b0-9b69-dab27804d100,https://www.pfrda.org.in/w/about-us/authority/meeting-minutes/89th-board-meeting?p_l_back_url=%2Fhi%2Fabout-us%2Fauthority%2Fmeeting-minutes&p_l_back_url_title=%E0%A4%AA%E0%A5%8D%E0%A4%B0%E0%A4%BE%E0%A4%A7%E0%A4%BF%E0%A4%95%E0%A4%B0%E0%A4%A3+%E0%A4%AC%E0%A5%88%E0%A4%A0%E0%A4%95+%E0%A4%95%E0%A5%87+%E0%A4%95%E0%A4%BE%E0%A4%B0%E0%A5%8D%E0%A4%AF%E0%A4%B5%E0%A5%83%E0%A4%A4%E0%A5%8D%E0%A4%A4,URL,COMPLETED,1,False,,,0,0
c488732f-2eab-41b6-97f1-d13b0df72a5c,https://www.pfrda.org.in/w/address-by-dr-deepak-mohanty-chairperson-pfrda-at-international-research-conference-on-pension-2025-new-delhi?p_l_back_url=%2Fhi%2Fmedia%2Fchairperson-s-speeches&p_l_back_url_title=%E0%A4%85%E0%A4%A7%E0%A5%8D%E0%A4%AF%E0%A4%95%E0%A5%8D%E0%A4%B7+%E0%A4%95%E0%A5%87+%E0%A4%AD%E0%A4%BE%E0%A4%B7%E0%A4%A3,URL,COMPLETED,1,False,,,0,0
1fcb744f-dcbe-4b55-8147-745216085435,https://www.pfrda.org.in/w/advertisement-recruitment-of-officer-grade-a-assistant-manager-2026?p_l_back_url=%2Fhi%2Frecent-updates&p_l_back_url_title=Recent+Updates,URL,COMPLETED,1,False,,,0,0
95fd2eb0-58f6-4573-a232-e87bb81ca02d,https://www.pfrda.org.in/w/advertisement-recruitment-of-officer-grade-a-assistant-manager-2026?p_l_back_url=%2Fweb%2Fpfrda%2Frecent-updates&p_l_back_url_title=Recent+Updates,URL,COMPLETED,1,False,,,0,0
765d4905-14b6-4d06-b50e-772ec4147037,https://www.pfrda.org.in/w/advisory-committee-report-on-comprehensive-review-of-regulations-2023-1?p_l_back_url=%2Fhi%2Fregulatory-framework%2Freports&p_l_back_url_title=%E0%A4%B8%E0%A4%B2%E0%A4%BE%E0%A4%B9%E0%A4%95%E0%A4%BE%E0%A4%B0+%E0%A4%B8%E0%A4%AE%E0%A4%BF%E0%A4%A4%E0%A4%BF+%E0%A4%95%E0%A5%80+%E0%A4%B0%E0%A4%BF%E0%A4%AA%E0%A5%8B%E0%A4%B0%E0%A5%8D%E0%A4%9F,URL,COMPLETED,1,False,,,0,0
613f702d-6c1a-4a67-ac75-384de95c1620,https://www.pfrda.org.in/w/advisory-for-pops-on-submission-of-funds-and-mis-by-corporates-under-nps?p_l_back_url=%2Fhi%2Fregulatory-framework%2Forders%2Fenforcement-orders&p_l_back_url_title=%E0%A4%AA%E0%A5%8D%E0%A4%B0%E0%A4%B5%E0%A4%B0%E0%A5%8D%E0%A4%A4%E0%A4%A8+%E0%A4%86%E0%A4%A6%E0%A5%87%E0%A4%B6,URL,COMPLETED,2,False,8ba6650d-e4d0-4573-bd5e-3694f7f4da41,69c3fd8c-1ded-411c-9218-1d026cae4162,0,0
69c3fd8c-1ded-411c-9218-1d026cae4162,https://www.pfrda.org.in/w/advisory-for-pops-on-submission-of-funds-and-mis-by-corporates-under-nps?p_l_back_url=%2Fhi%2Fregulatory-framework%2Forders%2Fenforcement-orders&p_l_back_url_title=%E0%A4%AA%E0%A5%8D%E0%A4%B0%E0%A4%B5%E0%A4%B0%E0%A5%8D%E0%A4%A4%E0%A4%A8+%E0%A4%86%E0%A4%A6%E0%A5%87%E0%A4%B6,URL,COMPLETED,3,False,613f702d-6c1a-4a67-ac75-384de95c1620,,0,0
8ba6650d-e4d0-4573-bd5e-3694f7f4da41,https://www.pfrda.org.in/w/advisory-for-pops-on-submission-of-funds-and-mis-by-corporates-under-nps?p_l_back_url=%2Fhi%2Fregulatory-framework%2Forders%2Fenforcement-orders&p_l_back_url_title=%E0%A4%AA%E0%A5%8D%E0%A4%B0%E0%A4%B5%E0%A4%B0%E0%A5%8D%E0%A4%A4%E0%A4%A8+%E0%A4%86%E0%A4%A6%E0%A5%87%E0%A4%B6,URL,COMPLETED,1,False,,613f702d-6c1a-4a67-ac75-384de95c1620,0,0
60e96947-92e2-41ef-8bd2-76412d655b93,https://www.pfrda.org.in/w/ais-implementation-of-nps-rules-2026?p_l_back_url=%2Fhi%2Fregulatory-framework%2Fnotifications&p_l_back_url_title=%E0%A4%85%E0%A4%A7%E0%A4%BF%E0%A4%B8%E0%A5%82%E0%A4%9A%E0%A4%A8%E0%A4%BE%E0%A4%8F%E0%A4%81,URL,COMPLETED,1,False,,,0,0
e0c8a545-53d6-4996-814d-8476a82c1805,https://www.pfrda.org.in/w/allotment-of-enrolment-targets-and-persistency-level-under-atal-pension-yojana-apy-to-banks-and-department-of-posts-for-fy-2024-25?p_l_back_url=%2Fhi%2Fregulatory-framework%2Fcirculars%2Finoperative&p_l_back_url_title=%E0%A4%A8%E0%A4%BF%E0%A4%B7%E0%A5%8D%E0%A4%95%E0%A5%8D%E0%A4%B0%E0%A4%BF%E0%A4%AF,URL,COMPLETED,1,False,,,0,0
9a7d5861-8a05-4b24-b731-cf3968bd7793,https://www.pfrda.org.in/w/annual-report-2022-23-hindi-1-?p_l_back_url=%2Fhi%2Fresearch-publications%2Fannual-reports&p_l_back_url_title=%E0%A4%B5%E0%A4%BE%E0%A4%B0%E0%A5%8D%E0%A4%B7%E0%A4%BF%E0%A4%95+%E0%A4%B0%E0%A4%BF%E0%A4%AA%E0%A5%8B%E0%A4%B0%E0%A5%8D%E0%A4%9F,URL,COMPLETED,1,False,,,0,0
fd7f7261-2866-44e9-9f62-d900d492a81d,https://www.pfrda.org.in/w/annual-report-2023-24-hindi-2-?p_l_back_url=%2Fhi%2Fresearch-publications%2Fannual-reports&p_l_back_url_title=%E0%A4%B5%E0%A4%BE%E0%A4%B0%E0%A5%8D%E0%A4%B7%E0%A4%BF%E0%A4%95+%E0%A4%B0%E0%A4%BF%E0%A4%AA%E0%A5%8B%E0%A4%B0%E0%A5%8D%E0%A4%9F,URL,COMPLETED,1,False,,,0,0
645b5170-4131-48c8-af82-14c4c0e0c76d,https://www.pfrda.org.in/w/annual-report-2023-24-part-2?p_l_back_url=%2Fhi%2Fresearch-publications%2Fannual-reports&p_l_back_url_title=%E0%A4%B5%E0%A4%BE%E0%A4%B0%E0%A5%8D%E0%A4%B7%E0%A4%BF%E0%A4%95+%E0%A4%B0%E0%A4%BF%E0%A4%AA%E0%A5%8B%E0%A4%B0%E0%A5%8D%E0%A4%9F,URL,COMPLETED,1,False,,,0,0
6d84c227-9aa7-4823-9538-d63c856a3eef,https://www.pfrda.org.in/w/annual-report-2024-25-hindi-?p_l_back_url=%2Fhi%2Fresearch-publications%2Fannual-reports&p_l_back_url_title=%E0%A4%B5%E0%A4%BE%E0%A4%B0%E0%A5%8D%E0%A4%B7%E0%A4%BF%E0%A4%95+%E0%A4%B0%E0%A4%BF%E0%A4%AA%E0%A5%8B%E0%A4%B0%E0%A5%8D%E0%A4%9F,URL,COMPLETED,1,False,,,0,0
e9a12ab3-876c-4032-a90b-279280ed43be,https://www.pfrda.org.in/w/annual-report-2024-25-?p_l_back_url=%2Fhi%2Fresearch-publications%2Fannual-reports&p_l_back_url_title=%E0%A4%B5%E0%A4%BE%E0%A4%B0%E0%A5%8D%E0%A4%B7%E0%A4%BF%E0%A4%95+%E0%A4%B0%E0%A4%BF%E0%A4%AA%E0%A5%8B%E0%A4%B0%E0%A5%8D%E0%A4%9F,URL,COMPLETED,1,False,,,0,0
65a57642-baf5-4736-b73c-e28d97a0b830,https://www.pfrda.org.in/w/application-for-registration-of-banks-under-apy?p_l_back_url=%2Fforms&p_l_back_url_title=Forms,URL,COMPLETED,1,False,,,0,0
e1b69009-fc59-4292-ac55-1b13e624560e,https://www.pfrda.org.in/w/application-for-registration-of-banks-under-apy?p_l_back_url=%2Fhi%2Fforms&p_l_back_url_title=%E0%A4%AA%E0%A5%8D%E0%A4%B0%E0%A4%AA%E0%A4%A4%E0%A5%8D%E0%A4%B0,URL,COMPLETED,2,False,9abf30a9-9bcc-49f2-a3a4-ae6a32e99f47,,0,0
9abf30a9-9bcc-49f2-a3a4-ae6a32e99f47,https://www.pfrda.org.in/w/application-for-registration-of-banks-under-apy?p_l_back_url=%2Fhi%2Fforms&p_l_back_url_title=%E0%A4%AA%E0%A5%8D%E0%A4%B0%E0%A4%AA%E0%A4%A4%E0%A5%8D%E0%A4%B0,URL,COMPLETED,1,False,,e1b69009-fc59-4292-ac55-1b13e624560e,0,0
6ceb4256-ba0b-42ff-8b5e-32c3cb7e64f0,https://www.pfrda.org.in/w/apy-account-closure-and-continuation-death-form-bengali?p_l_back_url=%2Fforms&p_l_back_url_title=Forms,URL,COMPLETED,1,False,,,0,0
63b75a35-6536-47ca-ace1-d64b43527578,https://www.pfrda.org.in/w/apy-account-closure-and-continuation-death-form-bengali?p_l_back_url=%2Fhi%2Fforms&p_l_back_url_title=%E0%A4%AA%E0%A5%8D%E0%A4%B0%E0%A4%AA%E0%A4%A4%E0%A5%8D%E0%A4%B0,URL,COMPLETED,1,False,,,0,0
125a9aa1-8f17-4abd-970d-32fa0cc42deb,https://www.pfrda.org.in/w/apy-account-closure-and-continuation-death-form-hindi?p_l_back_url=%2Fforms&p_l_back_url_title=Forms,URL,COMPLETED,1,False,,,0,0
bcf3e594-2665-4ce4-b399-346a7d7f1176,https://www.pfrda.org.in/w/apy-account-closure-and-continuation-death-form-hindi?p_l_back_url=%2Fhi%2Fforms&p_l_back_url_title=%E0%A4%AA%E0%A5%8D%E0%A4%B0%E0%A4%AA%E0%A4%A4%E0%A5%8D%E0%A4%B0,URL,COMPLETED,2,False,ab3552fd-2278-436b-a530-a6cea6d5ee9b,,0,0
ab3552fd-2278-436b-a530-a6cea6d5ee9b,https://www.pfrda.org.in/w/apy-account-closure-and-continuation-death-form-hindi?p_l_back_url=%2Fhi%2Fforms&p_l_back_url_title=%E0%A4%AA%E0%A5%8D%E0%A4%B0%E0%A4%AA%E0%A4%A4%E0%A5%8D%E0%A4%B0,URL,COMPLETED,1,False,,bcf3e594-2665-4ce4-b399-346a7d7f1176,0,0
28485bba-8d7a-49b2-9b4b-40bfb6fcb970,https://www.pfrda.org.in/w/apy-account-closure-and-continuation-death-form-marathi?p_l_back_url=%2Fforms&p_l_back_url_title=Forms,URL,COMPLETED,1,False,,,0,0
86fa8287-8a6e-4f41-8143-13a9932ad391,https://www.pfrda.org.in/w/apy-account-closure-and-continuation-death-form-marathi?p_l_back_url=%2Fhi%2Fforms&p_l_back_url_title=%E0%A4%AA%E0%A5%8D%E0%A4%B0%E0%A4%AA%E0%A4%A4%E0%A5%8D%E0%A4%B0,URL,COMPLETED,1,False,,,0,0
db6e9aa8-8959-4670-887e-87541b40d1c8,https://www.pfrda.org.in/w/apy-account-closure-and-continuation-death-form-tamil?p_l_back_url=%2Fforms&p_l_back_url_title=Forms,URL,COMPLETED,1,False,,,0,0
adca33fc-e5c2-4a73-b680-d0095c1c453e,https://www.pfrda.org.in/w/apy-account-closure-and-continuation-death-form-tamil?p_l_back_url=%2Fhi%2Fforms&p_l_back_url_title=%E0%A4%AA%E0%A5%8D%E0%A4%B0%E0%A4%AA%E0%A4%A4%E0%A5%8D%E0%A4%B0,URL,COMPLETED,1,False,,,0,0
cf38ccca-917c-4d42-8ce4-fd00adeb37d8,https://www.pfrda.org.in/w/apy-account-closure-voluntary-exit-form-bengali?p_l_back_url=%2Fforms&p_l_back_url_title=Forms,URL,COMPLETED,1,False,,,0,0
65769c2a-71c1-4244-b691-f4860679bb48,https://www.pfrda.org.in/w/apy-account-closure-voluntary-exit-form-bengali?p_l_back_url=%2Fhi%2Fforms&p_l_back_url_title=%E0%A4%AA%E0%A5%8D%E0%A4%B0%E0%A4%AA%E0%A4%A4%E0%A5%8D%E0%A4%B0,URL,COMPLETED,1,False,,,0,0
039796f5-dec9-4972-98c8-2abf3be75dc3,https://www.pfrda.org.in/w/apy-account-closure-voluntary-exit-form-english?p_l_back_url=%2Fforms&p_l_back_url_title=Forms,URL,COMPLETED,1,False,,,0,0
98904957-c99a-493f-a351-2b907788d3a2,https://www.pfrda.org.in/w/apy-account-closure-voluntary-exit-form-english?p_l_back_url=%2Fhi%2Fforms&p_l_back_url_title=%E0%A4%AA%E0%A5%8D%E0%A4%B0%E0%A4%AA%E0%A4%A4%E0%A5%8D%E0%A4%B0,URL,COMPLETED,1,False,,,0,0
0ef9b0d9-7528-460d-9acb-e06d70bf64a1,https://www.pfrda.org.in/w/apy-account-closure-voluntary-exit-form-hindi?p_l_back_url=%2Fforms&p_l_back_url_title=Forms,URL,COMPLETED,1,False,,,0,0
6a39d4b3-14ec-4090-b508-229bf1dc257f,https://www.pfrda.org.in/w/apy-account-closure-voluntary-exit-form-hindi?p_l_back_url=%2Fhi%2Fforms&p_l_back_url_title=%E0%A4%AA%E0%A5%8D%E0%A4%B0%E0%A4%AA%E0%A4%A4%E0%A5%8D%E0%A4%B0,URL,COMPLETED,2,False,510fa7f2-d582-485c-a6c9-5df9cfd1fe31,,0,0
510fa7f2-d582-485c-a6c9-5df9cfd1fe31,https://www.pfrda.org.in/w/apy-account-closure-voluntary-exit-form-hindi?p_l_back_url=%2Fhi%2Fforms&p_l_back_url_title=%E0%A4%AA%E0%A5%8D%E0%A4%B0%E0%A4%AA%E0%A4%A4%E0%A5%8D%E0%A4%B0,URL,COMPLETED,1,False,,6a39d4b3-14ec-4090-b508-229bf1dc257f,0,0
3d85a193-f1bf-4c06-bfac-687288942122,https://www.pfrda.org.in/w/apy-account-closure-voluntary-exit-form-marathi?p_l_back_url=%2Fforms&p_l_back_url_title=Forms,URL,COMPLETED,1,False,,,0,0
a6be319e-bfca-4082-8b4e-a54ea1ee8802,https://www.pfrda.org.in/w/apy-account-closure-voluntary-exit-form-marathi?p_l_back_url=%2Fhi%2Fforms&p_l_back_url_title=%E0%A4%AA%E0%A5%8D%E0%A4%B0%E0%A4%AA%E0%A4%A4%E0%A5%8D%E0%A4%B0,URL,COMPLETED,1,False,,,0,0
e436e9c0-6c0b-476e-895e-2024b7f894e8,https://www.pfrda.org.in/w/apy-account-closure-voluntary-exit-form-tamil?p_l_back_url=%2Fforms&p_l_back_url_title=Forms,URL,COMPLETED,1,False,,,0,0
3bcd1286-5004-474b-916b-209ff5c4fe94,https://www.pfrda.org.in/w/apy-account-closure-voluntary-exit-form-tamil?p_l_back_url=%2Fhi%2Fforms&p_l_back_url_title=%E0%A4%AA%E0%A5%8D%E0%A4%B0%E0%A4%AA%E0%A4%A4%E0%A5%8D%E0%A4%B0,URL,COMPLETED,1,False,,,0,0
36fb4d31-5cfe-4efa-a3ac-d1cd93c40fc5,https://www.pfrda.org.in/w/apy-ads,URL,COMPLETED,1,False,,,0,0
784531f2-b07f-46cd-a209-db56a0441fa3,https://www.pfrda.org.in/w/apy-e-newsletter-august-2022?p_l_back_url=%2Fhi%2Fresearch-publications%2Fnewsletters&p_l_back_url_title=%E0%A4%B8%E0%A4%AE%E0%A4%BE%E0%A4%9A%E0%A4%BE%E0%A4%B0+%E0%A4%AA%E0%A4%A4%E0%A5%8D%E0%A4%B0%E0%A4%BF%E0%A4%95%E0%A4%BE,URL,COMPLETED,1,False,,,0,0
59953724-2c94-435f-a323-93f1b04f67b0,https://www.pfrda.org.in/w/apy-flyers,URL,COMPLETED,1,False,,,0,0
f3a532d4-5d19-43bd-aa7a-adc2dfbde3bb,https://www.pfrda.org.in/w/apy-pubclity-images-copy-1-,URL,COMPLETED,1,False,,,0,0
a4505304-e0bf-4e71-8bb2-c5e4ae1857ba,https://www.pfrda.org.in/w/apy-subscriber-registration-form-1?p_l_back_url=%2Fforms&p_l_back_url_title=Forms,URL,COMPLETED,1,False,,,0,0
f53e1ef9-a5bc-4ec7-bde1-0ca2d8e2e7aa,https://www.pfrda.org.in/w/apy-subscriber-registration-form-1?p_l_back_url=%2Fhi%2Fforms&p_l_back_url_title=%E0%A4%AA%E0%A5%8D%E0%A4%B0%E0%A4%AA%E0%A4%A4%E0%A5%8D%E0%A4%B0,URL,COMPLETED,1,False,,,0,0
87b3f88a-2f33-4791-8cdd-63adcca38ee5,https://www.pfrda.org.in/w/apy-subscriber-registration-form-bengali?p_l_back_url=%2Fforms&p_l_back_url_title=Forms,URL,COMPLETED,1,False,,,0,0
918f6bda-807f-44fb-a7a2-f88512b19195,https://www.pfrda.org.in/w/apy-subscriber-registration-form-bengali?p_l_back_url=%2Fhi%2Fforms&p_l_back_url_title=%E0%A4%AA%E0%A5%8D%E0%A4%B0%E0%A4%AA%E0%A4%A4%E0%A5%8D%E0%A4%B0,URL,COMPLETED,2,False,b31cd3e7-8ff1-4f1d-861d-6cc0d91d16d5,,0,0
b31cd3e7-8ff1-4f1d-861d-6cc0d91d16d5,https://www.pfrda.org.in/w/apy-subscriber-registration-form-bengali?p_l_back_url=%2Fhi%2Fforms&p_l_back_url_title=%E0%A4%AA%E0%A5%8D%E0%A4%B0%E0%A4%AA%E0%A4%A4%E0%A5%8D%E0%A4%B0,URL,COMPLETED,1,False,,918f6bda-807f-44fb-a7a2-f88512b19195,0,0
409b0557-0e78-4886-9dd0-ff0d33c9826b,https://www.pfrda.org.in/w/apy-subscriber-registration-form-english?p_l_back_url=%2Fforms&p_l_back_url_title=Forms,URL,COMPLETED,1,False,,,0,0
8f186b11-cf48-45ad-b25a-c128e123e41b,https://www.pfrda.org.in/w/apy-subscriber-registration-form-english?p_l_back_url=%2Fhi%2Fforms&p_l_back_url_title=%E0%A4%AA%E0%A5%8D%E0%A4%B0%E0%A4%AA%E0%A4%A4%E0%A5%8D%E0%A4%B0,URL,COMPLETED,1,False,,1370e3a8-5656-47a3-970a-b20461771cd0,0,0
1370e3a8-5656-47a3-970a-b20461771cd0,https://www.pfrda.org.in/w/apy-subscriber-registration-form-english?p_l_back_url=%2Fhi%2Fforms&p_l_back_url_title=%E0%A4%AA%E0%A5%8D%E0%A4%B0%E0%A4%AA%E0%A4%A4%E0%A5%8D%E0%A4%B0,URL,COMPLETED,2,False,8f186b11-cf48-45ad-b25a-c128e123e41b,,0,0
3d762523-d368-4996-973f-226b95e85dd7,https://www.pfrda.org.in/w/apy-subscriber-registration-form-hindi?p_l_back_url=%2Fforms&p_l_back_url_title=Forms,URL,COMPLETED,1,False,,,0,0
977aec4f-efe3-43b8-8765-1fbb955ff7eb,https://www.pfrda.org.in/w/apy-subscriber-registration-form-hindi?p_l_back_url=%2Fhi%2Fforms&p_l_back_url_title=%E0%A4%AA%E0%A5%8D%E0%A4%B0%E0%A4%AA%E0%A4%A4%E0%A5%8D%E0%A4%B0,URL,COMPLETED,1,False,,df0a9333-caa0-4dcf-b402-1eb67e389f53,0,0
df0a9333-caa0-4dcf-b402-1eb67e389f53,https://www.pfrda.org.in/w/apy-subscriber-registration-form-hindi?p_l_back_url=%2Fhi%2Fforms&p_l_back_url_title=%E0%A4%AA%E0%A5%8D%E0%A4%B0%E0%A4%AA%E0%A4%A4%E0%A5%8D%E0%A4%B0,URL,COMPLETED,2,False,977aec4f-efe3-43b8-8765-1fbb955ff7eb,,0,0
54a7a521-6c83-43d1-bcfa-33dda71914ee,https://www.pfrda.org.in/w/apy-subscriber-registration-form-marathi?p_l_back_url=%2Fforms&p_l_back_url_title=Forms,URL,COMPLETED,1,False,,,0,0
4c93fc57-e933-4176-b15a-8c20060e7896,https://www.pfrda.org.in/w/apy-subscriber-registration-form-marathi?p_l_back_url=%2Fhi%2Fforms&p_l_back_url_title=%E0%A4%AA%E0%A5%8D%E0%A4%B0%E0%A4%AA%E0%A4%A4%E0%A5%8D%E0%A4%B0,URL,COMPLETED,2,False,658a8a81-efad-4915-8b23-d2d9798341d9,,0,0
658a8a81-efad-4915-8b23-d2d9798341d9,https://www.pfrda.org.in/w/apy-subscriber-registration-form-marathi?p_l_back_url=%2Fhi%2Fforms&p_l_back_url_title=%E0%A4%AA%E0%A5%8D%E0%A4%B0%E0%A4%AA%E0%A4%A4%E0%A5%8D%E0%A4%B0,URL,COMPLETED,1,False,,4c93fc57-e933-4176-b15a-8c20060e7896,0,0
143a69e0-f69a-44c5-aaca-79755d09405c,https://www.pfrda.org.in/w/apy-subscriber-registration-form-tamil?p_l_back_url=%2Fforms&p_l_back_url_title=Forms,URL,COMPLETED,1,False,,,0,0
5d040533-1946-49d0-93ad-40bfd336fda9,https://www.pfrda.org.in/w/apy-subscriber-registration-form-tamil?p_l_back_url=%2Fhi%2Fforms&p_l_back_url_title=%E0%A4%AA%E0%A5%8D%E0%A4%B0%E0%A4%AA%E0%A4%A4%E0%A5%8D%E0%A4%B0,URL,COMPLETED,1,False,,cb52e550-4869-4d11-8a2d-68ea3474e7dd,0,0
cb52e550-4869-4d11-8a2d-68ea3474e7dd,https://www.pfrda.org.in/w/apy-subscriber-registration-form-tamil?p_l_back_url=%2Fhi%2Fforms&p_l_back_url_title=%E0%A4%AA%E0%A5%8D%E0%A4%B0%E0%A4%AA%E0%A4%A4%E0%A5%8D%E0%A4%B0,URL,COMPLETED,2,False,5d040533-1946-49d0-93ad-40bfd336fda9,,0,0
7878c2d7-6222-4010-8b46-6313668cc69c,https://www.pfrda.org.in/w/atal-pension-yojana-apy-crosses-historic-milestone-gross-enrolments-surpass-9-crore,URL,COMPLETED,1,False,,,0,0
70b405af-b5fa-40f8-9279-4f65986f0982,https://www.pfrda.org.in/w/atal-pension-yojana-apy-crosses-historic-milestone-gross-enrolments-surpass-9-crore?p_l_back_url=%2Fhi%2Fmedia%2Fpress-releases&p_l_back_url_title=%E0%A4%AA%E0%A5%8D%E0%A4%B0%E0%A5%87%E0%A4%B8+%E0%A4%AA%E0%A5%8D%E0%A4%B0%E0%A4%95%E0%A4%BE%E0%A4%B6%E0%A4%A8%E0%A5%80,URL,COMPLETED,1,False,,37d1cc7a-135c-4c52-a729-23569c8aa908,0,0
3135f964-94b7-4f39-965b-a546900a779a,https://www.pfrda.org.in/w/atal-pension-yojana-apy-crosses-historic-milestone-gross-enrolments-surpass-9-crore?p_l_back_url=%2Fhi%2Fmedia%2Fpress-releases&p_l_back_url_title=%E0%A4%AA%E0%A5%8D%E0%A4%B0%E0%A5%87%E0%A4%B8+%E0%A4%AA%E0%A5%8D%E0%A4%B0%E0%A4%95%E0%A4%BE%E0%A4%B6%E0%A4%A8%E0%A5%80,URL,COMPLETED,3,False,37d1cc7a-135c-4c52-a729-23569c8aa908,,0,0
37d1cc7a-135c-4c52-a729-23569c8aa908,https://www.pfrda.org.in/w/atal-pension-yojana-apy-crosses-historic-milestone-gross-enrolments-surpass-9-crore?p_l_back_url=%2Fhi%2Fmedia%2Fpress-releases&p_l_back_url_title=%E0%A4%AA%E0%A5%8D%E0%A4%B0%E0%A5%87%E0%A4%B8+%E0%A4%AA%E0%A5%8D%E0%A4%B0%E0%A4%95%E0%A4%BE%E0%A4%B6%E0%A4%A8%E0%A5%80,URL,COMPLETED,2,False,70b405af-b5fa-40f8-9279-4f65986f0982,3135f964-94b7-4f39-965b-a546900a779a,0,0
2f8df53a-cf80-46a9-9019-9b281ae5366a,https://www.pfrda.org.in/w/audit-of-points-of-presence-performing-activities-of-atal-pension-yojana-pops-apy-?p_l_back_url=%2Fhi%2Fregulatory-framework%2Fcirculars%2Factive-circulars&p_l_back_url_title=%E0%A4%B8%E0%A4%95%E0%A5%8D%E0%A4%B0%E0%A4%BF%E0%A4%AF,URL,COMPLETED,1,False,,,0,0
1af80e66-9b70-44ba-bbe8-cce5506edba1,https://www.pfrda.org.in/w/audit-of-points-of-presence-performing-activities-of-atal-pension-yojana-pops-apy-?p_l_back_url=%2Fweb%2Fpfrda%2Fregulatory-framework%2Fcirculars%2Factive-circulars&p_l_back_url_title=Active,URL,COMPLETED,1,False,,,0,0
fe2ca671-27db-4dd2-9bfe-13f27b4437f0,https://www.pfrda.org.in/w/audit-of-points-of-presence-performing-activities-of-nps-lite-pops-nps-lite-?p_l_back_url=%2Fhi%2Fregulatory-framework%2Fcirculars%2Factive-circulars&p_l_back_url_title=%E0%A4%B8%E0%A4%95%E0%A5%8D%E0%A4%B0%E0%A4%BF%E0%A4%AF,URL,COMPLETED,1,False,,,0,0
ec723e41-eb43-4aa2-acd0-3ccc3c52f668,https://www.pfrda.org.in/w/cabinet-approves-continuation-of-atal-pension-yojana-apy-and-extension-of-funding-support-for-promotional-and-developmental-activities-and-gap-funding-till-2030-31-copy-?p_l_back_url=%2Fhi%2Fmedia%2Fpress-releases&p_l_back_url_title=%E0%A4%AA%E0%A5%8D%E0%A4%B0%E0%A5%87%E0%A4%B8+%E0%A4%AA%E0%A5%8D%E0%A4%B0%E0%A4%95%E0%A4%BE%E0%A4%B6%E0%A4%A8%E0%A5%80,URL,COMPLETED,3,False,086fb00e-800a-48cc-a238-84844e469355,,0,0
93680ca6-70ec-4467-9ae0-4f44320070a3,https://www.pfrda.org.in/w/cabinet-approves-continuation-of-atal-pension-yojana-apy-and-extension-of-funding-support-for-promotional-and-developmental-activities-and-gap-funding-till-2030-31-copy-?p_l_back_url=%2Fhi%2Fmedia%2Fpress-releases&p_l_back_url_title=%E0%A4%AA%E0%A5%8D%E0%A4%B0%E0%A5%87%E0%A4%B8+%E0%A4%AA%E0%A5%8D%E0%A4%B0%E0%A4%95%E0%A4%BE%E0%A4%B6%E0%A4%A8%E0%A5%80,URL,COMPLETED,1,False,,086fb00e-800a-48cc-a238-84844e469355,0,0
086fb00e-800a-48cc-a238-84844e469355,https://www.pfrda.org.in/w/cabinet-approves-continuation-of-atal-pension-yojana-apy-and-extension-of-funding-support-for-promotional-and-developmental-activities-and-gap-funding-till-2030-31-copy-?p_l_back_url=%2Fhi%2Fmedia%2Fpress-releases&p_l_back_url_title=%E0%A4%AA%E0%A5%8D%E0%A4%B0%E0%A5%87%E0%A4%B8+%E0%A4%AA%E0%A5%8D%E0%A4%B0%E0%A4%95%E0%A4%BE%E0%A4%B6%E0%A4%A8%E0%A5%80,URL,COMPLETED,2,False,93680ca6-70ec-4467-9ae0-4f44320070a3,ec723e41-eb43-4aa2-acd0-3ccc3c52f668,0,0
67a45041-9ef8-4c96-94f1-c095761d6aab,https://www.pfrda.org.in/w/cabinet-approves-continuation-of-atal-pension-yojana-apy-and-extension-of-funding-support-for-promotional-and-developmental-activities-and-gap-funding-till-2030-31?p_l_back_url=%2Fhi%2Fmedia%2Fpress-releases&p_l_back_url_title=%E0%A4%AA%E0%A5%8D%E0%A4%B0%E0%A5%87%E0%A4%B8+%E0%A4%AA%E0%A5%8D%E0%A4%B0%E0%A4%95%E0%A4%BE%E0%A4%B6%E0%A4%A8%E0%A5%80,URL,COMPLETED,1,False,,0478f3b8-1474-44a9-bd13-4d50f0dc2fd8,0,0
0478f3b8-1474-44a9-bd13-4d50f0dc2fd8,https://www.pfrda.org.in/w/cabinet-approves-continuation-of-atal-pension-yojana-apy-and-extension-of-funding-support-for-promotional-and-developmental-activities-and-gap-funding-till-2030-31?p_l_back_url=%2Fhi%2Fmedia%2Fpress-releases&p_l_back_url_title=%E0%A4%AA%E0%A5%8D%E0%A4%B0%E0%A5%87%E0%A4%B8+%E0%A4%AA%E0%A5%8D%E0%A4%B0%E0%A4%95%E0%A4%BE%E0%A4%B6%E0%A4%A8%E0%A5%80,URL,COMPLETED,2,False,67a45041-9ef8-4c96-94f1-c095761d6aab,d1bd1657-262b-4ade-adf2-101eea35e275,0,0
d1bd1657-262b-4ade-adf2-101eea35e275,https://www.pfrda.org.in/w/cabinet-approves-continuation-of-atal-pension-yojana-apy-and-extension-of-funding-support-for-promotional-and-developmental-activities-and-gap-funding-till-2030-31?p_l_back_url=%2Fhi%2Fmedia%2Fpress-releases&p_l_back_url_title=%E0%A4%AA%E0%A5%8D%E0%A4%B0%E0%A5%87%E0%A4%B8+%E0%A4%AA%E0%A5%8D%E0%A4%B0%E0%A4%95%E0%A4%BE%E0%A4%B6%E0%A4%A8%E0%A5%80,URL,COMPLETED,3,False,0478f3b8-1474-44a9-bd13-4d50f0dc2fd8,,0,0
e7688415-1fa5-424f-9b9d-faa8bb83a358,https://www.pfrda.org.in/w/cancellation-of-certificate-of-registration-max-life-pension-fund-management-ltd.?p_l_back_url=%2Fhi%2Fregulatory-framework%2Forders%2Fnotices&p_l_back_url_title=Notices,URL,COMPLETED,1,False,,,0,0
ac81839f-19bd-43fa-88d4-83780807c536,https://www.pfrda.org.in/w/cancellation-of-certificate-of-registration-of-m/s-a-a-dukaan-financial-services-private-limited-as-point-of-presence-due-to-voluntary-surrender-request?p_l_back_url=%2Fhi%2Fregulatory-framework%2Forders%2Fnotices&p_l_back_url_title=Notices,URL,COMPLETED,1,False,,,0,0
ab3dde3f-8834-4554-a925-8b661a39d2a2,https://www.pfrda.org.in/w/change-in-investment-guidelines-2021-for-nps-schemes-other-than-govt.-sector-cg-sg-corporate-cg-nps-lite-and-apy-copy-1-?p_l_back_url=%2Fhi%2Fregulatory-framework%2Fcirculars%2Finoperative&p_l_back_url_title=%E0%A4%A8%E0%A4%BF%E0%A4%B7%E0%A5%8D%E0%A4%95%E0%A5%8D%E0%A4%B0%E0%A4%BF%E0%A4%AF,URL,COMPLETED,1,False,,,0,0
06df1cba-285b-452f-aa13-8840ed647f59,https://www.pfrda.org.in/w/change-in-the-date-of-holiday-on-account-of-id-u-zuha-bakrid-2026?p_l_back_url=%2Fget-to-know%2Fholidays&p_l_back_url_title=Holidays,URL,COMPLETED,1,False,,,0,0
bd61db4d-e0ce-437a-9572-f4ec6c2e6bef,https://www.pfrda.org.in/w/change-in-the-date-of-holiday-on-account-of-id-u-zuha-bakrid-2026?p_l_back_url=%2Fhi%2Fget-to-know%2Fholidays&p_l_back_url_title=%E0%A4%85%E0%A4%B5%E0%A4%95%E0%A4%BE%E0%A4%B6,URL,COMPLETED,1,False,,,0,0
d539330c-74ad-45f9-908f-ecfb384a545f,https://www.pfrda.org.in/w/consultation-paper-htm-and-mtm-valuation-of-gsec?p_l_back_url=%2Fhi%2Fconsultation-papers&p_l_back_url_title=Consultation+Papers,URL,COMPLETED,1,False,,,0,0
843119e0-58bc-4cd7-8222-43b14b32ab62,https://www.pfrda.org.in/w/consultation-paper?p_l_back_url=%2Fhi%2Fconsultation-papers&p_l_back_url_title=Consultation+Papers,URL,COMPLETED,1,False,,,0,0
e43192c9-05f3-4f9c-a269-77e04dce0ba4,https://www.pfrda.org.in/w/declaration-of-holiday-on-14th-april-2026-birthday-of-dr.-b.-r.-ambedkar?p_l_back_url=%2Fget-to-know%2Fholidays&p_l_back_url_title=Holidays,URL,COMPLETED,1,False,,,0,0
e120ad57-c688-4253-a406-946ef4990147,https://www.pfrda.org.in/w/declaration-of-holiday-on-14th-april-2026-birthday-of-dr.-b.-r.-ambedkar?p_l_back_url=%2Fhi%2Fget-to-know%2Fholidays&p_l_back_url_title=%E0%A4%85%E0%A4%B5%E0%A4%95%E0%A4%BE%E0%A4%B6,URL,COMPLETED,1,False,,,0,0
463c9b4b-9a20-4283-afd9-05f9385af4bf,https://www.pfrda.org.in/w/disciplinary-action-report-2025-26?p_l_back_url=%2Fhi%2Fdisclosures&p_l_back_url_title=Disclosures,URL,COMPLETED,1,False,,,0,0
0d53b838-f7f9-4f5b-9d18-cbefb64cfc99,https://www.pfrda.org.in/w/%E0%A4%87%E0%A4%82%E0%A4%9F%E0%A4%B0-%E0%A4%91%E0%A4%AA%E0%A4%B0%E0%A5%87%E0%A4%AC%E0%A4%B2-%E0%A4%B5%E0%A4%BF%E0%A4%A8%E0%A4%BF%E0%A4%AF%E0%A4%BE%E0%A4%AE%E0%A4%95-%E0%A4%B8%E0%A5%88%E0%A4%82%E0%A4%A1%E0%A4%AC%E0%A5%89%E0%A4%95%E0%A5%8D%E0%A4%B8-?p_l_back_url=%2Fhi%2Fregulatory-framework%2Freports&p_l_back_url_title=%E0%A4%B8%E0%A4%B2%E0%A4%BE%E0%A4%B9%E0%A4%95%E0%A4%BE%E0%A4%B0+%E0%A4%B8%E0%A4%AE%E0%A4%BF%E0%A4%A4%E0%A4%BF+%E0%A4%95%E0%A5%80+%E0%A4%B0%E0%A4%BF%E0%A4%AA%E0%A5%8B%E0%A4%B0%E0%A5%8D%E0%A4%9F,URL,COMPLETED,1,False,,,0,0
8b24e884-4a90-4471-9298-be2ac5c02c83,https://www.pfrda.org.in/web,URL,COMPLETED,2,False,c72141e8-8241-46a3-9f55-d84dc2cb9ca4,cf1edff6-8703-4d1d-8ade-9d128974cce4,0,0
cf1edff6-8703-4d1d-8ade-9d128974cce4,https://www.pfrda.org.in/web,URL,COMPLETED,3,False,8b24e884-4a90-4471-9298-be2ac5c02c83,5e166b07-b5f2-4b6a-8ee6-ea17edb9a0c4,0,0
570d88ff-89b5-4e4c-bd9b-693a5a220802,https://www.pfrda.org.in/web,URL,COMPLETED,5,False,5e166b07-b5f2-4b6a-8ee6-ea17edb9a0c4,,0,0
5e166b07-b5f2-4b6a-8ee6-ea17edb9a0c4,https://www.pfrda.org.in/web,URL,COMPLETED,4,False,cf1edff6-8703-4d1d-8ade-9d128974cce4,570d88ff-89b5-4e4c-bd9b-693a5a220802,0,0
c72141e8-8241-46a3-9f55-d84dc2cb9ca4,https://www.pfrda.org.in/web,URL,COMPLETED,1,False,,8b24e884-4a90-4471-9298-be2ac5c02c83,0,0
1af9ffc8-a8b3-4616-bc66-6d8691735719,https://www.pfrda.org.in/web/en/pfrda,URL,COMPLETED,1,False,,,0,0
649251c6-adaa-4426-8558-1b14900312bf,https://www.pfrda.org.in/web-information-manager,URL,COMPLETED,3,False,e8c10de6-6380-4721-898c-a24bbf3d9ad9,,0,0
32ab4708-aebe-46b3-9c92-32488c9608f1,https://www.pfrda.org.in/web-information-manager,URL,COMPLETED,1,False,,e8c10de6-6380-4721-898c-a24bbf3d9ad9,0,0
e8c10de6-6380-4721-898c-a24bbf3d9ad9,https://www.pfrda.org.in/web-information-manager,URL,COMPLETED,2,False,32ab4708-aebe-46b3-9c92-32488c9608f1,649251c6-adaa-4426-8558-1b14900312bf,0,0
d0e0fc75-2fb2-40ba-b051-5bd510fdac8f,https://www.pfrda.org.in/web/pfrda/d/102654-lic-booklet-design-for-finance-ministry_sept-2025_eng-07-10-25,URL,COMPLETED,1,False,,,0,0
2073eec4-b794-4148-8c43-0dc9097e0ac1,https://www.pfrda.org.in/web/pfrda/d/102654-lic-booklet-design-for-finance-ministry_sept-2025_hindi-08-10-2-,URL,COMPLETED,1,False,,,0,0
f084f7d9-68b0-4a55-80cc-dc5adfcd7f50,https://www.pfrda.org.in/web/pfrda/d/11-empanelment-of-asp-application-form-1,URL,COMPLETED,1,False,,,0,0
800b2336-be69-4a1f-a1b1-06525a72601a,https://www.pfrda.org.in/web/pfrda/d/12-application-to-keep-empanelment-in-force-as-an-asp,URL,COMPLETED,1,False,,,0,0
1f0ef75d-2985-4747-953e-19c0d8e6e68e,https://www.pfrda.org.in/web/pfrda/d/application-for-grant-of-certificate-of-registration-for-point-of-presence-atal-pension-yojana,URL,COMPLETED,1,False,,,0,0
d141d328-f2c6-425a-ad66-ff42023e3095,https://www.pfrda.org.in/web/pfrda/d/exit-govt-sector-model-cg-cab-,URL,COMPLETED,1,False,,,0,0
f465a62c-ef1c-4547-b13d-045d0a235572,https://www.pfrda.org.in/web/pfrda/d/format-for-payment-of-renewal-fee,URL,COMPLETED,1,False,,,0,0
54b71346-ffd5-4b0c-b1b4-9dc60a57a7e1,https://www.pfrda.org.in/web/pfrda/d/format-for-raising-appeal-to-ombudsman-for-resolution-of-grievances-under-national-pension-system-nps-atal-pension-yojana-apy-,URL,COMPLETED,1,False,,,0,0
f2d216dd-50b7-498e-be17-f6a2a581be61,https://www.pfrda.org.in/web/pfrda/d/hindi-ra-individuals,URL,COMPLETED,1,False,,,0,0
5af8a6ee-e093-4f40-8cd9-5085b7c70d14,https://www.pfrda.org.in/web/pfrda/d/june-1st-2018-circular-superannuation,URL,COMPLETED,1,False,,,0,0
3074291a-4926-496e-9a62-3d1d62f37008,https://www.pfrda.org.in/web/pfrda/d/pfrda/12-application-to-keep-empanelment-in-force-as-an-asp,URL,COMPLETED,1,False,,,0,0
8b0d4d51-5f6a-4247-819f-4d39c81c75f5,https://www.pfrda.org.in/web/pfrda/d/pfrda_staff-list,URL,COMPLETED,1,False,,,0,0
d2adc8c4-caac-4809-be48-95e98fd694f5,https://www.pfrda.org.in/web/pfrda/d/policy-for-bulk-transfer-of-self-managed-superannuation-fund-to-nps,URL,COMPLETED,1,False,,,0,0
4a2cd0f2-6b76-409f-af9e-2d4fd784aec9,https://www.pfrda.org.in/web/pfrda/d/pop-nps-lite-spcpa-refund-process-and-claim-format-hindi-and-english,URL,COMPLETED,1,False,,,0,0
34156fa0-777c-4793-bddc-58a4d7ee062b,https://www.pfrda.org.in/web/pfrda/d/process-of-refund-from-subscribers-pension-contribution-protection-account-spcpa-,URL,COMPLETED,1,False,,,0,0
f4160af1-09be-46f2-84be-30dc21c7da6e,https://www.pfrda.org.in/web/pfrda/d/relevant-information-under-section-4-1-b-rti-act,URL,COMPLETED,1,False,,,0,0
d84756a9-7a6c-4815-9c8b-cfbd3480a5b9,https://www.pfrda.org.in/web/pfrda/d/section-4-1-b-xvi-,URL,COMPLETED,1,False,,,0,0
d6eccd29-4bda-4f5f-83dd-8b67b44053d0,https://www.pfrda.org.in/web/pfrda/d/transfer-of-amount-from-recognised-provident-fundsuperannuation-fund-to-national-pension-system-applicable-for-the-individual-employe,URL,COMPLETED,1,False,,,0,0
75aa236e-87aa-45f4-bf2d-fa2885e153ff,https://www.pfrda.org.in/web/pfrda/policies/privacy-policy,URL,COMPLETED,2,False,b74824c9-39b8-4727-9532-7dd4099ba616,fda61667-df40-426c-8009-122b0e105a82,0,0
fda61667-df40-426c-8009-122b0e105a82,https://www.pfrda.org.in/web/pfrda/policies/privacy-policy,URL,COMPLETED,3,False,75aa236e-87aa-45f4-bf2d-fa2885e153ff,,0,0
b74824c9-39b8-4727-9532-7dd4099ba616,https://www.pfrda.org.in/web/pfrda/policies/privacy-policy,URL,COMPLETED,1,False,,75aa236e-87aa-45f4-bf2d-fa2885e153ff,0,0
f8be4688-e3b7-41d0-b58b-5330588286ac,https://www.pfrda.org.in/web/pfrda/press-releases,URL,COMPLETED,2,False,eb20526f-7a3a-44a2-89c6-9db750b4da59,,0,0
eb20526f-7a3a-44a2-89c6-9db750b4da59,https://www.pfrda.org.in/web/pfrda/press-releases,URL,COMPLETED,1,False,,f8be4688-e3b7-41d0-b58b-5330588286ac,0,0
c3494328-b0fe-49a8-bfcd-c9bd22620743,https://www.pfrda.org.in/web/pfrda/regulatory-framework/circular/active,URL,COMPLETED,5,False,9f2de0a7-6516-4895-bbb3-4b486ebf9bfe,,0,0
04ca20c3-ef41-48f6-babc-31d5539fc390,https://www.pfrda.org.in/web/pfrda/regulatory-framework/circular/active,URL,COMPLETED,1,False,,0a49159e-8c65-4e79-a219-a0049b1e88cd,0,0
c6e9e7d5-edcc-4beb-9a5d-20c3112d69b7,https://www.pfrda.org.in/web/pfrda/regulatory-framework/circular/active,URL,COMPLETED,3,False,0a49159e-8c65-4e79-a219-a0049b1e88cd,9f2de0a7-6516-4895-bbb3-4b486ebf9bfe,0,0
9f2de0a7-6516-4895-bbb3-4b486ebf9bfe,https://www.pfrda.org.in/web/pfrda/regulatory-framework/circular/active,URL,COMPLETED,4,False,c6e9e7d5-edcc-4beb-9a5d-20c3112d69b7,c3494328-b0fe-49a8-bfcd-c9bd22620743,0,0
0a49159e-8c65-4e79-a219-a0049b1e88cd,https://www.pfrda.org.in/web/pfrda/regulatory-framework/circular/active,URL,COMPLETED,2,False,04ca20c3-ef41-48f6-babc-31d5539fc390,c6e9e7d5-edcc-4beb-9a5d-20c3112d69b7,0,0
92609f0f-9be2-47f6-bc31-232e4fca966f,https://www.pfrda.org.in/web/pfrda/regulatory-framework/master-circular?departments=Point+of+Presence&mode=dropdown,URL,COMPLETED,1,False,,,0,0
79d254af-3cdd-4e7b-92c1-2ed28bf253fb,https://www.pfrda.org.in/web/pfrda/regulatory-framework/master-circular?departments=Retirement+Advisor&mode=dropdown,URL,COMPLETED,1,False,,,0,0
6431695f-5ceb-4e95-a19c-fe83e1e7881d,https://www.pfrda.org.in/web/pfrda/tenders,URL,COMPLETED,3,False,4d43e510-d4a5-48be-9de4-ceaf38b7b6d3,51b9f766-3974-4d19-972c-f60d09284599,0,0
1abac682-9e3e-4fd8-9cc2-14449b406daa,https://www.pfrda.org.in/web/pfrda/tenders,URL,COMPLETED,1,False,,4d43e510-d4a5-48be-9de4-ceaf38b7b6d3,0,0
51b9f766-3974-4d19-972c-f60d09284599,https://www.pfrda.org.in/web/pfrda/tenders,URL,COMPLETED,4,False,6431695f-5ceb-4e95-a19c-fe83e1e7881d,,0,0
4d43e510-d4a5-48be-9de4-ceaf38b7b6d3,https://www.pfrda.org.in/web/pfrda/tenders,URL,COMPLETED,2,False,1abac682-9e3e-4fd8-9cc2-14449b406daa,6431695f-5ceb-4e95-a19c-fe83e1e7881d,0,0
3f53b0fb-747b-4206-a988-70d454995c30,https://www.pfrda.org.in/web/pfrda/training-form,URL,COMPLETED,1,False,,ce93b2c1-61f9-42e9-8c2c-b75226fd6a98,0,0
c9de83ed-6a94-4b5e-b084-cf0d7af429cd,https://www.pfrda.org.in/web/pfrda/training-form,URL,COMPLETED,5,False,00773ae2-1ede-45f2-b439-173d3e802c4b,,0,0
dea64d5e-ff57-4290-9feb-055cfec72e53,https://www.pfrda.org.in/web/pfrda/training-form,URL,COMPLETED,3,False,ce93b2c1-61f9-42e9-8c2c-b75226fd6a98,00773ae2-1ede-45f2-b439-173d3e802c4b,0,0
ce93b2c1-61f9-42e9-8c2c-b75226fd6a98,https://www.pfrda.org.in/web/pfrda/training-form,URL,COMPLETED,2,False,3f53b0fb-747b-4206-a988-70d454995c30,dea64d5e-ff57-4290-9feb-055cfec72e53,0,0
00773ae2-1ede-45f2-b439-173d3e802c4b,https://www.pfrda.org.in/web/pfrda/training-form,URL,COMPLETED,4,False,dea64d5e-ff57-4290-9feb-055cfec72e53,c9de83ed-6a94-4b5e-b084-cf0d7af429cd,0,0
bb861dee-da49-41d4-9c3e-48649e4737df,https://www.pfrda.org.in/web/pfrda/w/faqs/exits-for-government-sector-model-sg-and-sab,URL,COMPLETED,1,False,,,0,0
889dd862-5c57-4bce-bbd0-8b75073777de,https://www.pfrda.org.in/web/pfrda/w/investment-guidelines-applicable-to-nps-applicable-to-scheme-cg-scheme-sg-corporate-cg-and-nps-lite-schemes-of-nps-and-atal-pension-yojana-w.e.f-10th-june-2015?p_l_back_url=%2Fweb%2Fpfrda%2Fsearch%3Fmode%3Ddropdown%26q%3DPFRDA%252F2015%252F16%252FPFM&p_l_back_url_title=Search,URL,COMPLETED,1,False,,,0,0
2f9a4073-b948-4840-b409-7a6576f958c5,https://www.pfrda.org.in/web/pfrda/w/regulatory-framework/circulars/active/appeal-with-ombudsman-for-resolution-of-grievances-under-nps-apy-1?p_l_back_url=%2Fweb%2Fpfrda%2Fregulatory-framework%2Fcirculars%2Factive-circulars%3Fmode%3Ddropdown%26departments%3DOmbudsman&p_l_back_url_title=Active,URL,COMPLETED,1,False,,,0,0
34b4e3c4-ea0c-4c2d-82a8-9cc21a792436,https://www.pfrda.org.in/web/pfrda/w/regulatory-framework/circulars/active-circulars/registration-of-all-grievances-received-under-the-nps-architecture-raised-at-the-level-of-points-of-presence-pop-in-the-respective-cra-centralized-grievance-management-system-cgms-portals-copy-?p_l_back_url=%2Fweb%2Fpfrda%2Fregulatory-framework%2Fcirculars%2Factive-circulars%3Fq%3DCharge%2Bstructure&p_l_back_url_title=Active,URL,COMPLETED,1,False,,,0,0
fe1572ee-5fa0-4ce6-8ca1-5f1a6c318510,https://www.pfrda.org.in/w/econference-creation-of-pensioned-society-in-india?p_l_back_url=%2Fhi%2Fregulatory-framework%2Freports&p_l_back_url_title=%E0%A4%B8%E0%A4%B2%E0%A4%BE%E0%A4%B9%E0%A4%95%E0%A4%BE%E0%A4%B0+%E0%A4%B8%E0%A4%AE%E0%A4%BF%E0%A4%A4%E0%A4%BF+%E0%A4%95%E0%A5%80+%E0%A4%B0%E0%A4%BF%E0%A4%AA%E0%A5%8B%E0%A4%B0%E0%A5%8D%E0%A4%9F,URL,COMPLETED,1,False,,,0,0
ed8984e7-998f-46f8-9148-26ae6ab69de8,https://www.pfrda.org.in/w/engagement-of-senior-law-officer-purely-on-contract-basis-in-pfrda?p_l_back_url=%2Fhi%2Fregulatory-framework%2Freports&p_l_back_url_title=%E0%A4%B8%E0%A4%B2%E0%A4%BE%E0%A4%B9%E0%A4%95%E0%A4%BE%E0%A4%B0+%E0%A4%B8%E0%A4%AE%E0%A4%BF%E0%A4%A4%E0%A4%BF+%E0%A4%95%E0%A5%80+%E0%A4%B0%E0%A4%BF%E0%A4%AA%E0%A5%8B%E0%A4%B0%E0%A5%8D%E0%A4%9F,URL,COMPLETED,1,False,,,0,0
d0a8e94e-9757-4080-abd7-1210133ea178,https://www.pfrda.org.in/w/enhancement-of-investment-choice-options-under-nps-for-subscribers-of-central-autonomous-bodies-cabs-,URL,COMPLETED,1,False,,,0,0
1ba01a4d-debd-4b68-a581-8e07d9f8a07c,https://www.pfrda.org.in/w/enhancement-of-investment-choice-options-under-nps-for-subscribers-of-central-autonomous-bodies-cabs-?p_l_back_url=%2Fhi%2Fregulatory-framework%2Fcirculars%2Factive-circulars&p_l_back_url_title=%E0%A4%B8%E0%A4%95%E0%A5%8D%E0%A4%B0%E0%A4%BF%E0%A4%AF,URL,COMPLETED,1,False,,,0,0
75e208b5-de28-4d2a-a0dc-a498cacabec0,https://www.pfrda.org.in/w/enhancement-of-investment-choice-options-under-nps-for-subscribers-of-central-autonomous-bodies-cabs-?p_l_back_url=%2Fweb%2Fpfrda%2Fregulatory-framework%2Fcirculars%2Factive-circulars&p_l_back_url_title=Active,URL,COMPLETED,1,False,,,0,0
a6bdc612-b828-4982-a02c-83556d9a0954,https://www.pfrda.org.in/w/enps-ads,URL,COMPLETED,1,False,,,0,0
4f0c670e-c2a4-44ca-ba97-2edaacbe3dbf,https://www.pfrda.org.in/w/equal-opportunity-policy?p_l_back_url=%2Fhi%2Fdisclosures&p_l_back_url_title=Disclosures,URL,COMPLETED,1,False,,,0,0
e30b9b03-c5f7-4906-94ba-b622a720cae0,https://www.pfrda.org.in/w/-every-working-indian-must-have-a-pension-account%E2%80%A6-pfrda-boss-outlines-nps-goals-empowering-pfms?p_l_back_url=%2Fhi%2Fmedia%2Fchairperson-s-speeches&p_l_back_url_title=%E0%A4%85%E0%A4%A7%E0%A5%8D%E0%A4%AF%E0%A4%95%E0%A5%8D%E0%A4%B7+%E0%A4%95%E0%A5%87+%E0%A4%AD%E0%A4%BE%E0%A4%B7%E0%A4%A3,URL,COMPLETED,1,False,,,0,0
fd2610ca-6392-48a5-8bed-52a65a413b0e,https://www.pfrda.org.in/w/exposure-draft-amendments-to-pension-fund-regulatory-and-development-authority-exits-and-withdrawals-under-the-national-pension-system-regulations-2015-2?p_l_back_url=%2Fhi%2Fregulatory-framework%2Fexposure-drafts&p_l_back_url_title=%E0%A4%AA%E0%A5%8D%E0%A4%B0%E0%A4%BE%E0%A4%B0%E0%A5%82%E0%A4%AA+%E0%A4%AE%E0%A4%B8%E0%A5%8C%E0%A4%A6%E0%A4%BE,URL,COMPLETED,1,False,,,0,0
80a24e08-f3eb-4225-83fd-01d1f0c9bd20,https://www.pfrda.org.in/w/exposure-draft-amendments-to-pension-fund-regulatory-and-development-authority-point-of-presence-regulations-2018?p_l_back_url=%2Fhi%2Frecent-updates&p_l_back_url_title=Recent+Updates,URL,COMPLETED,1,False,,,0,0
de5a1d35-a389-4a4d-afb7-f4fcb3a0cf05,https://www.pfrda.org.in/w/exposure-draft-amendments-to-pension-fund-regulatory-and-development-authority-point-of-presence-regulations-2018?p_l_back_url=%2Fhi%2Fregulatory-framework%2Fexposure-drafts&p_l_back_url_title=%E0%A4%AA%E0%A5%8D%E0%A4%B0%E0%A4%BE%E0%A4%B0%E0%A5%82%E0%A4%AA+%E0%A4%AE%E0%A4%B8%E0%A5%8C%E0%A4%A6%E0%A4%BE,URL,COMPLETED,1,False,,,0,0
48c632e3-0d7c-4d94-bc3b-9be7154aecaa,https://www.pfrda.org.in/w/exposure-draft-amendments-to-pension-fund-regulatory-and-development-authority-point-of-presence-regulations-2018?p_l_back_url=%2Fweb%2Fpfrda%2Frecent-updates&p_l_back_url_title=Recent+Updates,URL,COMPLETED,1,False,,,0,0
4b2f54fe-108a-43e1-9a2b-1d80ec42fc91,https://www.pfrda.org.in/w/exposure-draft-amendments-to-pfrda-redressal-of-subscriber-grievance-regulation-2015-1?p_l_back_url=%2Fhi%2Fregulatory-framework%2Fexposure-drafts&p_l_back_url_title=%E0%A4%AA%E0%A5%8D%E0%A4%B0%E0%A4%BE%E0%A4%B0%E0%A5%82%E0%A4%AA+%E0%A4%AE%E0%A4%B8%E0%A5%8C%E0%A4%A6%E0%A4%BE,URL,COMPLETED,1,False,,,0,0
ea09ea62-3de5-42e4-8334-1e0c7b4a063e,https://www.pfrda.org.in/w/extension-of-deadline-for-submission-of-feedback-and-inputs-on-the-consultation-paper-on-enhancing-the-national-pension-system-1?p_l_back_url=%2Fhi%2Fconsultation-papers&p_l_back_url_title=Consultation+Papers,URL,COMPLETED,1,False,,,0,0
6e9dc951-1e98-4a44-8704-4443f114b699,https://www.pfrda.org.in/w/extension-of-deadline-for-submission-of-feedback-and-inputs-on-the-consultation-paper-on-enhancing-the-national-pension-system?p_l_back_url=%2Fhi%2Fregulatory-framework%2Forders%2Fnotices&p_l_back_url_title=Notices,URL,COMPLETED,1,False,,,0,0
a4f2a165-ed27-47b7-ac64-3924398fce6e,https://www.pfrda.org.in/w/faqs/exits-and-withdrawals-from-national-pension-system-nps-for-cg-and-cab-sector?p_l_back_url=%2Ffaqs&p_l_back_url_title=FAQs,URL,COMPLETED,1,False,,,0,0
7fec9572-82f5-461c-b4d8-e3dd9fbe3025,https://www.pfrda.org.in/w/faqs/exits-and-withdrawals-from-national-pension-system-nps-for-cg-and-cab-sector?p_l_back_url=%2Fhi%2Ffaqs&p_l_back_url_title=%E0%A4%AA%E0%A5%82%E0%A4%9B%E0%A5%87+%E0%A4%9C%E0%A4%BE%E0%A4%A8%E0%A5%87+%E0%A4%B5%E0%A4%BE%E0%A4%B2%E0%A5%87+%E0%A4%AA%E0%A5%8D%E0%A4%B0%E0%A4%B6%E0%A5%8D%E0%A4%A8,URL,COMPLETED,1,False,,77108fae-555f-47d0-bfea-b61809eabc4f,0,0
77108fae-555f-47d0-bfea-b61809eabc4f,https://www.pfrda.org.in/w/faqs/exits-and-withdrawals-from-national-pension-system-nps-for-cg-and-cab-sector?p_l_back_url=%2Fhi%2Ffaqs&p_l_back_url_title=%E0%A4%AA%E0%A5%82%E0%A4%9B%E0%A5%87+%E0%A4%9C%E0%A4%BE%E0%A4%A8%E0%A5%87+%E0%A4%B5%E0%A4%BE%E0%A4%B2%E0%A5%87+%E0%A4%AA%E0%A5%8D%E0%A4%B0%E0%A4%B6%E0%A5%8D%E0%A4%A8,URL,COMPLETED,2,False,7fec9572-82f5-461c-b4d8-e3dd9fbe3025,,0,0
51713e02-1d51-43e2-a2ba-601de8e42994,https://www.pfrda.org.in/w/faqs/exits-and-withdrawals-from-national-pension-system-nps-for-corporate-sector?p_l_back_url=%2Ffaqs&p_l_back_url_title=FAQs,URL,COMPLETED,1,False,,,0,0
67c8624b-1bb1-4537-ad39-83ffa7cc0b15,https://www.pfrda.org.in/w/faqs/exits-and-withdrawals-from-national-pension-system-nps-for-corporate-sector?p_l_back_url=%2Fhi%2Ffaqs&p_l_back_url_title=%E0%A4%AA%E0%A5%82%E0%A4%9B%E0%A5%87+%E0%A4%9C%E0%A4%BE%E0%A4%A8%E0%A5%87+%E0%A4%B5%E0%A4%BE%E0%A4%B2%E0%A5%87+%E0%A4%AA%E0%A5%8D%E0%A4%B0%E0%A4%B6%E0%A5%8D%E0%A4%A8,URL,COMPLETED,1,False,,9e1f9445-0b0a-46a7-b71b-f3e475ef0958,0,0
9e1f9445-0b0a-46a7-b71b-f3e475ef0958,https://www.pfrda.org.in/w/faqs/exits-and-withdrawals-from-national-pension-system-nps-for-corporate-sector?p_l_back_url=%2Fhi%2Ffaqs&p_l_back_url_title=%E0%A4%AA%E0%A5%82%E0%A4%9B%E0%A5%87+%E0%A4%9C%E0%A4%BE%E0%A4%A8%E0%A5%87+%E0%A4%B5%E0%A4%BE%E0%A4%B2%E0%A5%87+%E0%A4%AA%E0%A5%8D%E0%A4%B0%E0%A4%B6%E0%A5%8D%E0%A4%A8,URL,COMPLETED,2,False,67c8624b-1bb1-4537-ad39-83ffa7cc0b15,,0,0
84ef931d-86ee-4ff2-8c3e-7dbe6b055491,https://www.pfrda.org.in/w/faqs/exits-and-withdrawals-from-national-pension-system-nps-for-sg-and-sab-sector?p_l_back_url=%2Ffaqs&p_l_back_url_title=FAQs,URL,COMPLETED,1,False,,,0,0
fec121c9-c095-4af0-b245-e58b1581a210,https://www.pfrda.org.in/w/faqs/exits-and-withdrawals-from-national-pension-system-nps-for-sg-and-sab-sector?p_l_back_url=%2Fhi%2Ffaqs&p_l_back_url_title=%E0%A4%AA%E0%A5%82%E0%A4%9B%E0%A5%87+%E0%A4%9C%E0%A4%BE%E0%A4%A8%E0%A5%87+%E0%A4%B5%E0%A4%BE%E0%A4%B2%E0%A5%87+%E0%A4%AA%E0%A5%8D%E0%A4%B0%E0%A4%B6%E0%A5%8D%E0%A4%A8,URL,COMPLETED,2,False,4c26ebc0-274f-4442-a4f5-4d414901a3bd,,0,0
4c26ebc0-274f-4442-a4f5-4d414901a3bd,https://www.pfrda.org.in/w/faqs/exits-and-withdrawals-from-national-pension-system-nps-for-sg-and-sab-sector?p_l_back_url=%2Fhi%2Ffaqs&p_l_back_url_title=%E0%A4%AA%E0%A5%82%E0%A4%9B%E0%A5%87+%E0%A4%9C%E0%A4%BE%E0%A4%A8%E0%A5%87+%E0%A4%B5%E0%A4%BE%E0%A4%B2%E0%A5%87+%E0%A4%AA%E0%A5%8D%E0%A4%B0%E0%A4%B6%E0%A5%8D%E0%A4%A8,URL,COMPLETED,1,False,,fec121c9-c095-4af0-b245-e58b1581a210,0,0
4e642943-59e1-4449-bfdd-ec8a698dcb68,https://www.pfrda.org.in/w/faqs/exits-and-withdrawals-from-nps-lite-/-swavalamban-scheme?p_l_back_url=%2Ffaqs&p_l_back_url_title=FAQs,URL,COMPLETED,1,False,,,0,0
91bf96c3-8bb5-42f4-a323-3fdb250c6cfd,https://www.pfrda.org.in/w/faqs/exits-and-withdrawals-from-nps-lite-/-swavalamban-scheme?p_l_back_url=%2Fhi%2Ffaqs&p_l_back_url_title=%E0%A4%AA%E0%A5%82%E0%A4%9B%E0%A5%87+%E0%A4%9C%E0%A4%BE%E0%A4%A8%E0%A5%87+%E0%A4%B5%E0%A4%BE%E0%A4%B2%E0%A5%87+%E0%A4%AA%E0%A5%8D%E0%A4%B0%E0%A4%B6%E0%A5%8D%E0%A4%A8,URL,COMPLETED,1,False,,1ea1526b-aa72-4e42-8b4c-38aaabbb1290,0,0
1ea1526b-aa72-4e42-8b4c-38aaabbb1290,https://www.pfrda.org.in/w/faqs/exits-and-withdrawals-from-nps-lite-/-swavalamban-scheme?p_l_back_url=%2Fhi%2Ffaqs&p_l_back_url_title=%E0%A4%AA%E0%A5%82%E0%A4%9B%E0%A5%87+%E0%A4%9C%E0%A4%BE%E0%A4%A8%E0%A5%87+%E0%A4%B5%E0%A4%BE%E0%A4%B2%E0%A5%87+%E0%A4%AA%E0%A5%8D%E0%A4%B0%E0%A4%B6%E0%A5%8D%E0%A4%A8,URL,COMPLETED,2,False,91bf96c3-8bb5-42f4-a323-3fdb250c6cfd,,0,0
d659aea2-84d8-4ffd-b76c-eb45d7acaab3,https://www.pfrda.org.in/w/faqs/ups-1?p_l_back_url=%2Ffaqs&p_l_back_url_title=FAQs,URL,COMPLETED,1,False,,,0,0
5a7adedd-6d45-4fb6-9102-e5e9222dcf6a,https://www.pfrda.org.in/w/faqs/ups-1?p_l_back_url=%2Fhi%2Ffaqs&p_l_back_url_title=%E0%A4%AA%E0%A5%82%E0%A4%9B%E0%A5%87+%E0%A4%9C%E0%A4%BE%E0%A4%A8%E0%A5%87+%E0%A4%B5%E0%A4%BE%E0%A4%B2%E0%A5%87+%E0%A4%AA%E0%A5%8D%E0%A4%B0%E0%A4%B6%E0%A5%8D%E0%A4%A8,URL,COMPLETED,2,False,82bfd8cd-4fc2-4958-a8b2-7af1ab815fa3,,0,0
82bfd8cd-4fc2-4958-a8b2-7af1ab815fa3,https://www.pfrda.org.in/w/faqs/ups-1?p_l_back_url=%2Fhi%2Ffaqs&p_l_back_url_title=%E0%A4%AA%E0%A5%82%E0%A4%9B%E0%A5%87+%E0%A4%9C%E0%A4%BE%E0%A4%A8%E0%A5%87+%E0%A4%B5%E0%A4%BE%E0%A4%B2%E0%A5%87+%E0%A4%AA%E0%A5%8D%E0%A4%B0%E0%A4%B6%E0%A5%8D%E0%A4%A8,URL,COMPLETED,1,False,,5a7adedd-6d45-4fb6-9102-e5e9222dcf6a,0,0
00d68c60-e538-44d1-816b-ec60f3f16597,https://www.pfrda.org.in/w/final-order-in-the-matter-of-alankit-assignments-ltd-and-ors?p_l_back_url=%2Fhi%2Frecent-updates&p_l_back_url_title=Recent+Updates,URL,COMPLETED,1,False,,,0,0
d4c2843e-f72b-47b1-a90d-f59077019ed6,https://www.pfrda.org.in/w/final-order-in-the-matter-of-alankit-assignments-ltd-and-ors?p_l_back_url=%2Fhi%2Fregulatory-framework%2Forders%2Fenforcement-orders&p_l_back_url_title=%E0%A4%AA%E0%A5%8D%E0%A4%B0%E0%A4%B5%E0%A4%B0%E0%A5%8D%E0%A4%A4%E0%A4%A8+%E0%A4%86%E0%A4%A6%E0%A5%87%E0%A4%B6,URL,COMPLETED,1,False,,,0,0
745c1021-9cd2-4cfb-94ae-3a84bde0ae47,https://www.pfrda.org.in/w/final-order-in-the-matter-of-alankit-assignments-ltd-and-ors?p_l_back_url=%2Fweb%2Fpfrda%2Frecent-updates&p_l_back_url_title=Recent+Updates,URL,COMPLETED,1,False,,,0,0
b021342a-3473-4032-9437-01861bd34f86,https://www.pfrda.org.in/w/final-order-in-the-matter-of-alankit-assignments-ltd.-ors.?p_l_back_url=%2Fhi%2Fregulatory-framework%2Forders%2Fenforcement-orders&p_l_back_url_title=%E0%A4%AA%E0%A5%8D%E0%A4%B0%E0%A4%B5%E0%A4%B0%E0%A5%8D%E0%A4%A4%E0%A4%A8+%E0%A4%86%E0%A4%A6%E0%A5%87%E0%A4%B6,URL,COMPLETED,2,False,546cb52e-ba93-4022-b6db-1c3493d69dc3,cde89ba3-b7c5-4f57-80ad-57a00465b263,0,0
546cb52e-ba93-4022-b6db-1c3493d69dc3,https://www.pfrda.org.in/w/final-order-in-the-matter-of-alankit-assignments-ltd.-ors.?p_l_back_url=%2Fhi%2Fregulatory-framework%2Forders%2Fenforcement-orders&p_l_back_url_title=%E0%A4%AA%E0%A5%8D%E0%A4%B0%E0%A4%B5%E0%A4%B0%E0%A5%8D%E0%A4%A4%E0%A4%A8+%E0%A4%86%E0%A4%A6%E0%A5%87%E0%A4%B6,URL,COMPLETED,1,False,,b021342a-3473-4032-9437-01861bd34f86,0,0
cde89ba3-b7c5-4f57-80ad-57a00465b263,https://www.pfrda.org.in/w/final-order-in-the-matter-of-alankit-assignments-ltd.-ors.?p_l_back_url=%2Fhi%2Fregulatory-framework%2Forders%2Fenforcement-orders&p_l_back_url_title=%E0%A4%AA%E0%A5%8D%E0%A4%B0%E0%A4%B5%E0%A4%B0%E0%A5%8D%E0%A4%A4%E0%A4%A8+%E0%A4%86%E0%A4%A6%E0%A5%87%E0%A4%B6,URL,COMPLETED,3,False,b021342a-3473-4032-9437-01861bd34f86,,0,0
7b867e97-5b73-45bb-b9e6-9ca3febcec1e,https://www.pfrda.org.in/w/financial-intelligence-unit-india-and-pension-fund-regulatory-and-development-authority-sign-mou-to-combat-money-laundering-and-financial-crimes?p_l_back_url=%2Fhi%2Fmedia%2Fpress-releases&p_l_back_url_title=%E0%A4%AA%E0%A5%8D%E0%A4%B0%E0%A5%87%E0%A4%B8+%E0%A4%AA%E0%A5%8D%E0%A4%B0%E0%A4%95%E0%A4%BE%E0%A4%B6%E0%A4%A8%E0%A5%80,URL,COMPLETED,3,False,fcec7550-a265-4872-8f89-dc60ed99a876,,0,0
7c629896-9fb9-42b7-af13-7be5b0719a26,https://www.pfrda.org.in/w/financial-intelligence-unit-india-and-pension-fund-regulatory-and-development-authority-sign-mou-to-combat-money-laundering-and-financial-crimes?p_l_back_url=%2Fhi%2Fmedia%2Fpress-releases&p_l_back_url_title=%E0%A4%AA%E0%A5%8D%E0%A4%B0%E0%A5%87%E0%A4%B8+%E0%A4%AA%E0%A5%8D%E0%A4%B0%E0%A4%95%E0%A4%BE%E0%A4%B6%E0%A4%A8%E0%A5%80,URL,COMPLETED,1,False,,fcec7550-a265-4872-8f89-dc60ed99a876,0,0
fcec7550-a265-4872-8f89-dc60ed99a876,https://www.pfrda.org.in/w/financial-intelligence-unit-india-and-pension-fund-regulatory-and-development-authority-sign-mou-to-combat-money-laundering-and-financial-crimes?p_l_back_url=%2Fhi%2Fmedia%2Fpress-releases&p_l_back_url_title=%E0%A4%AA%E0%A5%8D%E0%A4%B0%E0%A5%87%E0%A4%B8+%E0%A4%AA%E0%A5%8D%E0%A4%B0%E0%A4%95%E0%A4%BE%E0%A4%B6%E0%A4%A8%E0%A5%80,URL,COMPLETED,2,False,7c629896-9fb9-42b7-af13-7be5b0719a26,7b867e97-5b73-45bb-b9e6-9ca3febcec1e,0,0
ba23b779-9476-4e85-a292-c069852d99d1,https://www.pfrda.org.in/w/financial-literacy/financial-education/english-retirement-education-and-awareness-program?p_l_back_url=%2Fhi%2Ffinancial-literacy%2Fsubscriber-education&p_l_back_url_title=%E0%A4%B5%E0%A4%BF%E0%A4%A4%E0%A5%8D%E0%A4%A4%E0%A5%80%E0%A4%AF+%E0%A4%B6%E0%A4%BF%E0%A4%95%E0%A5%8D%E0%A4%B7%E0%A4%BE,URL,COMPLETED,1,False,,4df49165-48a0-4e36-a8f2-3a90c8d830ad,0,0
4df49165-48a0-4e36-a8f2-3a90c8d830ad,https://www.pfrda.org.in/w/financial-literacy/financial-education/english-retirement-education-and-awareness-program?p_l_back_url=%2Fhi%2Ffinancial-literacy%2Fsubscriber-education&p_l_back_url_title=%E0%A4%B5%E0%A4%BF%E0%A4%A4%E0%A5%8D%E0%A4%A4%E0%A5%80%E0%A4%AF+%E0%A4%B6%E0%A4%BF%E0%A4%95%E0%A5%8D%E0%A4%B7%E0%A4%BE,URL,COMPLETED,2,False,ba23b779-9476-4e85-a292-c069852d99d1,,0,0
a69455ba-7cf4-42cd-8e84-2b3e2d8ffca3,https://www.pfrda.org.in/w/financial-literacy/financial-education/hindi-retirement-education-and-awareness-program?p_l_back_url=%2Fhi%2Ffinancial-literacy%2Fsubscriber-education&p_l_back_url_title=%E0%A4%B5%E0%A4%BF%E0%A4%A4%E0%A5%8D%E0%A4%A4%E0%A5%80%E0%A4%AF+%E0%A4%B6%E0%A4%BF%E0%A4%95%E0%A5%8D%E0%A4%B7%E0%A4%BE,URL,COMPLETED,2,False,9c6f1afa-1528-4bb0-8995-c00e7f55d3aa,,0,0
9c6f1afa-1528-4bb0-8995-c00e7f55d3aa,https://www.pfrda.org.in/w/financial-literacy/financial-education/hindi-retirement-education-and-awareness-program?p_l_back_url=%2Fhi%2Ffinancial-literacy%2Fsubscriber-education&p_l_back_url_title=%E0%A4%B5%E0%A4%BF%E0%A4%A4%E0%A5%8D%E0%A4%A4%E0%A5%80%E0%A4%AF+%E0%A4%B6%E0%A4%BF%E0%A4%95%E0%A5%8D%E0%A4%B7%E0%A4%BE,URL,COMPLETED,1,False,,a69455ba-7cf4-42cd-8e84-2b3e2d8ffca3,0,0
fea045bc-97b3-4f53-9e61-5dd0c9d4955f,https://www.pfrda.org.in/w/financial-literacy/financial-education/kannad-retirement-education-and-awareness-program?p_l_back_url=%2Fhi%2Ffinancial-literacy%2Fsubscriber-education&p_l_back_url_title=%E0%A4%B5%E0%A4%BF%E0%A4%A4%E0%A5%8D%E0%A4%A4%E0%A5%80%E0%A4%AF+%E0%A4%B6%E0%A4%BF%E0%A4%95%E0%A5%8D%E0%A4%B7%E0%A4%BE,URL,COMPLETED,1,False,,24f823e8-f526-43dd-98fa-7567cf24d739,0,0
24f823e8-f526-43dd-98fa-7567cf24d739,https://www.pfrda.org.in/w/financial-literacy/financial-education/kannad-retirement-education-and-awareness-program?p_l_back_url=%2Fhi%2Ffinancial-literacy%2Fsubscriber-education&p_l_back_url_title=%E0%A4%B5%E0%A4%BF%E0%A4%A4%E0%A5%8D%E0%A4%A4%E0%A5%80%E0%A4%AF+%E0%A4%B6%E0%A4%BF%E0%A4%95%E0%A5%8D%E0%A4%B7%E0%A4%BE,URL,COMPLETED,2,False,fea045bc-97b3-4f53-9e61-5dd0c9d4955f,,0,0
628f8ca8-48e4-4e03-b8ba-a1f5c9d7759d,https://www.pfrda.org.in/w/financial-literacy/financial-education/malyalam-retirement-education-and-awareness-program?p_l_back_url=%2Fhi%2Ffinancial-literacy%2Fsubscriber-education&p_l_back_url_title=%E0%A4%B5%E0%A4%BF%E0%A4%A4%E0%A5%8D%E0%A4%A4%E0%A5%80%E0%A4%AF+%E0%A4%B6%E0%A4%BF%E0%A4%95%E0%A5%8D%E0%A4%B7%E0%A4%BE,URL,COMPLETED,2,False,3cb4f70b-2313-46fa-b070-76a9729e1d7e,,0,0
3cb4f70b-2313-46fa-b070-76a9729e1d7e,https://www.pfrda.org.in/w/financial-literacy/financial-education/malyalam-retirement-education-and-awareness-program?p_l_back_url=%2Fhi%2Ffinancial-literacy%2Fsubscriber-education&p_l_back_url_title=%E0%A4%B5%E0%A4%BF%E0%A4%A4%E0%A5%8D%E0%A4%A4%E0%A5%80%E0%A4%AF+%E0%A4%B6%E0%A4%BF%E0%A4%95%E0%A5%8D%E0%A4%B7%E0%A4%BE,URL,COMPLETED,1,False,,628f8ca8-48e4-4e03-b8ba-a1f5c9d7759d,0,0
3942fb6b-6618-441f-b7e6-30d97c887365,https://www.pfrda.org.in/w/financial-literacy/financial-education/marathi-retirement-education-and-awareness-program?p_l_back_url=%2Fhi%2Ffinancial-literacy%2Fsubscriber-education&p_l_back_url_title=%E0%A4%B5%E0%A4%BF%E0%A4%A4%E0%A5%8D%E0%A4%A4%E0%A5%80%E0%A4%AF+%E0%A4%B6%E0%A4%BF%E0%A4%95%E0%A5%8D%E0%A4%B7%E0%A4%BE,URL,COMPLETED,1,False,,79b8f0cc-801b-4b0e-8950-d45950b8c703,0,0
79b8f0cc-801b-4b0e-8950-d45950b8c703,https://www.pfrda.org.in/w/financial-literacy/financial-education/marathi-retirement-education-and-awareness-program?p_l_back_url=%2Fhi%2Ffinancial-literacy%2Fsubscriber-education&p_l_back_url_title=%E0%A4%B5%E0%A4%BF%E0%A4%A4%E0%A5%8D%E0%A4%A4%E0%A5%80%E0%A4%AF+%E0%A4%B6%E0%A4%BF%E0%A4%95%E0%A5%8D%E0%A4%B7%E0%A4%BE,URL,COMPLETED,2,False,3942fb6b-6618-441f-b7e6-30d97c887365,,0,0
3a654e8b-9d42-4303-b156-bdd70d2c6d6d,https://www.pfrda.org.in/w/financial-literacy/financial-education/odia-retirement-education-and-awareness-program?p_l_back_url=%2Fhi%2Ffinancial-literacy%2Fsubscriber-education&p_l_back_url_title=%E0%A4%B5%E0%A4%BF%E0%A4%A4%E0%A5%8D%E0%A4%A4%E0%A5%80%E0%A4%AF+%E0%A4%B6%E0%A4%BF%E0%A4%95%E0%A5%8D%E0%A4%B7%E0%A4%BE,URL,COMPLETED,1,False,,bc80e03f-4bbb-4d70-8f12-cc50e08bab24,0,0
bc80e03f-4bbb-4d70-8f12-cc50e08bab24,https://www.pfrda.org.in/w/financial-literacy/financial-education/odia-retirement-education-and-awareness-program?p_l_back_url=%2Fhi%2Ffinancial-literacy%2Fsubscriber-education&p_l_back_url_title=%E0%A4%B5%E0%A4%BF%E0%A4%A4%E0%A5%8D%E0%A4%A4%E0%A5%80%E0%A4%AF+%E0%A4%B6%E0%A4%BF%E0%A4%95%E0%A5%8D%E0%A4%B7%E0%A4%BE,URL,COMPLETED,2,False,3a654e8b-9d42-4303-b156-bdd70d2c6d6d,,0,0
ab66cb76-30da-43c7-ab59-67f3d9ca6ce0,https://www.pfrda.org.in/w/financial-literacy/financial-education/punjabi-retirement-education-and-awareness-program?p_l_back_url=%2Fhi%2Ffinancial-literacy%2Fsubscriber-education&p_l_back_url_title=%E0%A4%B5%E0%A4%BF%E0%A4%A4%E0%A5%8D%E0%A4%A4%E0%A5%80%E0%A4%AF+%E0%A4%B6%E0%A4%BF%E0%A4%95%E0%A5%8D%E0%A4%B7%E0%A4%BE,URL,COMPLETED,1,False,,,0,0
2f1aab96-92ad-4168-91c6-6ab6a13e236c,https://www.pfrda.org.in/w/financial-literacy/financial-education/tamil-retirement-education-and-awareness-program?p_l_back_url=%2Fhi%2Ffinancial-literacy%2Fsubscriber-education&p_l_back_url_title=%E0%A4%B5%E0%A4%BF%E0%A4%A4%E0%A5%8D%E0%A4%A4%E0%A5%80%E0%A4%AF+%E0%A4%B6%E0%A4%BF%E0%A4%95%E0%A5%8D%E0%A4%B7%E0%A4%BE,URL,COMPLETED,1,False,,,0,0
78c66500-87e5-44f6-9fed-559ddc9355b1,https://www.pfrda.org.in/w/financial-literacy/financial-education/telugu-retirement-education-and-awareness-program?p_l_back_url=%2Fhi%2Ffinancial-literacy%2Fsubscriber-education&p_l_back_url_title=%E0%A4%B5%E0%A4%BF%E0%A4%A4%E0%A5%8D%E0%A4%A4%E0%A5%80%E0%A4%AF+%E0%A4%B6%E0%A4%BF%E0%A4%95%E0%A5%8D%E0%A4%B7%E0%A4%BE,URL,COMPLETED,1,False,,,0,0
e6220adc-fe7d-45f5-a2b3-8c0fd5cd6dee,https://www.pfrda.org.in/w/financial-literacy/financial-education/urdu-retirement-education-and-awareness-program?p_l_back_url=%2Fhi%2Ffinancial-literacy%2Fsubscriber-education&p_l_back_url_title=%E0%A4%B5%E0%A4%BF%E0%A4%A4%E0%A5%8D%E0%A4%A4%E0%A5%80%E0%A4%AF+%E0%A4%B6%E0%A4%BF%E0%A4%95%E0%A5%8D%E0%A4%B7%E0%A4%BE,URL,COMPLETED,1,False,,,0,0
bb4d285a-a0bd-475d-aca8-fc9cee2b3878,https://www.pfrda.org.in/w/financial-literacy/training/training-material/apy-training-material,URL,COMPLETED,1,False,,,0,0
0a6cb9e4-f1b2-4f23-b19a-72f8b41e8a70,https://www.pfrda.org.in/w/footer/get-to-know/pension-cyber-spotlight/pension-cyber-spotlight-quarterly-newsletter?p_l_back_url=%2Fget-to-know%2Fpension-cyber-spotlight&p_l_back_url_title=Pension+Cyber+Spotlight,URL,COMPLETED,1,False,,,0,0
7aa749df-8067-4640-a1bb-83f9b77a42e8,https://www.pfrda.org.in/w/footer/get-to-know/pension-cyber-spotlight/pension-cyber-spotlight-quarterly-newsletter?p_l_back_url=%2Fhi%2Fget-to-know%2Fpension-cyber-spotlight&p_l_back_url_title=%E0%A4%AA%E0%A5%87%E0%A4%82%E0%A4%B6%E0%A4%A8+%E0%A4%B8%E0%A4%BE%E0%A4%87%E0%A4%AC%E0%A4%B0+%E0%A4%B8%E0%A5%8D%E0%A4%AA%E0%A5%89%E0%A4%9F%E0%A4%B2%E0%A4%BE%E0%A4%87%E0%A4%9F,URL,COMPLETED,1,False,,,0,0
6dfaf316-1be6-419b-a080-6f6ef179a11e,https://www.pfrda.org.in/w/format-for-registration-of-bank-branches-as-nl-cc?p_l_back_url=%2Fforms&p_l_back_url_title=Forms,URL,COMPLETED,1,False,,,0,0
c5670562-7590-4458-a02e-783435acf15a,https://www.pfrda.org.in/w/format-for-registration-of-bank-branches-as-nl-cc?p_l_back_url=%2Fhi%2Fforms&p_l_back_url_title=%E0%A4%AA%E0%A5%8D%E0%A4%B0%E0%A4%AA%E0%A4%A4%E0%A5%8D%E0%A4%B0,URL,COMPLETED,2,False,5caf84b8-d07a-4993-9ad9-abb443e3240c,,0,0
5caf84b8-d07a-4993-9ad9-abb443e3240c,https://www.pfrda.org.in/w/format-for-registration-of-bank-branches-as-nl-cc?p_l_back_url=%2Fhi%2Fforms&p_l_back_url_title=%E0%A4%AA%E0%A5%8D%E0%A4%B0%E0%A4%AA%E0%A4%A4%E0%A5%8D%E0%A4%B0,URL,COMPLETED,1,False,,c5670562-7590-4458-a02e-783435acf15a,0,0
bd3f9f48-aaff-43a4-ae76-0086c529170b,https://www.pfrda.org.in/w/form-for-registration-of-banks-fis-as-service-providers-for-apy?p_l_back_url=%2Fforms&p_l_back_url_title=Forms,URL,COMPLETED,1,False,,,0,0
e9e7d4b7-3d64-460c-b088-f261a8fb4b75,https://www.pfrda.org.in/w/form-for-registration-of-banks-fis-as-service-providers-for-apy?p_l_back_url=%2Fhi%2Fforms&p_l_back_url_title=%E0%A4%AA%E0%A5%8D%E0%A4%B0%E0%A4%AA%E0%A4%A4%E0%A5%8D%E0%A4%B0,URL,COMPLETED,1,False,,bc0abec4-4b3b-48d0-a822-782d45523958,0,0
bc0abec4-4b3b-48d0-a822-782d45523958,https://www.pfrda.org.in/w/form-for-registration-of-banks-fis-as-service-providers-for-apy?p_l_back_url=%2Fhi%2Fforms&p_l_back_url_title=%E0%A4%AA%E0%A5%8D%E0%A4%B0%E0%A4%AA%E0%A4%A4%E0%A5%8D%E0%A4%B0,URL,COMPLETED,2,False,e9e7d4b7-3d64-460c-b088-f261a8fb4b75,,0,0
dd090ebd-582b-4532-b651-4cae196ddcf6,https://www.pfrda.org.in/w/gem-tender_sitc_network_equipment_mumbai_office?p_l_back_url=%2Fget-to-know%2Ftenders&p_l_back_url_title=Tenders,URL,COMPLETED,1,False,,,0,0
c24783ab-cb06-40cb-b89b-626f53d2975d,https://www.pfrda.org.in/w/gem-tender_sitc_network_equipment_mumbai_office?p_l_back_url=%2Fhi%2Fget-to-know%2Ftenders&p_l_back_url_title=%E0%A4%A8%E0%A4%BF%E0%A4%B5%E0%A4%BF%E0%A4%A6%E0%A4%BE%E0%A4%93%E0%A4%82,URL,COMPLETED,1,False,,,0,0
5fa746b6-acdf-413f-acdd-be7af00ca936,https://www.pfrda.org.in/w/gem-tender_sitc_network_equipment_mumbai_office?p_l_back_url=%2Fweb%2Fpfrda%2Fget-to-know%2Ftenders&p_l_back_url_title=Tenders,URL,COMPLETED,1,False,,,0,0
ffbf92c0-b8bc-469f-ba42-3e94d3de646c,https://www.pfrda.org.in/w/get-to-know/careers/reservation-roster-2011-2020?p_l_back_url=%2Fhi%2Fabout-us%2Forganization%2Freservation-roster&p_l_back_url_title=%E0%A4%86%E0%A4%B0%E0%A4%95%E0%A5%8D%E0%A4%B7%E0%A4%A3+%E0%A4%B0%E0%A5%8B%E0%A4%B8%E0%A5%8D%E0%A4%9F%E0%A4%B0,URL,COMPLETED,1,False,,,0,0
8ba5d01d-f6ef-43ee-a344-2a41212f7bf4,https://www.pfrda.org.in/w/get-to-know/careers/reservation-roster-2021-2022?p_l_back_url=%2Fhi%2Fabout-us%2Forganization%2Freservation-roster&p_l_back_url_title=%E0%A4%86%E0%A4%B0%E0%A4%95%E0%A5%8D%E0%A4%B7%E0%A4%A3+%E0%A4%B0%E0%A5%8B%E0%A4%B8%E0%A5%8D%E0%A4%9F%E0%A4%B0,URL,COMPLETED,1,False,,,0,0
b6facb11-309d-42f5-934f-b25ca4e99dc8,https://www.pfrda.org.in/w/get-to-know/careers/reservation-roster-2023?p_l_back_url=%2Fhi%2Fabout-us%2Forganization%2Freservation-roster&p_l_back_url_title=%E0%A4%86%E0%A4%B0%E0%A4%95%E0%A5%8D%E0%A4%B7%E0%A4%A3+%E0%A4%B0%E0%A5%8B%E0%A4%B8%E0%A5%8D%E0%A4%9F%E0%A4%B0,URL,COMPLETED,1,False,,,0,0
2a572f97-4ff3-4c89-a9bf-dbada7f712da,https://www.pfrda.org.in/w/government-extends-additional-nps-investment-choices-to-employees-of-central-autonomous-bodies-cabs-,URL,COMPLETED,1,False,,,0,0
62643a84-2d17-46c9-8199-23c33e00c9b5,https://www.pfrda.org.in/w/government-extends-additional-nps-investment-choices-to-employees-of-central-autonomous-bodies-cabs-?p_l_back_url=%2Fhi%2Fmedia%2Fpress-releases&p_l_back_url_title=%E0%A4%AA%E0%A5%8D%E0%A4%B0%E0%A5%87%E0%A4%B8+%E0%A4%AA%E0%A5%8D%E0%A4%B0%E0%A4%95%E0%A4%BE%E0%A4%B6%E0%A4%A8%E0%A5%80,URL,COMPLETED,3,False,9916550e-23bb-4579-913e-b5da5bcf7ffd,,0,0
c4fab58e-b0c0-42f6-93f6-c9c6c287de52,https://www.pfrda.org.in/w/government-extends-additional-nps-investment-choices-to-employees-of-central-autonomous-bodies-cabs-?p_l_back_url=%2Fhi%2Fmedia%2Fpress-releases&p_l_back_url_title=%E0%A4%AA%E0%A5%8D%E0%A4%B0%E0%A5%87%E0%A4%B8+%E0%A4%AA%E0%A5%8D%E0%A4%B0%E0%A4%95%E0%A4%BE%E0%A4%B6%E0%A4%A8%E0%A5%80,URL,COMPLETED,1,False,,9916550e-23bb-4579-913e-b5da5bcf7ffd,0,0
9916550e-23bb-4579-913e-b5da5bcf7ffd,https://www.pfrda.org.in/w/government-extends-additional-nps-investment-choices-to-employees-of-central-autonomous-bodies-cabs-?p_l_back_url=%2Fhi%2Fmedia%2Fpress-releases&p_l_back_url_title=%E0%A4%AA%E0%A5%8D%E0%A4%B0%E0%A5%87%E0%A4%B8+%E0%A4%AA%E0%A5%8D%E0%A4%B0%E0%A4%95%E0%A4%BE%E0%A4%B6%E0%A4%A8%E0%A5%80,URL,COMPLETED,2,False,c4fab58e-b0c0-42f6-93f6-c9c6c287de52,62643a84-2d17-46c9-8199-23c33e00c9b5,0,0
c54f7016-a689-4ab9-be4c-4617f8f76e31,https://www.pfrda.org.in/w/holiday-list-2025?p_l_back_url=%2Fget-to-know%2Fholidays&p_l_back_url_title=Holidays,URL,COMPLETED,1,False,,,0,0
b36a5d7f-d86a-4b57-a539-080c1a41c924,https://www.pfrda.org.in/w/holiday-list-2025?p_l_back_url=%2Fhi%2Fget-to-know%2Fholidays&p_l_back_url_title=%E0%A4%85%E0%A4%B5%E0%A4%95%E0%A4%BE%E0%A4%B6,URL,COMPLETED,1,False,,,0,0
18b0b237-ca0b-4f59-b07e-7822485338f6,https://www.pfrda.org.in/w/holiday-list-2026?p_l_back_url=%2Fget-to-know%2Fholidays&p_l_back_url_title=Holidays,URL,COMPLETED,1,False,,,0,0
1df009de-de11-43e3-b09a-8756e148a37b,https://www.pfrda.org.in/w/holiday-list-2026?p_l_back_url=%2Fhi%2Fget-to-know%2Fholidays&p_l_back_url_title=%E0%A4%85%E0%A4%B5%E0%A4%95%E0%A4%BE%E0%A4%B6,URL,COMPLETED,1,False,,,0,0
b8d5c374-6c58-4501-889e-ffe09f7ceeaa,https://www.pfrda.org.in/w/https-/www.pfrda.org.in/web/pfrda/w/regulatory-framework/circulars/active-circulars/nps-swasthya-pension-scheme-proof-of-concept-poc-2-under-the-regulatory-sandbox-framework?p_l_back_url=%2Fhi%2Fregulatory-framework%2Fcirculars%2Finoperative&p_l_back_url_title=%E0%A4%A8%E0%A4%BF%E0%A4%B7%E0%A5%8D%E0%A4%95%E0%A5%8D%E0%A4%B0%E0%A4%BF%E0%A4%AF,URL,COMPLETED,1,False,,,0,0
9b24fa6c-378d-41db-b223-98ce3d7f325a,https://www.pfrda.org.in/w/inaugural-and-keynote-address-by-dr-deepak-mohanty-chairperson-pfrda-at-the-symposium-and-inauguration-of-cfs-at-mdi-gurgaon?p_l_back_url=%2Fhi%2Fmedia%2Fchairperson-s-speeches&p_l_back_url_title=%E0%A4%85%E0%A4%A7%E0%A5%8D%E0%A4%AF%E0%A4%95%E0%A5%8D%E0%A4%B7+%E0%A4%95%E0%A5%87+%E0%A4%AD%E0%A4%BE%E0%A4%B7%E0%A4%A3,URL,COMPLETED,1,False,,,0,0
0b510bd0-fe32-4efb-ab9d-edae61e70fd6,https://www.pfrda.org.in/w/in-the-matter-of-karvy-computershare-private-limited-now-k-fin-technologies-pvt.-ltd.-case-no.-2-of-2021-?p_l_back_url=%2Fhi%2Fregulatory-framework%2Forders%2Fenforcement-orders&p_l_back_url_title=%E0%A4%AA%E0%A5%8D%E0%A4%B0%E0%A4%B5%E0%A4%B0%E0%A5%8D%E0%A4%A4%E0%A4%A8+%E0%A4%86%E0%A4%A6%E0%A5%87%E0%A4%B6,URL,COMPLETED,3,False,1e566f81-a11a-4893-a62f-97fbbd6d4eb0,,0,0
34a57b94-f1ad-4f46-a5d5-ec9a55779e6c,https://www.pfrda.org.in/w/in-the-matter-of-karvy-computershare-private-limited-now-k-fin-technologies-pvt.-ltd.-case-no.-2-of-2021-?p_l_back_url=%2Fhi%2Fregulatory-framework%2Forders%2Fenforcement-orders&p_l_back_url_title=%E0%A4%AA%E0%A5%8D%E0%A4%B0%E0%A4%B5%E0%A4%B0%E0%A5%8D%E0%A4%A4%E0%A4%A8+%E0%A4%86%E0%A4%A6%E0%A5%87%E0%A4%B6,URL,COMPLETED,1,False,,1e566f81-a11a-4893-a62f-97fbbd6d4eb0,0,0
1e566f81-a11a-4893-a62f-97fbbd6d4eb0,https://www.pfrda.org.in/w/in-the-matter-of-karvy-computershare-private-limited-now-k-fin-technologies-pvt.-ltd.-case-no.-2-of-2021-?p_l_back_url=%2Fhi%2Fregulatory-framework%2Forders%2Fenforcement-orders&p_l_back_url_title=%E0%A4%AA%E0%A5%8D%E0%A4%B0%E0%A4%B5%E0%A4%B0%E0%A5%8D%E0%A4%A4%E0%A4%A8+%E0%A4%86%E0%A4%A6%E0%A5%87%E0%A4%B6,URL,COMPLETED,2,False,34a57b94-f1ad-4f46-a5d5-ec9a55779e6c,0b510bd0-fe32-4efb-ab9d-edae61e70fd6,0,0
790c18f5-4063-419b-882e-98dba032a865,https://www.pfrda.org.in/w/intimation-of-change-in-address-of-office-of-pension-fund-regulatory-and-development-authority-pfrda-?p_l_back_url=%2Fhi%2Fregulatory-framework%2Forders%2Fenforcement-orders&p_l_back_url_title=%E0%A4%AA%E0%A5%8D%E0%A4%B0%E0%A4%B5%E0%A4%B0%E0%A5%8D%E0%A4%A4%E0%A4%A8+%E0%A4%86%E0%A4%A6%E0%A5%87%E0%A4%B6,URL,COMPLETED,2,False,4a4bdb1f-d32e-414e-bc9b-67eb9cb3639c,05845c4f-1e6b-49ae-b817-8c2ff978e23d,0,0
05845c4f-1e6b-49ae-b817-8c2ff978e23d,https://www.pfrda.org.in/w/intimation-of-change-in-address-of-office-of-pension-fund-regulatory-and-development-authority-pfrda-?p_l_back_url=%2Fhi%2Fregulatory-framework%2Forders%2Fenforcement-orders&p_l_back_url_title=%E0%A4%AA%E0%A5%8D%E0%A4%B0%E0%A4%B5%E0%A4%B0%E0%A5%8D%E0%A4%A4%E0%A4%A8+%E0%A4%86%E0%A4%A6%E0%A5%87%E0%A4%B6,URL,COMPLETED,3,False,790c18f5-4063-419b-882e-98dba032a865,,0,0
4a4bdb1f-d32e-414e-bc9b-67eb9cb3639c,https://www.pfrda.org.in/w/intimation-of-change-in-address-of-office-of-pension-fund-regulatory-and-development-authority-pfrda-?p_l_back_url=%2Fhi%2Fregulatory-framework%2Forders%2Fenforcement-orders&p_l_back_url_title=%E0%A4%AA%E0%A5%8D%E0%A4%B0%E0%A4%B5%E0%A4%B0%E0%A5%8D%E0%A4%A4%E0%A4%A8+%E0%A4%86%E0%A4%A6%E0%A5%87%E0%A4%B6,URL,COMPLETED,1,False,,790c18f5-4063-419b-882e-98dba032a865,0,0
00adc113-74fb-4677-a5ec-cfa6af04ece6,https://www.pfrda.org.in/w/inviting-bids-from-irdai-registered-insurance-companies-for-provision-of-group-mediclaim-family-floater-policy-for-officers/staff-and-their-dependents-of-the-pension-fund-regulatory-and-development-authority-reg.-1?p_l_back_url=%2Fget-to-know%2Ftenders&p_l_back_url_title=Tenders,URL,COMPLETED,1,False,,,0,0
5e110158-8b89-407d-994a-cd76700adec2,https://www.pfrda.org.in/w/inviting-bids-from-irdai-registered-insurance-companies-for-provision-of-group-mediclaim-family-floater-policy-for-officers/staff-and-their-dependents-of-the-pension-fund-regulatory-and-development-authority-reg.-1?p_l_back_url=%2Fhi%2Fget-to-know%2Ftenders&p_l_back_url_title=%E0%A4%A8%E0%A4%BF%E0%A4%B5%E0%A4%BF%E0%A4%A6%E0%A4%BE%E0%A4%93%E0%A4%82,URL,COMPLETED,1,False,,,0,0
d0e12afa-b61d-46b5-9cff-b35a11bbc7e7,https://www.pfrda.org.in/w/inviting-bids-from-irdai-registered-insurance-companies-for-provision-of-group-mediclaim-family-floater-policy-for-officers/staff-and-their-dependents-of-the-pension-fund-regulatory-and-development-authority-reg.-1?p_l_back_url=%2Fweb%2Fpfrda%2Fget-to-know%2Ftenders&p_l_back_url_title=Tenders,URL,COMPLETED,1,False,,,0,0
e7952f89-48bb-41e3-aaa0-6c8b99c790ef,https://www.pfrda.org.in/w/inviting-bids-from-irdai-registered-life-insurance-companies-for-provision-of-group-term-insurance-policy-for-officers/staff-members-of-the-pension-fund-regulatory-and-development-authority-pfrda-reg?p_l_back_url=%2Fget-to-know%2Ftenders&p_l_back_url_title=Tenders,URL,COMPLETED,1,False,,,0,0
8bf4cfa1-5524-4055-ba21-0d346ebe5330,https://www.pfrda.org.in/w/inviting-bids-from-irdai-registered-life-insurance-companies-for-provision-of-group-term-insurance-policy-for-officers/staff-members-of-the-pension-fund-regulatory-and-development-authority-pfrda-reg?p_l_back_url=%2Fhi%2Fget-to-know%2Ftenders&p_l_back_url_title=%E0%A4%A8%E0%A4%BF%E0%A4%B5%E0%A4%BF%E0%A4%A6%E0%A4%BE%E0%A4%93%E0%A4%82,URL,COMPLETED,1,False,,,0,0
af82e49a-cde4-4221-8449-e7f1f2c138e8,https://www.pfrda.org.in/w/inviting-bids-from-irdai-registered-life-insurance-companies-for-provision-of-group-term-insurance-policy-for-officers/staff-members-of-the-pension-fund-regulatory-and-development-authority-pfrda-reg?p_l_back_url=%2Fweb%2Fpfrda%2Fget-to-know%2Ftenders&p_l_back_url_title=Tenders,URL,COMPLETED,1,False,,,0,0
0541be90-258d-404f-a05e-b5ab1318925a,https://www.pfrda.org.in/w/keynote-address-at-bombay-chamber-s-190th-annual-general-meeting-role-of-pension-funds-in-building-the-nation-towards-a-viksit-bharat-2047?p_l_back_url=%2Fhi%2Fmedia%2Fchairperson-s-speeches&p_l_back_url_title=%E0%A4%85%E0%A4%A7%E0%A5%8D%E0%A4%AF%E0%A4%95%E0%A5%8D%E0%A4%B7+%E0%A4%95%E0%A5%87+%E0%A4%AD%E0%A4%BE%E0%A4%B7%E0%A4%A3,URL,COMPLETED,1,False,,,0,0
b2ed8afc-acee-4dc8-8383-0683d916c157,https://www.pfrda.org.in/w/list-of-aggregators-de-registered-during-the-fy-2015-16-on-the-basis-of-having-nil-subscriber-base-under-nps-lite/swavalamban?p_l_back_url=%2Fhi%2Fregulatory-framework%2Forders%2Fenforcement-orders&p_l_back_url_title=%E0%A4%AA%E0%A5%8D%E0%A4%B0%E0%A4%B5%E0%A4%B0%E0%A5%8D%E0%A4%A4%E0%A4%A8+%E0%A4%86%E0%A4%A6%E0%A5%87%E0%A4%B6,URL,COMPLETED,1,False,,,0,0
c42f414c-655b-450a-b9e7-3d6e34134206,https://www.pfrda.org.in/w/list-of-holidays-to-be-observed-during-the-calendar-year-2027-reg.?p_l_back_url=%2Fget-to-know%2Fholidays&p_l_back_url_title=Holidays,URL,COMPLETED,1,False,,,0,0
4a3d4f99-872d-43dd-94a7-8e80e3caaab8,https://www.pfrda.org.in/w/list-of-holidays-to-be-observed-during-the-calendar-year-2027-reg.?p_l_back_url=%2Fhi%2Fget-to-know%2Fholidays&p_l_back_url_title=%E0%A4%85%E0%A4%B5%E0%A4%95%E0%A4%BE%E0%A4%B6,URL,COMPLETED,1,False,,,0,0
0e484c12-2a62-4b47-957e-a44fd7d14fdc,https://www.pfrda.org.in/w/list-of-holidays-to-be-observed-during-the-calendar-year-2027-reg.?p_l_back_url=%2Fweb%2Fpfrda%2Frecent-updates&p_l_back_url_title=Recent+Updates,URL,COMPLETED,1,False,,,0,0
9243b33e-b5c4-42b9-a5e9-8af452f8e6de,https://www.pfrda.org.in/w/manpower-outsourcing-services-20262028?p_l_back_url=%2Fget-to-know%2Ftenders&p_l_back_url_title=Tenders,URL,COMPLETED,1,False,,,0,0
529f469b-4482-4df4-8ed9-8c45f89d6a18,https://www.pfrda.org.in/w/manpower-outsourcing-services-2026-2028-?p_l_back_url=%2Fget-to-know%2Ftenders&p_l_back_url_title=Tenders,URL,COMPLETED,1,False,,,0,0
6cb1a21f-e79b-476f-8a20-83eb7957aa57,https://www.pfrda.org.in/w/manpower-outsourcing-services-20262028?p_l_back_url=%2Fhi%2Fget-to-know%2Ftenders&p_l_back_url_title=%E0%A4%A8%E0%A4%BF%E0%A4%B5%E0%A4%BF%E0%A4%A6%E0%A4%BE%E0%A4%93%E0%A4%82,URL,COMPLETED,1,False,,,0,0
9d853d5f-e1eb-40e0-9aa9-430ff83d9045,https://www.pfrda.org.in/w/manpower-outsourcing-services-2026-2028-?p_l_back_url=%2Fhi%2Fget-to-know%2Ftenders&p_l_back_url_title=%E0%A4%A8%E0%A4%BF%E0%A4%B5%E0%A4%BF%E0%A4%A6%E0%A4%BE%E0%A4%93%E0%A4%82,URL,COMPLETED,1,False,,,0,0
b6eba28b-a989-455b-9c41-4a15d2866b16,https://www.pfrda.org.in/w/manpower-outsourcing-services-20262028?p_l_back_url=%2Fweb%2Fpfrda%2Fget-to-know%2Ftenders&p_l_back_url_title=Tenders,URL,COMPLETED,1,False,,,0,0
2d1b8cf2-8135-4636-a28e-c820ba9b6cb0,https://www.pfrda.org.in/w/manpower-outsourcing-services-2026-2028-?p_l_back_url=%2Fweb%2Fpfrda%2Fget-to-know%2Ftenders&p_l_back_url_title=Tenders,URL,COMPLETED,1,False,,,0,0
e7ccd85e-f8be-4a24-98e0-492fe95e725f,https://www.pfrda.org.in/w/monthwise-data-on-number-of-subscribers-contributing-under-nps?p_l_back_url=%2Fhi%2Fregulatory-framework%2Freports&p_l_back_url_title=%E0%A4%B8%E0%A4%B2%E0%A4%BE%E0%A4%B9%E0%A4%95%E0%A4%BE%E0%A4%B0+%E0%A4%B8%E0%A4%AE%E0%A4%BF%E0%A4%A4%E0%A4%BF+%E0%A4%95%E0%A5%80+%E0%A4%B0%E0%A4%BF%E0%A4%AA%E0%A5%8B%E0%A4%B0%E0%A5%8D%E0%A4%9F,URL,COMPLETED,1,False,,,0,0
216700b8-4607-4596-8f38-8ce62d44bf5f,https://www.pfrda.org.in/w/national-strategy-for-financial-education-2020-2025?p_l_back_url=%2Fhi%2Fregulatory-framework%2Freports&p_l_back_url_title=%E0%A4%B8%E0%A4%B2%E0%A4%BE%E0%A4%B9%E0%A4%95%E0%A4%BE%E0%A4%B0+%E0%A4%B8%E0%A4%AE%E0%A4%BF%E0%A4%A4%E0%A4%BF+%E0%A4%95%E0%A5%80+%E0%A4%B0%E0%A4%BF%E0%A4%AA%E0%A5%8B%E0%A4%B0%E0%A5%8D%E0%A4%9F,URL,COMPLETED,1,False,,,0,0
7f497054-c029-4022-9908-121b54ea4c29,https://www.pfrda.org.in/w/notice-inviting-applications-/-proposals-for-selection-of-sponsors-of-pension-funds?p_l_back_url=%2Fhi%2Fregulatory-framework%2Forders%2Fnotices&p_l_back_url_title=Notices,URL,COMPLETED,1,False,,,0,0
4754af0d-b8a6-4a9d-83a4-5562382f6eab,https://www.pfrda.org.in/w/notice-inviting-applications_proposals-for-selection-of-sponsors-of-pfs-dated-28.01.2026?p_l_back_url=%2Fhi%2Fregulatory-framework%2Forders%2Fnotices&p_l_back_url_title=Notices,URL,COMPLETED,1,False,,,0,0
ea9346e7-5018-43b5-89e2-6063814d6f07,https://www.pfrda.org.in/w/notice-inviting-proposals-for-selection-of-sponsors-of-pension-funds-on-tap-basis?p_l_back_url=%2Fhi%2Fregulatory-framework%2Forders%2Fnotices&p_l_back_url_title=Notices,URL,COMPLETED,1,False,,,0,0
56bfd24a-2842-4da9-aff0-b98fbab76527,https://www.pfrda.org.in/w/nps-ads-series-1,URL,COMPLETED,1,False,,,0,0
45ba6e4d-6e1a-4d53-ace6-d5beb0d25620,https://www.pfrda.org.in/w/nps-ads-series-1-copy-,URL,COMPLETED,1,False,,,0,0
120c237c-c97b-4955-a5c5-5ff0b5641054,https://www.pfrda.org.in/w/nps-ads-series-2,URL,COMPLETED,1,False,,,0,0
226bf905-43c1-4e5e-baaa-ff27d6856e09,https://www.pfrda.org.in/w/nps-apy-functionalities-released-by-cras-during-quarter-iii-iv-fy-2023-24-1?p_l_back_url=%2Fhi%2Fregulatory-framework%2Fcirculars%2Finoperative&p_l_back_url_title=%E0%A4%A8%E0%A4%BF%E0%A4%B7%E0%A5%8D%E0%A4%95%E0%A5%8D%E0%A4%B0%E0%A4%BF%E0%A4%AF,URL,COMPLETED,1,False,,,0,0
51e3dfbf-930b-4136-91c0-1ccd73ec0016,https://www.pfrda.org.in/w/nps-assets-under-multiple-scheme-framework-msf-nearing-150-cr?p_l_back_url=%2Fhi%2Fmedia%2Fpress-releases&p_l_back_url_title=%E0%A4%AA%E0%A5%8D%E0%A4%B0%E0%A5%87%E0%A4%B8+%E0%A4%AA%E0%A5%8D%E0%A4%B0%E0%A4%95%E0%A4%BE%E0%A4%B6%E0%A4%A8%E0%A5%80,URL,COMPLETED,3,False,a97059ea-70e1-42be-bb61-d2fff85e58f7,,0,0
5f58765f-5067-46d5-936a-4d8dc490f4ed,https://www.pfrda.org.in/w/nps-assets-under-multiple-scheme-framework-msf-nearing-150-cr?p_l_back_url=%2Fhi%2Fmedia%2Fpress-releases&p_l_back_url_title=%E0%A4%AA%E0%A5%8D%E0%A4%B0%E0%A5%87%E0%A4%B8+%E0%A4%AA%E0%A5%8D%E0%A4%B0%E0%A4%95%E0%A4%BE%E0%A4%B6%E0%A4%A8%E0%A5%80,URL,COMPLETED,1,False,,a97059ea-70e1-42be-bb61-d2fff85e58f7,0,0
a97059ea-70e1-42be-bb61-d2fff85e58f7,https://www.pfrda.org.in/w/nps-assets-under-multiple-scheme-framework-msf-nearing-150-cr?p_l_back_url=%2Fhi%2Fmedia%2Fpress-releases&p_l_back_url_title=%E0%A4%AA%E0%A5%8D%E0%A4%B0%E0%A5%87%E0%A4%B8+%E0%A4%AA%E0%A5%8D%E0%A4%B0%E0%A4%95%E0%A4%BE%E0%A4%B6%E0%A4%A8%E0%A5%80,URL,COMPLETED,2,False,5f58765f-5067-46d5-936a-4d8dc490f4ed,51e3dfbf-930b-4136-91c0-1ccd73ec0016,0,0
37a89819-83ec-4bab-8994-276f7405aac3,https://www.pfrda.org.in/w/nps-data-as-on-october-2018-for-government-sector-and-corporate-sector?p_l_back_url=%2Fhi%2Fregulatory-framework%2Freports&p_l_back_url_title=%E0%A4%B8%E0%A4%B2%E0%A4%BE%E0%A4%B9%E0%A4%95%E0%A4%BE%E0%A4%B0+%E0%A4%B8%E0%A4%AE%E0%A4%BF%E0%A4%A4%E0%A4%BF+%E0%A4%95%E0%A5%80+%E0%A4%B0%E0%A4%BF%E0%A4%AA%E0%A5%8B%E0%A4%B0%E0%A5%8D%E0%A4%9F,URL,COMPLETED,1,False,,,0,0
e91762b5-2771-4405-9682-6535ba55dbe3,https://www.pfrda.org.in/w/nps-half-page-ads,URL,COMPLETED,1,False,,,0,0
caa384e6-477b-4c2a-927e-ba5d9488ec93,https://www.pfrda.org.in/w/nps-swawalamban,URL,COMPLETED,1,False,,,0,0
700b5fcb-5335-456a-8a96-5d2a1f8800f4,https://www.pfrda.org.in/w/nps-vatsalya-brochures,URL,COMPLETED,1,False,,,0,0
7d68e01e-55ba-44a3-8ba9-769cd3eac7ba,https://www.pfrda.org.in/w/nps-vatsalya-hindi-?p_l_back_url=%2Ffaqs&p_l_back_url_title=FAQs,URL,COMPLETED,1,False,,,0,0
a0d13836-5871-4909-a2fa-27374830f8f9,https://www.pfrda.org.in/w/nps-vatsalya-hindi-?p_l_back_url=%2Fhi%2Ffaqs&p_l_back_url_title=%E0%A4%AA%E0%A5%82%E0%A4%9B%E0%A5%87+%E0%A4%9C%E0%A4%BE%E0%A4%A8%E0%A5%87+%E0%A4%B5%E0%A4%BE%E0%A4%B2%E0%A5%87+%E0%A4%AA%E0%A5%8D%E0%A4%B0%E0%A4%B6%E0%A5%8D%E0%A4%A8,URL,COMPLETED,1,False,,,0,0
27036d1e-fa8e-4181-b211-9532d2ac1cb6,https://www.pfrda.org.in/w/office-order-closing-of-central-government-offices-located-in-delhi-new-delhi-on-11.09.2026-1?p_l_back_url=%2Fhi%2Fget-to-know%2Fholidays&p_l_back_url_title=%E0%A4%85%E0%A4%B5%E0%A4%95%E0%A4%BE%E0%A4%B6,URL,COMPLETED,1,False,,,0,0
f8a49670-649d-455a-97a1-b95603450f77,https://www.pfrda.org.in/w/office-order-closing-of-central-government-offices-located-in-delhi-new-delhi-on-11.09.2026-1?p_l_back_url=%2Fhi%2Frecent-updates&p_l_back_url_title=Recent+Updates,URL,COMPLETED,1,False,,,0,0
b23d8b35-063b-48f2-93e8-80a8c984551c,https://www.pfrda.org.in/w/office-order-closing-of-central-government-offices-located-in-delhi-new-delhi-on-11.09.2026-1?p_l_back_url=%2Fweb%2Fpfrda%2Frecent-updates&p_l_back_url_title=Recent+Updates,URL,COMPLETED,1,False,,,0,0
658433ae-4c9e-4beb-819d-8dd7902d461d,https://www.pfrda.org.in/w/office-order-list-of-holidays-to-be-observed-during-the-calendar-year-2026-at-mumbai-regional-office-1?p_l_back_url=%2Fhi%2Fget-to-know%2Fholidays&p_l_back_url_title=%E0%A4%85%E0%A4%B5%E0%A4%95%E0%A4%BE%E0%A4%B6,URL,COMPLETED,1,False,,,0,0
3bd2530d-a8b9-465f-99c4-8ef379d7a37e,https://www.pfrda.org.in/w/office-order-list-of-holidays-to-be-observed-during-the-calendar-year-2026-at-mumbai-regional-office-1?p_l_back_url=%2Fhi%2Frecent-updates&p_l_back_url_title=Recent+Updates,URL,COMPLETED,1,False,,,0,0
fb35d1cf-b6d5-4868-913b-0a7fdaf1c7de,https://www.pfrda.org.in/w/office-order-list-of-holidays-to-be-observed-during-the-calendar-year-2026-at-mumbai-regional-office-1?p_l_back_url=%2Fweb%2Fpfrda%2Frecent-updates&p_l_back_url_title=Recent+Updates,URL,COMPLETED,1,False,,,0,0
fe3ceaa5-d430-4b67-9068-ef43f855da65,https://www.pfrda.org.in/w/online-apy-awareness-program-august-2026-malayalam-,URL,COMPLETED,1,False,,,0,0
9bc297b6-a3b4-4c9d-9212-7be3e9036c51,https://www.pfrda.org.in/w/online-apy-awareness-program-august-2026-malayalam-1,URL,COMPLETED,3,False,a664dba9-5dcc-4dc9-ad20-df7672f8b965,006910ee-48fb-4130-a29a-f2bef28db9bf,0,0
a664dba9-5dcc-4dc9-ad20-df7672f8b965,https://www.pfrda.org.in/w/online-apy-awareness-program-august-2026-malayalam-1,URL,COMPLETED,2,False,623ef73e-1ef0-4e07-ac1c-6251a85a0fc5,9bc297b6-a3b4-4c9d-9212-7be3e9036c51,0,0
006910ee-48fb-4130-a29a-f2bef28db9bf,https://www.pfrda.org.in/w/online-apy-awareness-program-august-2026-malayalam-1,URL,COMPLETED,4,False,9bc297b6-a3b4-4c9d-9212-7be3e9036c51,de6a0ece-109b-483d-aa5a-a16a61d297ae,0,0
1e76ae9a-c47e-4832-887f-51f17ee097d4,https://www.pfrda.org.in/w/online-apy-awareness-program-august-2026-malayalam-1,URL,COMPLETED,6,False,de6a0ece-109b-483d-aa5a-a16a61d297ae,,0,0
de6a0ece-109b-483d-aa5a-a16a61d297ae,https://www.pfrda.org.in/w/online-apy-awareness-program-august-2026-malayalam-1,URL,COMPLETED,5,False,006910ee-48fb-4130-a29a-f2bef28db9bf,1e76ae9a-c47e-4832-887f-51f17ee097d4,0,0
623ef73e-1ef0-4e07-ac1c-6251a85a0fc5,https://www.pfrda.org.in/w/online-apy-awareness-program-august-2026-malayalam-1,URL,COMPLETED,1,False,,a664dba9-5dcc-4dc9-ad20-df7672f8b965,0,0
737f1b94-0c4c-4782-8c39-c8c9bc6889d2,https://www.pfrda.org.in/w/online-apy-awareness-program-september-2026-english-1,URL,COMPLETED,2,False,030c762b-d3e0-4dad-b037-666ecef574a4,,0,0
030c762b-d3e0-4dad-b037-666ecef574a4,https://www.pfrda.org.in/w/online-apy-awareness-program-september-2026-english-1,URL,COMPLETED,1,False,,737f1b94-0c4c-4782-8c39-c8c9bc6889d2,0,0
4943016a-abe2-4e66-b618-a49fdf07abf4,https://www.pfrda.org.in/w/online-apy-awareness-program-september-2026-hindi-,URL,COMPLETED,1,False,,,0,0
91fdca79-1f86-432b-96c6-d4d10279dc6c,https://www.pfrda.org.in/w/online-apy-awareness-program-september-2026-hindi-1,URL,COMPLETED,1,False,,,0,0
5865a79d-3755-4c58-99f6-8120b8ace20a,https://www.pfrda.org.in/w/online-apy-awareness-program-september-2026-punjabi-,URL,COMPLETED,1,False,,,0,0
c680b4ea-f122-4f81-977d-2b1a8a5cac2a,https://www.pfrda.org.in/w/online-apy-awareness-program-september-2026-tamil-1,URL,COMPLETED,1,False,,,0,0
8e9bee91-37c7-4bbe-b8ef-638c03f1a84a,https://www.pfrda.org.in/w/online-apy-awareness-program-september-2026-telugu-,URL,COMPLETED,1,False,,,0,0
d95c0f0a-bc77-4c7b-bf12-0bbe08eb37ec,https://www.pfrda.org.in/w/online-nps-sanchay-awareness-session-august-2026-hindi-8,URL,COMPLETED,2,False,0a535dcb-105a-4f10-be23-55359ffd6c13,d01ba468-7bdc-4f66-8b42-0dbf79f5e728,0,0
0a535dcb-105a-4f10-be23-55359ffd6c13,https://www.pfrda.org.in/w/online-nps-sanchay-awareness-session-august-2026-hindi-8,URL,COMPLETED,1,False,,d95c0f0a-bc77-4c7b-bf12-0bbe08eb37ec,0,0
adb1b6ae-9523-4775-8374-b67844c7f393,https://www.pfrda.org.in/w/online-nps-sanchay-awareness-session-august-2026-hindi-8,URL,COMPLETED,6,False,a9ddb830-6ccb-4c3d-82e7-acc6f1f0bc25,,0,0
a9ddb830-6ccb-4c3d-82e7-acc6f1f0bc25,https://www.pfrda.org.in/w/online-nps-sanchay-awareness-session-august-2026-hindi-8,URL,COMPLETED,5,False,ee749f33-db0d-4111-95fb-ccd4b86b09d9,adb1b6ae-9523-4775-8374-b67844c7f393,0,0
d01ba468-7bdc-4f66-8b42-0dbf79f5e728,https://www.pfrda.org.in/w/online-nps-sanchay-awareness-session-august-2026-hindi-8,URL,COMPLETED,3,False,d95c0f0a-bc77-4c7b-bf12-0bbe08eb37ec,ee749f33-db0d-4111-95fb-ccd4b86b09d9,0,0
ee749f33-db0d-4111-95fb-ccd4b86b09d9,https://www.pfrda.org.in/w/online-nps-sanchay-awareness-session-august-2026-hindi-8,URL,COMPLETED,4,False,d01ba468-7bdc-4f66-8b42-0dbf79f5e728,a9ddb830-6ccb-4c3d-82e7-acc6f1f0bc25,0,0
dea55a88-e095-48c8-baea-5454c60d44a7,https://www.pfrda.org.in/w/online-nps-sanchay-awareness-session-august-2026-hindi-9,URL,COMPLETED,5,False,c95eb0cb-b661-44ba-af3a-a8d2f28ddc34,677b11d0-85ac-4e67-873e-c2897f3f9775,0,0
06b7fee8-d0aa-42b9-b2b6-0fa0a5d743c6,https://www.pfrda.org.in/w/online-nps-sanchay-awareness-session-august-2026-hindi-9,URL,COMPLETED,1,False,,9a01aa11-76b4-4217-8b63-25cf236ed763,0,0
430a4ec9-4b29-4cc1-b4f5-5a7112db905b,https://www.pfrda.org.in/w/online-nps-sanchay-awareness-session-august-2026-hindi-9,URL,COMPLETED,3,False,9a01aa11-76b4-4217-8b63-25cf236ed763,c95eb0cb-b661-44ba-af3a-a8d2f28ddc34,0,0
9a01aa11-76b4-4217-8b63-25cf236ed763,https://www.pfrda.org.in/w/online-nps-sanchay-awareness-session-august-2026-hindi-9,URL,COMPLETED,2,False,06b7fee8-d0aa-42b9-b2b6-0fa0a5d743c6,430a4ec9-4b29-4cc1-b4f5-5a7112db905b,0,0
c95eb0cb-b661-44ba-af3a-a8d2f28ddc34,https://www.pfrda.org.in/w/online-nps-sanchay-awareness-session-august-2026-hindi-9,URL,COMPLETED,4,False,430a4ec9-4b29-4cc1-b4f5-5a7112db905b,dea55a88-e095-48c8-baea-5454c60d44a7,0,0
677b11d0-85ac-4e67-873e-c2897f3f9775,https://www.pfrda.org.in/w/online-nps-sanchay-awareness-session-august-2026-hindi-9,URL,COMPLETED,6,False,dea55a88-e095-48c8-baea-5454c60d44a7,,0,0
98d03ed9-0b6a-42b8-8c87-c280ba7b45cd,https://www.pfrda.org.in/w/online-nps-sanchay-awareness-session-august-2026-marathi-,URL,COMPLETED,4,False,e22678f1-e4ee-4f68-a3a5-27d3f4d083b1,6edf2ed1-9548-415b-96fb-a2587b553b4f,0,0
8cb2d52a-0cfa-468a-bf48-d9e5c9bc6a5c,https://www.pfrda.org.in/w/online-nps-sanchay-awareness-session-august-2026-marathi-,URL,COMPLETED,2,False,60faeaa3-9183-4df8-9349-cf8936817d0a,e22678f1-e4ee-4f68-a3a5-27d3f4d083b1,0,0
6edf2ed1-9548-415b-96fb-a2587b553b4f,https://www.pfrda.org.in/w/online-nps-sanchay-awareness-session-august-2026-marathi-,URL,COMPLETED,5,False,98d03ed9-0b6a-42b8-8c87-c280ba7b45cd,6558b968-389c-44b6-8c59-1e9cdb862d07,0,0
e22678f1-e4ee-4f68-a3a5-27d3f4d083b1,https://www.pfrda.org.in/w/online-nps-sanchay-awareness-session-august-2026-marathi-,URL,COMPLETED,3,False,8cb2d52a-0cfa-468a-bf48-d9e5c9bc6a5c,98d03ed9-0b6a-42b8-8c87-c280ba7b45cd,0,0
6558b968-389c-44b6-8c59-1e9cdb862d07,https://www.pfrda.org.in/w/online-nps-sanchay-awareness-session-august-2026-marathi-,URL,COMPLETED,6,False,6edf2ed1-9548-415b-96fb-a2587b553b4f,,0,0
60faeaa3-9183-4df8-9349-cf8936817d0a,https://www.pfrda.org.in/w/online-nps-sanchay-awareness-session-august-2026-marathi-,URL,COMPLETED,1,False,,8cb2d52a-0cfa-468a-bf48-d9e5c9bc6a5c,0,0
ab883352-9447-49ea-aa2a-98d21de96574,https://www.pfrda.org.in/w/online-nps-sanchay-awareness-session-august-2026-punjabi-,URL,COMPLETED,1,False,,8ad2fa89-4bc6-491a-af2e-c5e762b10b2b,0,0
8ad2fa89-4bc6-491a-af2e-c5e762b10b2b,https://www.pfrda.org.in/w/online-nps-sanchay-awareness-session-august-2026-punjabi-,URL,COMPLETED,2,False,ab883352-9447-49ea-aa2a-98d21de96574,,0,0
623f69bc-02c1-407a-bb22-432e0914e88b,https://www.pfrda.org.in/w/online-nps-sanchay-awareness-session-september-2026-english-1,URL,COMPLETED,1,False,,,0,0
9924cf08-f39f-4b95-8dc7-2596e206fda2,https://www.pfrda.org.in/w/online-nps-sanchay-awareness-session-september-2026-gujarati-,URL,COMPLETED,1,False,,,0,0
a27274aa-8f9b-4c05-be75-7a00d43ff1ad,https://www.pfrda.org.in/w/online-nps-sanchay-awareness-session-september-2026-hindi-2,URL,COMPLETED,1,False,,,0,0
bf6892c2-77a9-45c2-b7c3-1ad83046f6ba,https://www.pfrda.org.in/w/online-nps-sanchay-awareness-session-september-2026-hindi-3,URL,COMPLETED,1,False,,,0,0
49ea7dd7-37f6-4e39-88e5-4b671b770815,https://www.pfrda.org.in/w/online-nps-sanchay-awareness-session-september-2026-kannada-,URL,COMPLETED,1,False,,,0,0
ddace641-71d2-47ee-a35b-8ee675cc3cc7,https://www.pfrda.org.in/w/online-nps-sanchay-awareness-session-september-2026-malayalam-,URL,COMPLETED,1,False,,,0,0
7b51d357-6f3f-4e61-8e6b-f367796c3e5a,https://www.pfrda.org.in/w/online-nps-sanchay-awareness-session-september-2026-marathi-,URL,COMPLETED,1,False,,,0,0
f1a02c35-4035-45e5-aba6-811345161f03,https://www.pfrda.org.in/w/online-nps-sanchay-awareness-session-september-2026-punjabi-,URL,COMPLETED,1,False,,,0,0
a1464181-698e-41d1-88cc-1c69e64e04cb,https://www.pfrda.org.in/w/pension-bulletin-april-june-2026-1?p_l_back_url=%2Fhi%2Fresearch-publications%2Fpension-bulletin&p_l_back_url_title=%E0%A4%AA%E0%A5%87%E0%A4%82%E0%A4%B6%E0%A4%A8+%E0%A4%AC%E0%A5%81%E0%A4%B2%E0%A5%87%E0%A4%9F%E0%A4%BF%E0%A4%A8,URL,COMPLETED,2,False,01071817-f1e1-4501-bc94-e3e5dfd0dd4a,,0,0
01071817-f1e1-4501-bc94-e3e5dfd0dd4a,https://www.pfrda.org.in/w/pension-bulletin-april-june-2026-1?p_l_back_url=%2Fhi%2Fresearch-publications%2Fpension-bulletin&p_l_back_url_title=%E0%A4%AA%E0%A5%87%E0%A4%82%E0%A4%B6%E0%A4%A8+%E0%A4%AC%E0%A5%81%E0%A4%B2%E0%A5%87%E0%A4%9F%E0%A4%BF%E0%A4%A8,URL,COMPLETED,1,False,,a1464181-698e-41d1-88cc-1c69e64e04cb,0,0
063d2c5a-9b5c-4ddb-b565-06547e17d334,https://www.pfrda.org.in/w/pension-bulletin-april-june-2026-1?p_l_back_url=%2Fweb%2Fpfrda%2Frecent-updates&p_l_back_url_title=Recent+Updates,URL,COMPLETED,1,False,,,0,0
53117892-10e1-44fb-9d5c-f6e0f04df004,https://www.pfrda.org.in/w/pension-bulletin-august-2025-?p_l_back_url=%2Fhi%2Fresearch-publications%2Fpension-bulletin&p_l_back_url_title=%E0%A4%AA%E0%A5%87%E0%A4%82%E0%A4%B6%E0%A4%A8+%E0%A4%AC%E0%A5%81%E0%A4%B2%E0%A5%87%E0%A4%9F%E0%A4%BF%E0%A4%A8,URL,COMPLETED,1,False,,,0,0
84585453-e84c-49b1-a134-cc9473c5f977,https://www.pfrda.org.in/w/pension-bulletin-december-2025?p_l_back_url=%2Fhi%2Fresearch-publications%2Fpension-bulletin&p_l_back_url_title=%E0%A4%AA%E0%A5%87%E0%A4%82%E0%A4%B6%E0%A4%A8+%E0%A4%AC%E0%A5%81%E0%A4%B2%E0%A5%87%E0%A4%9F%E0%A4%BF%E0%A4%A8,URL,COMPLETED,1,False,,,0,0
2d37b6a6-1c37-4482-92c8-88bf4e221dd5,https://www.pfrda.org.in/w/pension-bulletin-jan-2026-?p_l_back_url=%2Fhi%2Fresearch-publications%2Fpension-bulletin&p_l_back_url_title=%E0%A4%AA%E0%A5%87%E0%A4%82%E0%A4%B6%E0%A4%A8+%E0%A4%AC%E0%A5%81%E0%A4%B2%E0%A5%87%E0%A4%9F%E0%A4%BF%E0%A4%A8,URL,COMPLETED,1,False,,,0,0
8c4d4092-c0ba-411a-bb6c-2f445e8d87fb,https://www.pfrda.org.in/w/pension-bulletin-jul-2025-?p_l_back_url=%2Fhi%2Fresearch-publications%2Fpension-bulletin&p_l_back_url_title=%E0%A4%AA%E0%A5%87%E0%A4%82%E0%A4%B6%E0%A4%A8+%E0%A4%AC%E0%A5%81%E0%A4%B2%E0%A5%87%E0%A4%9F%E0%A4%BF%E0%A4%A8,URL,COMPLETED,1,False,,,0,0
67384701-3d4f-4437-bd0f-ac37075003d0,https://www.pfrda.org.in/w/pension-bulletin-jun-2025-?p_l_back_url=%2Fhi%2Fresearch-publications%2Fpension-bulletin&p_l_back_url_title=%E0%A4%AA%E0%A5%87%E0%A4%82%E0%A4%B6%E0%A4%A8+%E0%A4%AC%E0%A5%81%E0%A4%B2%E0%A5%87%E0%A4%9F%E0%A4%BF%E0%A4%A8,URL,COMPLETED,1,False,,,0,0
ecda603e-8506-40f7-93d3-5621ef96ed6a,https://www.pfrda.org.in/w/pension-bulletin-march-2026?p_l_back_url=%2Fhi%2Fresearch-publications%2Fpension-bulletin&p_l_back_url_title=%E0%A4%AA%E0%A5%87%E0%A4%82%E0%A4%B6%E0%A4%A8+%E0%A4%AC%E0%A5%81%E0%A4%B2%E0%A5%87%E0%A4%9F%E0%A4%BF%E0%A4%A8,URL,COMPLETED,1,False,,,0,0
8a6d7e4f-f7b8-464b-8380-6741a4da28e3,https://www.pfrda.org.in/w/pension-bulletin-november-2025?p_l_back_url=%2Fhi%2Fresearch-publications%2Fpension-bulletin&p_l_back_url_title=%E0%A4%AA%E0%A5%87%E0%A4%82%E0%A4%B6%E0%A4%A8+%E0%A4%AC%E0%A5%81%E0%A4%B2%E0%A5%87%E0%A4%9F%E0%A4%BF%E0%A4%A8,URL,COMPLETED,1,False,,,0,0
47a36ec3-6724-4c72-a2a4-b8c7b69c9560,https://www.pfrda.org.in/w/pension-bulletin-september-october-2025-?p_l_back_url=%2Fhi%2Fresearch-publications%2Fpension-bulletin&p_l_back_url_title=%E0%A4%AA%E0%A5%87%E0%A4%82%E0%A4%B6%E0%A4%A8+%E0%A4%AC%E0%A5%81%E0%A4%B2%E0%A5%87%E0%A4%9F%E0%A4%BF%E0%A4%A8,URL,COMPLETED,1,False,,,0,0
305c2497-339f-4a89-bce1-455f120e5453,https://www.pfrda.org.in/w/pension-fund-regulatory-and-development-authority-exits-and-withdrawals-under-the-national-pension-system-amendment-regulations-2026?p_l_back_url=%2Fhi%2Fregulatory-framework%2Fregulations&p_l_back_url_title=%E0%A4%B5%E0%A4%BF%E0%A4%A8%E0%A4%BF%E0%A4%AF%E0%A4%AE,URL,COMPLETED,1,False,,,0,0
313f7b47-c7c5-477c-9686-754f298e9bdc,https://www.pfrda.org.in/w/pension-fund-regulatory-and-development-authority-exits-and-withdrawals-under-the-national-pension-system-regulations-2015-last-amended-on-20th-july-2026-.?p_l_back_url=%2Fhi%2Fregulatory-framework%2Fregulations&p_l_back_url_title=%E0%A4%B5%E0%A4%BF%E0%A4%A8%E0%A4%BF%E0%A4%AF%E0%A4%AE,URL,COMPLETED,1,False,,,0,0
fbbe7c66-80a8-48e6-8d58-3896a9b07b31,https://www.pfrda.org.in/w/pension-fund-regulatory-and-development-authority-regulatory-sandbox-regulations-2026?p_l_back_url=%2Fhi%2Fregulatory-framework%2Fregulations&p_l_back_url_title=%E0%A4%B5%E0%A4%BF%E0%A4%A8%E0%A4%BF%E0%A4%AF%E0%A4%AE,URL,COMPLETED,1,False,,,0,0
045ecb46-b5bd-44ad-b597-6e8853c57c2e,https://www.pfrda.org.in/w/pension-reforms-in-the-era-of-digitalisation-balancing-flexibility-and-assurance?p_l_back_url=%2Fhi%2Fmedia%2Fchairperson-s-speeches&p_l_back_url_title=%E0%A4%85%E0%A4%A7%E0%A5%8D%E0%A4%AF%E0%A4%95%E0%A5%8D%E0%A4%B7+%E0%A4%95%E0%A5%87+%E0%A4%AD%E0%A4%BE%E0%A4%B7%E0%A4%A3,URL,COMPLETED,1,False,,,0,0
1bbd48fa-2665-4574-a3df-5f715c5d6de3,https://www.pfrda.org.in/w/pension-sanchayita-2025?p_l_back_url=%2Fhi%2Fresearch-publications%2Fpension-bulletin&p_l_back_url_title=%E0%A4%AA%E0%A5%87%E0%A4%82%E0%A4%B6%E0%A4%A8+%E0%A4%AC%E0%A5%81%E0%A4%B2%E0%A5%87%E0%A4%9F%E0%A4%BF%E0%A4%A8,URL,COMPLETED,1,False,,,0,0
820edd9b-436b-45e7-9ba3-6d57a85a012b,https://www.pfrda.org.in/w/pfrda-announces-expert-committee-to-develop-framework-for-assured-payouts-under-national-pension-system-nps-?p_l_back_url=%2Fhi%2Fmedia%2Fpress-releases&p_l_back_url_title=%E0%A4%AA%E0%A5%8D%E0%A4%B0%E0%A5%87%E0%A4%B8+%E0%A4%AA%E0%A5%8D%E0%A4%B0%E0%A4%95%E0%A4%BE%E0%A4%B6%E0%A4%A8%E0%A5%80,URL,COMPLETED,3,False,edb2fbb2-e4ef-45e5-90e4-cb2da765ec2c,,0,0
a8f0713c-4910-45ee-9f37-2b6683d73be2,https://www.pfrda.org.in/w/pfrda-announces-expert-committee-to-develop-framework-for-assured-payouts-under-national-pension-system-nps-?p_l_back_url=%2Fhi%2Fmedia%2Fpress-releases&p_l_back_url_title=%E0%A4%AA%E0%A5%8D%E0%A4%B0%E0%A5%87%E0%A4%B8+%E0%A4%AA%E0%A5%8D%E0%A4%B0%E0%A4%95%E0%A4%BE%E0%A4%B6%E0%A4%A8%E0%A5%80,URL,COMPLETED,1,False,,edb2fbb2-e4ef-45e5-90e4-cb2da765ec2c,0,0
edb2fbb2-e4ef-45e5-90e4-cb2da765ec2c,https://www.pfrda.org.in/w/pfrda-announces-expert-committee-to-develop-framework-for-assured-payouts-under-national-pension-system-nps-?p_l_back_url=%2Fhi%2Fmedia%2Fpress-releases&p_l_back_url_title=%E0%A4%AA%E0%A5%8D%E0%A4%B0%E0%A5%87%E0%A4%B8+%E0%A4%AA%E0%A5%8D%E0%A4%B0%E0%A4%95%E0%A4%BE%E0%A4%B6%E0%A4%A8%E0%A5%80,URL,COMPLETED,2,False,a8f0713c-4910-45ee-9f37-2b6683d73be2,820edd9b-436b-45e7-9ba3-6d57a85a012b,0,0
d29415df-c1d8-49a2-acaf-06013ec001d2,https://www.pfrda.org.in/w/pfrda-chief-calls-for-more-awareness-tax-support-to-expand-nps-reach-%7C-bfsi-summit-2025?p_l_back_url=%2Fhi%2Fmedia%2Fchairperson-s-speeches&p_l_back_url_title=%E0%A4%85%E0%A4%A7%E0%A5%8D%E0%A4%AF%E0%A4%95%E0%A5%8D%E0%A4%B7+%E0%A4%95%E0%A5%87+%E0%A4%AD%E0%A4%BE%E0%A4%B7%E0%A4%A3,URL,COMPLETED,1,False,,,0,0
68d7b175-8f69-4e70-98f5-4720402d358a,https://www.pfrda.org.in/w/pfrda-launches-ai-powered-pfrda-pension-sahayak-portal-to-transform-pension-grievance-redressal-1,URL,COMPLETED,1,False,,,0,0
9ddd085d-4ebe-4484-b669-e13a112ea68c,https://www.pfrda.org.in/w/pfrda-launches-ai-powered-pfrda-pension-sahayak-portal-to-transform-pension-grievance-redressal-1?p_l_back_url=%2Fhi%2Fmedia%2Fpress-releases&p_l_back_url_title=%E0%A4%AA%E0%A5%8D%E0%A4%B0%E0%A5%87%E0%A4%B8+%E0%A4%AA%E0%A5%8D%E0%A4%B0%E0%A4%95%E0%A4%BE%E0%A4%B6%E0%A4%A8%E0%A5%80,URL,COMPLETED,3,False,fee42cea-126f-4d12-b762-50f7114ec3c0,,0,0
71b98c67-009d-4f7e-b20b-39f8573092be,https://www.pfrda.org.in/w/pfrda-launches-ai-powered-pfrda-pension-sahayak-portal-to-transform-pension-grievance-redressal-1?p_l_back_url=%2Fhi%2Fmedia%2Fpress-releases&p_l_back_url_title=%E0%A4%AA%E0%A5%8D%E0%A4%B0%E0%A5%87%E0%A4%B8+%E0%A4%AA%E0%A5%8D%E0%A4%B0%E0%A4%95%E0%A4%BE%E0%A4%B6%E0%A4%A8%E0%A5%80,URL,COMPLETED,1,False,,fee42cea-126f-4d12-b762-50f7114ec3c0,0,0
fee42cea-126f-4d12-b762-50f7114ec3c0,https://www.pfrda.org.in/w/pfrda-launches-ai-powered-pfrda-pension-sahayak-portal-to-transform-pension-grievance-redressal-1?p_l_back_url=%2Fhi%2Fmedia%2Fpress-releases&p_l_back_url_title=%E0%A4%AA%E0%A5%8D%E0%A4%B0%E0%A5%87%E0%A4%B8+%E0%A4%AA%E0%A5%8D%E0%A4%B0%E0%A4%95%E0%A4%BE%E0%A4%B6%E0%A4%A8%E0%A5%80,URL,COMPLETED,2,False,71b98c67-009d-4f7e-b20b-39f8573092be,9ddd085d-4ebe-4484-b669-e13a112ea68c,0,0
169180aa-2014-4b4c-a918-3620f873600d,https://www.pfrda.org.in/w/pfrda-registration-of-pension-funds-guidelines-2026-amended-on-13.07.2026-?p_l_back_url=%2Fhi%2Fregulatory-framework%2Fguidelines&p_l_back_url_title=%E0%A4%A6%E0%A4%BF%E0%A4%B6%E0%A4%BE%E0%A4%A8%E0%A4%BF%E0%A4%B0%E0%A5%8D%E0%A4%A6%E0%A5%87%E0%A4%B6,URL,COMPLETED,1,False,,,0,0
eba26413-f926-4321-b167-d52a1a63d756,https://www.pfrda.org.in/w/pfrda-salary-and-allowances-payable-to-and-other-terms-and-conditions-of-service-of-chairperson-and-whole-time-members-amendment-rules-2024?p_l_back_url=%2Fhi%2Fregulatory-framework%2Frules&p_l_back_url_title=%E0%A4%A8%E0%A4%BF%E0%A4%AF%E0%A4%AE,URL,COMPLETED,1,False,,,0,0
cbb080de-30db-4925-9de8-d3a9abc3b019,https://www.pfrda.org.in/w/pfrda-salary-and-allowances-payable-to-and-other-terms-and-conditions-of-service-of-chairperson-and-whole-time-members-amendment-rules-2025?p_l_back_url=%2Fhi%2Fregulatory-framework%2Frules&p_l_back_url_title=%E0%A4%A8%E0%A4%BF%E0%A4%AF%E0%A4%AE,URL,COMPLETED,1,False,,,0,0
6d5908ad-59a0-4b6c-8496-86c43306d087,https://www.pfrda.org.in/w/pran-generated-in-age-buckets-as-per-nps-records-in-numbers-?p_l_back_url=%2Fhi%2Fregulatory-framework%2Freports&p_l_back_url_title=%E0%A4%B8%E0%A4%B2%E0%A4%BE%E0%A4%B9%E0%A4%95%E0%A4%BE%E0%A4%B0+%E0%A4%B8%E0%A4%AE%E0%A4%BF%E0%A4%A4%E0%A4%BF+%E0%A4%95%E0%A5%80+%E0%A4%B0%E0%A4%BF%E0%A4%AA%E0%A5%8B%E0%A4%B0%E0%A5%8D%E0%A4%9F,URL,COMPLETED,1,False,,,0,0
12924600-936c-4e72-9bfd-e71395e93d99,https://www.pfrda.org.in/w/pre-bid-responses-bilingual-engagement-of-training-agency-for-subscriber-awareness-education-and-training-for-stakeholders-on-nps-sanchay-copy-,URL,COMPLETED,1,False,,,0,0
67f24ac2-8fed-4bbc-b439-c419c02f92b0,https://www.pfrda.org.in/w/pre-bid-responses-bilingual-engagement-of-training-agency-for-subscriber-awareness-education-and-training-for-stakeholders-on-nps-sanchay?p_l_back_url=%2Fhi%2Frecent-updates&p_l_back_url_title=Recent+Updates,URL,COMPLETED,1,False,,,0,0
7aae10c0-3f6c-4e4c-a484-1d30446769d9,https://www.pfrda.org.in/w/pre-bid-responses-bilingual-engagement-of-training-agency-for-subscriber-awareness-education-and-training-for-stakeholders-on-nps-sanchay?p_l_back_url=%2Fweb%2Fpfrda%2Frecent-updates&p_l_back_url_title=Recent+Updates,URL,COMPLETED,1,False,,,0,0
543f730f-b8c4-43ce-a794-624500754565,https://www.pfrda.org.in/w/pre-bid-responses-engagement-of-training-agency-for-subscriber-awareness-education-and-training-for-stakeholders-on-nps-sanchay-copy-1-,URL,COMPLETED,1,False,,,0,0
fdde4267-c98b-4f2e-84d4-8826f21804cf,https://www.pfrda.org.in/w/press-release-on-apy-annual-felicitation-program-of-fy-2025-26,URL,COMPLETED,1,False,,,0,0
ea438856-0c78-43d0-9914-361de3eba96c,https://www.pfrda.org.in/w/press-release-on-apy-annual-felicitation-program-of-fy-2025-26?p_l_back_url=%2Fhi%2Fmedia%2Fpress-releases&p_l_back_url_title=%E0%A4%AA%E0%A5%8D%E0%A4%B0%E0%A5%87%E0%A4%B8+%E0%A4%AA%E0%A5%8D%E0%A4%B0%E0%A4%95%E0%A4%BE%E0%A4%B6%E0%A4%A8%E0%A5%80,URL,COMPLETED,3,False,b3e047f6-20d3-42f4-b8e9-b3762545959e,,0,0
1f18fde0-ffa1-4bb9-b179-0f05f1ebe9b7,https://www.pfrda.org.in/w/press-release-on-apy-annual-felicitation-program-of-fy-2025-26?p_l_back_url=%2Fhi%2Fmedia%2Fpress-releases&p_l_back_url_title=%E0%A4%AA%E0%A5%8D%E0%A4%B0%E0%A5%87%E0%A4%B8+%E0%A4%AA%E0%A5%8D%E0%A4%B0%E0%A4%95%E0%A4%BE%E0%A4%B6%E0%A4%A8%E0%A5%80,URL,COMPLETED,1,False,,b3e047f6-20d3-42f4-b8e9-b3762545959e,0,0
b3e047f6-20d3-42f4-b8e9-b3762545959e,https://www.pfrda.org.in/w/press-release-on-apy-annual-felicitation-program-of-fy-2025-26?p_l_back_url=%2Fhi%2Fmedia%2Fpress-releases&p_l_back_url_title=%E0%A4%AA%E0%A5%8D%E0%A4%B0%E0%A5%87%E0%A4%B8+%E0%A4%AA%E0%A5%8D%E0%A4%B0%E0%A4%95%E0%A4%BE%E0%A4%B6%E0%A4%A8%E0%A5%80,URL,COMPLETED,2,False,1f18fde0-ffa1-4bb9-b179-0f05f1ebe9b7,ea438856-0c78-43d0-9914-361de3eba96c,0,0
dd298f59-5e6c-4879-9a31-b7dc484cb28e,https://www.pfrda.org.in/w/press-release-pfrda-sets-up-ascend-panel-to-bridge-global-pension-funds-with-indian-pension-funds-of-nps,URL,COMPLETED,1,False,,,0,0
7826b88b-0a61-4c3e-bc5c-c457358b30b4,https://www.pfrda.org.in/w/press-release-pfrda-sets-up-ascend-panel-to-bridge-global-pension-funds-with-indian-pension-funds-of-nps?p_l_back_url=%2Fhi%2Fmedia%2Fpress-releases&p_l_back_url_title=%E0%A4%AA%E0%A5%8D%E0%A4%B0%E0%A5%87%E0%A4%B8+%E0%A4%AA%E0%A5%8D%E0%A4%B0%E0%A4%95%E0%A4%BE%E0%A4%B6%E0%A4%A8%E0%A5%80,URL,COMPLETED,1,False,,,0,0
51b104ca-6a64-4132-b3e3-1525d3fd868d,https://www.pfrda.org.in/w/process-flow-of-registration-of-banks?p_l_back_url=%2Fforms&p_l_back_url_title=Forms,URL,COMPLETED,1,False,,,0,0
2381d06d-7322-461d-99c8-ae2d6c06f2c0,https://www.pfrda.org.in/w/process-flow-of-registration-of-banks?p_l_back_url=%2Fhi%2Fforms&p_l_back_url_title=%E0%A4%AA%E0%A5%8D%E0%A4%B0%E0%A4%AA%E0%A4%A4%E0%A5%8D%E0%A4%B0,URL,COMPLETED,2,False,70d1a933-d194-475c-a53b-f4ccd8e03ca1,,0,0
70d1a933-d194-475c-a53b-f4ccd8e03ca1,https://www.pfrda.org.in/w/process-flow-of-registration-of-banks?p_l_back_url=%2Fhi%2Fforms&p_l_back_url_title=%E0%A4%AA%E0%A5%8D%E0%A4%B0%E0%A4%AA%E0%A4%A4%E0%A5%8D%E0%A4%B0,URL,COMPLETED,1,False,,2381d06d-7322-461d-99c8-ae2d6c06f2c0,0,0
a1019b42-4e0d-483b-9f4e-c45890a4584f,https://www.pfrda.org.in/w/public-notice-regarding-m/s-rehmat-regd-delhi?p_l_back_url=%2Fhi%2Fregulatory-framework%2Forders%2Fenforcement-orders&p_l_back_url_title=%E0%A4%AA%E0%A5%8D%E0%A4%B0%E0%A4%B5%E0%A4%B0%E0%A5%8D%E0%A4%A4%E0%A4%A8+%E0%A4%86%E0%A4%A6%E0%A5%87%E0%A4%B6,URL,COMPLETED,1,False,,,0,0
7ec4b23d-36c0-4dd6-b210-a2367f28d183,https://www.pfrda.org.in/w/recruitment-of-grade-a-assistant-manager-2026-form-v-certificate-of-disability?p_l_back_url=%2Fhi%2Frecent-updates&p_l_back_url_title=Recent+Updates,URL,COMPLETED,1,False,,,0,0
bf282177-1777-4632-a29c-c01cdbfc8c01,https://www.pfrda.org.in/w/recruitment-of-grade-a-assistant-manager-2026-form-v-certificate-of-disability?p_l_back_url=%2Fweb%2Fpfrda%2Frecent-updates&p_l_back_url_title=Recent+Updates,URL,COMPLETED,1,False,,,0,0
2c502470-fa9d-43f0-881e-24a76fc6a285,https://www.pfrda.org.in/w/recruitment-of-grade-a-assistant-manager-2026-form-vi-certificate-of-disability?p_l_back_url=%2Fhi%2Frecent-updates&p_l_back_url_title=Recent+Updates,URL,COMPLETED,1,False,,,0,0
747b14e9-6ac4-4371-b060-65bf22f27db2,https://www.pfrda.org.in/w/recruitment-of-grade-a-assistant-manager-2026-form-vi-certificate-of-disability?p_l_back_url=%2Fweb%2Fpfrda%2Frecent-updates&p_l_back_url_title=Recent+Updates,URL,COMPLETED,1,False,,,0,0
621d8297-b689-43cb-9466-f53a01fc018e,https://www.pfrda.org.in/w/recruitment-of-grade-a-assistant-manager-2026-form-vii-certificate-of-disability?p_l_back_url=%2Fhi%2Frecent-updates&p_l_back_url_title=Recent+Updates,URL,COMPLETED,1,False,,,0,0
8fb257fe-f8a2-489b-9678-d5cbf79641e2,https://www.pfrda.org.in/w/recruitment-of-grade-a-assistant-manager-2026-form-vii-certificate-of-disability?p_l_back_url=%2Fweb%2Fpfrda%2Frecent-updates&p_l_back_url_title=Recent+Updates,URL,COMPLETED,1,False,,,0,0
f466905f-fc9c-4460-bbd3-d718ea02dc9a,https://www.pfrda.org.in/w/recruitment-of-grade-a-assistant-manager-2026-obc-certificate?p_l_back_url=%2Fhi%2Frecent-updates&p_l_back_url_title=Recent+Updates,URL,COMPLETED,1,False,,,0,0
8529a52c-6d28-455b-977a-752215ee6392,https://www.pfrda.org.in/w/recruitment-of-grade-a-assistant-manager-2026-obc-certificate?p_l_back_url=%2Fweb%2Fpfrda%2Frecent-updates&p_l_back_url_title=Recent+Updates,URL,COMPLETED,1,False,,,0,0
3d98199a-8175-4fd3-912e-453c93e9f176,https://www.pfrda.org.in/w/recruitment-of-grade-a-assistant-manager-2026-scribe-declaration-form?p_l_back_url=%2Fhi%2Frecent-updates&p_l_back_url_title=Recent+Updates,URL,COMPLETED,1,False,,,0,0
900e1abc-987e-411a-9245-e33243b09073,https://www.pfrda.org.in/w/recruitment-of-grade-a-assistant-manager-2026-scribe-declaration-form?p_l_back_url=%2Fweb%2Fpfrda%2Frecent-updates&p_l_back_url_title=Recent+Updates,URL,COMPLETED,1,False,,,0,0
d5130258-12a5-4f1f-96ca-c39771c8aca3,https://www.pfrda.org.in/w/recruitment-of-grade-a-assistant-manager-2026-sc-st-certificate?p_l_back_url=%2Fhi%2Frecent-updates&p_l_back_url_title=Recent+Updates,URL,COMPLETED,1,False,,,0,0
ad23be3c-3e15-44e4-b270-c6102091211c,https://www.pfrda.org.in/w/recruitment-of-grade-a-assistant-manager-2026-sc-st-certificate?p_l_back_url=%2Fweb%2Fpfrda%2Frecent-updates&p_l_back_url_title=Recent+Updates,URL,COMPLETED,1,False,,,0,0
d381c849-8972-4f70-884a-52b1e7bd98b8,https://www.pfrda.org.in/w/recruitment-of-officer-grade-a-assistant-manager-2026-ews-income-and-asset-certificate?p_l_back_url=%2Fhi%2Frecent-updates&p_l_back_url_title=Recent+Updates,URL,COMPLETED,1,False,,,0,0
6f6dfd36-4089-477c-a421-53ee483ed346,https://www.pfrda.org.in/w/recruitment-of-officer-grade-a-assistant-manager-2026-ews-income-and-asset-certificate?p_l_back_url=%2Fweb%2Fpfrda%2Frecent-updates&p_l_back_url_title=Recent+Updates,URL,COMPLETED,1,False,,,0,0
fd6a1ce9-f844-4ba2-8be2-586cc1f5dd7e,https://www.pfrda.org.in/w/regulatory-framework/circulars/active-circulars/extending-apy-to-all-cras-1?p_l_back_url=%2Fhi%2Fregulatory-framework%2Fcirculars%2Finoperative&p_l_back_url_title=%E0%A4%A8%E0%A4%BF%E0%A4%B7%E0%A5%8D%E0%A4%95%E0%A5%8D%E0%A4%B0%E0%A4%BF%E0%A4%AF,URL,COMPLETED,1,False,,,0,0
c2f5822a-d47c-45f2-a822-fb7de41db0d6,https://www.pfrda.org.in/w/regulatory-framework/circulars/active-circulars/nps-vatsalya-scheme-details?p_l_back_url=%2Fhi%2Fregulatory-framework%2Fcirculars%2Finoperative&p_l_back_url_title=%E0%A4%A8%E0%A4%BF%E0%A4%B7%E0%A5%8D%E0%A4%95%E0%A5%8D%E0%A4%B0%E0%A4%BF%E0%A4%AF,URL,COMPLETED,1,False,,,0,0
3aad974e-5e36-4da3-a4cf-922ccd1ee4b8,https://www.pfrda.org.in/w/regulatory-framework/compendium/compendium-of-pfrda-act-rules-and-regulations?p_l_back_url=%2Fhi%2Fregulatory-framework%2Fcompendium-of-pfrda-act-rules-regulations&p_l_back_url_title=%E0%A4%85%E0%A4%A7%E0%A4%BF%E0%A4%A8%E0%A4%BF%E0%A4%AF%E0%A4%AE%2C+%E0%A4%A8%E0%A4%BF%E0%A4%AF%E0%A4%AE%E0%A5%8B%E0%A4%82+%E0%A4%94%E0%A4%B0+%E0%A4%B5%E0%A4%BF%E0%A4%A8%E0%A4%BF%E0%A4%AF%E0%A4%AE%E0%A5%8B%E0%A4%82+%E0%A4%95%E0%A4%BE+%E0%A4%B8%E0%A4%82%E0%A4%97%E0%A5%8D%E0%A4%B0%E0%A4%B9,URL,COMPLETED,1,False,,,0,0
b976cddc-8aba-46b9-bade-bfdc711fcd8a,https://www.pfrda.org.in/w/regulatory-framework/exposure-draft/-exposure-draft-accessibility-guidelines-for-pfrda-regulated-intermediaries?p_l_back_url=%2Fhi%2Fregulatory-framework%2Fexposure-drafts&p_l_back_url_title=%E0%A4%AA%E0%A5%8D%E0%A4%B0%E0%A4%BE%E0%A4%B0%E0%A5%82%E0%A4%AA+%E0%A4%AE%E0%A4%B8%E0%A5%8C%E0%A4%A6%E0%A4%BE,URL,COMPLETED,3,False,49eb0dff-1ba8-4d3e-b86c-70ae9d248b15,,0,0
49eb0dff-1ba8-4d3e-b86c-70ae9d248b15,https://www.pfrda.org.in/w/regulatory-framework/exposure-draft/-exposure-draft-accessibility-guidelines-for-pfrda-regulated-intermediaries?p_l_back_url=%2Fhi%2Fregulatory-framework%2Fexposure-drafts&p_l_back_url_title=%E0%A4%AA%E0%A5%8D%E0%A4%B0%E0%A4%BE%E0%A4%B0%E0%A5%82%E0%A4%AA+%E0%A4%AE%E0%A4%B8%E0%A5%8C%E0%A4%A6%E0%A4%BE,URL,COMPLETED,2,False,e52a5f40-d041-483a-8882-0f243d11ed51,b976cddc-8aba-46b9-bade-bfdc711fcd8a,0,0
e52a5f40-d041-483a-8882-0f243d11ed51,https://www.pfrda.org.in/w/regulatory-framework/exposure-draft/-exposure-draft-accessibility-guidelines-for-pfrda-regulated-intermediaries?p_l_back_url=%2Fhi%2Fregulatory-framework%2Fexposure-drafts&p_l_back_url_title=%E0%A4%AA%E0%A5%8D%E0%A4%B0%E0%A4%BE%E0%A4%B0%E0%A5%82%E0%A4%AA+%E0%A4%AE%E0%A4%B8%E0%A5%8C%E0%A4%A6%E0%A4%BE,URL,COMPLETED,1,False,,49eb0dff-1ba8-4d3e-b86c-70ae9d248b15,0,0
973c3ad7-93fc-4de0-8639-d5851ab67525,https://www.pfrda.org.in/w/regulatory-framework/exposure-draft/-response-to-stakeholder-or-public-comments-on-the-proposed-amendments-to-pfrda-central-recordkeeping-agency-regulations-2015?p_l_back_url=%2Fhi%2Fregulatory-framework%2Fexposure-drafts&p_l_back_url_title=%E0%A4%AA%E0%A5%8D%E0%A4%B0%E0%A4%BE%E0%A4%B0%E0%A5%82%E0%A4%AA+%E0%A4%AE%E0%A4%B8%E0%A5%8C%E0%A4%A6%E0%A4%BE,URL,COMPLETED,1,False,,,0,0
7e6ea578-3884-4087-aa2a-6afdb9519eda,https://www.pfrda.org.in/w/regulatory-framework/exposure-draft/-response-to-stakeholder-or-public-comments-on-the-proposed-amendments-to-pfrda-trustee-bank-regulations-2015?p_l_back_url=%2Fhi%2Fregulatory-framework%2Fexposure-drafts&p_l_back_url_title=%E0%A4%AA%E0%A5%8D%E0%A4%B0%E0%A4%BE%E0%A4%B0%E0%A5%82%E0%A4%AA+%E0%A4%AE%E0%A4%B8%E0%A5%8C%E0%A4%A6%E0%A4%BE,URL,COMPLETED,2,False,28260947-c96a-4a09-ac22-17996e8ed65c,783e37cf-5bae-4226-aba8-f5a2fd084070,0,0
28260947-c96a-4a09-ac22-17996e8ed65c,https://www.pfrda.org.in/w/regulatory-framework/exposure-draft/-response-to-stakeholder-or-public-comments-on-the-proposed-amendments-to-pfrda-trustee-bank-regulations-2015?p_l_back_url=%2Fhi%2Fregulatory-framework%2Fexposure-drafts&p_l_back_url_title=%E0%A4%AA%E0%A5%8D%E0%A4%B0%E0%A4%BE%E0%A4%B0%E0%A5%82%E0%A4%AA+%E0%A4%AE%E0%A4%B8%E0%A5%8C%E0%A4%A6%E0%A4%BE,URL,COMPLETED,1,False,,7e6ea578-3884-4087-aa2a-6afdb9519eda,0,0
783e37cf-5bae-4226-aba8-f5a2fd084070,https://www.pfrda.org.in/w/regulatory-framework/exposure-draft/-response-to-stakeholder-or-public-comments-on-the-proposed-amendments-to-pfrda-trustee-bank-regulations-2015?p_l_back_url=%2Fhi%2Fregulatory-framework%2Fexposure-drafts&p_l_back_url_title=%E0%A4%AA%E0%A5%8D%E0%A4%B0%E0%A4%BE%E0%A4%B0%E0%A5%82%E0%A4%AA+%E0%A4%AE%E0%A4%B8%E0%A5%8C%E0%A4%A6%E0%A4%BE,URL,COMPLETED,3,False,7e6ea578-3884-4087-aa2a-6afdb9519eda,,0,0
7b3af0db-ae27-498e-b15e-b607881d088e,https://www.pfrda.org.in/w/regulatory-framework/exposure-draft/response-to-stakeholders-or-public-comments-on-pfrda-operationalisation-of-unified-pension-scheme-under-national-pension-system-regulation-2025?p_l_back_url=%2Fhi%2Fregulatory-framework%2Fexposure-drafts&p_l_back_url_title=%E0%A4%AA%E0%A5%8D%E0%A4%B0%E0%A4%BE%E0%A4%B0%E0%A5%82%E0%A4%AA+%E0%A4%AE%E0%A4%B8%E0%A5%8C%E0%A4%A6%E0%A4%BE,URL,COMPLETED,1,False,,c1b037e7-a897-45cc-a3e9-1f20bd29e47e,0,0
cb6cc781-09d6-4d45-aaef-18c53f30f38f,https://www.pfrda.org.in/w/regulatory-framework/exposure-draft/response-to-stakeholders-or-public-comments-on-pfrda-operationalisation-of-unified-pension-scheme-under-national-pension-system-regulation-2025?p_l_back_url=%2Fhi%2Fregulatory-framework%2Fexposure-drafts&p_l_back_url_title=%E0%A4%AA%E0%A5%8D%E0%A4%B0%E0%A4%BE%E0%A4%B0%E0%A5%82%E0%A4%AA+%E0%A4%AE%E0%A4%B8%E0%A5%8C%E0%A4%A6%E0%A4%BE,URL,COMPLETED,3,False,c1b037e7-a897-45cc-a3e9-1f20bd29e47e,,0,0
c1b037e7-a897-45cc-a3e9-1f20bd29e47e,https://www.pfrda.org.in/w/regulatory-framework/exposure-draft/response-to-stakeholders-or-public-comments-on-pfrda-operationalisation-of-unified-pension-scheme-under-national-pension-system-regulation-2025?p_l_back_url=%2Fhi%2Fregulatory-framework%2Fexposure-drafts&p_l_back_url_title=%E0%A4%AA%E0%A5%8D%E0%A4%B0%E0%A4%BE%E0%A4%B0%E0%A5%82%E0%A4%AA+%E0%A4%AE%E0%A4%B8%E0%A5%8C%E0%A4%A6%E0%A4%BE,URL,COMPLETED,2,False,7b3af0db-ae27-498e-b15e-b607881d088e,cb6cc781-09d6-4d45-aaef-18c53f30f38f,0,0
5fcc7aa5-5cc7-4943-b5d8-6509e0a24169,https://www.pfrda.org.in/w/regulatory-framework/exposure-draft/-response-to-the-stakeholder-or-public-comments-on-the-amendments-to-pfrda-npst-regulations-2015?p_l_back_url=%2Fhi%2Fregulatory-framework%2Fexposure-drafts&p_l_back_url_title=%E0%A4%AA%E0%A5%8D%E0%A4%B0%E0%A4%BE%E0%A4%B0%E0%A5%82%E0%A4%AA+%E0%A4%AE%E0%A4%B8%E0%A5%8C%E0%A4%A6%E0%A4%BE,URL,COMPLETED,1,False,,1ec3e213-5846-43b1-8a7b-c2e34d17a1fa,0,0
40122c34-3f06-477c-a72a-b46cc6f9aa6c,https://www.pfrda.org.in/w/regulatory-framework/exposure-draft/-response-to-the-stakeholder-or-public-comments-on-the-amendments-to-pfrda-npst-regulations-2015?p_l_back_url=%2Fhi%2Fregulatory-framework%2Fexposure-drafts&p_l_back_url_title=%E0%A4%AA%E0%A5%8D%E0%A4%B0%E0%A4%BE%E0%A4%B0%E0%A5%82%E0%A4%AA+%E0%A4%AE%E0%A4%B8%E0%A5%8C%E0%A4%A6%E0%A4%BE,URL,COMPLETED,3,False,1ec3e213-5846-43b1-8a7b-c2e34d17a1fa,,0,0
1ec3e213-5846-43b1-8a7b-c2e34d17a1fa,https://www.pfrda.org.in/w/regulatory-framework/exposure-draft/-response-to-the-stakeholder-or-public-comments-on-the-amendments-to-pfrda-npst-regulations-2015?p_l_back_url=%2Fhi%2Fregulatory-framework%2Fexposure-drafts&p_l_back_url_title=%E0%A4%AA%E0%A5%8D%E0%A4%B0%E0%A4%BE%E0%A4%B0%E0%A5%82%E0%A4%AA+%E0%A4%AE%E0%A4%B8%E0%A5%8C%E0%A4%A6%E0%A4%BE,URL,COMPLETED,2,False,5fcc7aa5-5cc7-4943-b5d8-6509e0a24169,40122c34-3f06-477c-a72a-b46cc6f9aa6c,0,0
778ac8e0-e21f-4c1e-8742-2988366c2523,https://www.pfrda.org.in/w/regulatory-framework/exposure-draft/-seeking-public-comments/feedback-on-the-draft-pfrda-unified-pension-scheme-regulation-2025?p_l_back_url=%2Fhi%2Fregulatory-framework%2Fexposure-drafts&p_l_back_url_title=%E0%A4%AA%E0%A5%8D%E0%A4%B0%E0%A4%BE%E0%A4%B0%E0%A5%82%E0%A4%AA+%E0%A4%AE%E0%A4%B8%E0%A5%8C%E0%A4%A6%E0%A4%BE,URL,COMPLETED,2,False,0efb5ef9-be2a-46dd-8c2a-638cb0dfbc30,ebf071ef-eef9-485d-b8a0-d43af166fb27,0,0
ebf071ef-eef9-485d-b8a0-d43af166fb27,https://www.pfrda.org.in/w/regulatory-framework/exposure-draft/-seeking-public-comments/feedback-on-the-draft-pfrda-unified-pension-scheme-regulation-2025?p_l_back_url=%2Fhi%2Fregulatory-framework%2Fexposure-drafts&p_l_back_url_title=%E0%A4%AA%E0%A5%8D%E0%A4%B0%E0%A4%BE%E0%A4%B0%E0%A5%82%E0%A4%AA+%E0%A4%AE%E0%A4%B8%E0%A5%8C%E0%A4%A6%E0%A4%BE,URL,COMPLETED,3,False,778ac8e0-e21f-4c1e-8742-2988366c2523,,0,0
0efb5ef9-be2a-46dd-8c2a-638cb0dfbc30,https://www.pfrda.org.in/w/regulatory-framework/exposure-draft/-seeking-public-comments/feedback-on-the-draft-pfrda-unified-pension-scheme-regulation-2025?p_l_back_url=%2Fhi%2Fregulatory-framework%2Fexposure-drafts&p_l_back_url_title=%E0%A4%AA%E0%A5%8D%E0%A4%B0%E0%A4%BE%E0%A4%B0%E0%A5%82%E0%A4%AA+%E0%A4%AE%E0%A4%B8%E0%A5%8C%E0%A4%A6%E0%A4%BE,URL,COMPLETED,1,False,,778ac8e0-e21f-4c1e-8742-2988366c2523,0,0
b0e61ff1-27ca-41de-b944-0b048d3ad8ca,https://www.pfrda.org.in/w/regulatory-framework/exposure-draft/-seeking-public-comments-or-feedback-on-proposed-changes-to-the-pfrda-cra-regulations-2015?p_l_back_url=%2Fhi%2Fregulatory-framework%2Fexposure-drafts&p_l_back_url_title=%E0%A4%AA%E0%A5%8D%E0%A4%B0%E0%A4%BE%E0%A4%B0%E0%A5%82%E0%A4%AA+%E0%A4%AE%E0%A4%B8%E0%A5%8C%E0%A4%A6%E0%A4%BE,URL,COMPLETED,1,False,,be49362f-9fed-47d4-9026-3f1ad8fe813e,0,0
03870ff7-0b58-42b8-b013-bc495b90695f,https://www.pfrda.org.in/w/regulatory-framework/exposure-draft/-seeking-public-comments-or-feedback-on-proposed-changes-to-the-pfrda-cra-regulations-2015?p_l_back_url=%2Fhi%2Fregulatory-framework%2Fexposure-drafts&p_l_back_url_title=%E0%A4%AA%E0%A5%8D%E0%A4%B0%E0%A4%BE%E0%A4%B0%E0%A5%82%E0%A4%AA+%E0%A4%AE%E0%A4%B8%E0%A5%8C%E0%A4%A6%E0%A4%BE,URL,COMPLETED,3,False,be49362f-9fed-47d4-9026-3f1ad8fe813e,,0,0
be49362f-9fed-47d4-9026-3f1ad8fe813e,https://www.pfrda.org.in/w/regulatory-framework/exposure-draft/-seeking-public-comments-or-feedback-on-proposed-changes-to-the-pfrda-cra-regulations-2015?p_l_back_url=%2Fhi%2Fregulatory-framework%2Fexposure-drafts&p_l_back_url_title=%E0%A4%AA%E0%A5%8D%E0%A4%B0%E0%A4%BE%E0%A4%B0%E0%A5%82%E0%A4%AA+%E0%A4%AE%E0%A4%B8%E0%A5%8C%E0%A4%A6%E0%A4%BE,URL,COMPLETED,2,False,b0e61ff1-27ca-41de-b944-0b048d3ad8ca,03870ff7-0b58-42b8-b013-bc495b90695f,0,0
29410fbf-171e-4f6a-9a9c-7a241ae8b97c,https://www.pfrda.org.in/w/regulatory-framework/guidelines/accessibility-standards-and-guidelines-for-creating-infrastructure-for-persons-with-disabilities-for-pfrda-regulated-intermediaries?p_l_back_url=%2Fhi%2Fregulatory-framework%2Fguidelines&p_l_back_url_title=%E0%A4%A6%E0%A4%BF%E0%A4%B6%E0%A4%BE%E0%A4%A8%E0%A4%BF%E0%A4%B0%E0%A5%8D%E0%A4%A6%E0%A5%87%E0%A4%B6,URL,COMPLETED,2,False,7433aff3-e90a-4452-b690-cc0d8792f882,3bfb7f6f-8320-4755-b4a5-216b7e57f318,0,0
7433aff3-e90a-4452-b690-cc0d8792f882,https://www.pfrda.org.in/w/regulatory-framework/guidelines/accessibility-standards-and-guidelines-for-creating-infrastructure-for-persons-with-disabilities-for-pfrda-regulated-intermediaries?p_l_back_url=%2Fhi%2Fregulatory-framework%2Fguidelines&p_l_back_url_title=%E0%A4%A6%E0%A4%BF%E0%A4%B6%E0%A4%BE%E0%A4%A8%E0%A4%BF%E0%A4%B0%E0%A5%8D%E0%A4%A6%E0%A5%87%E0%A4%B6,URL,COMPLETED,1,False,,29410fbf-171e-4f6a-9a9c-7a241ae8b97c,0,0
3bfb7f6f-8320-4755-b4a5-216b7e57f318,https://www.pfrda.org.in/w/regulatory-framework/guidelines/accessibility-standards-and-guidelines-for-creating-infrastructure-for-persons-with-disabilities-for-pfrda-regulated-intermediaries?p_l_back_url=%2Fhi%2Fregulatory-framework%2Fguidelines&p_l_back_url_title=%E0%A4%A6%E0%A4%BF%E0%A4%B6%E0%A4%BE%E0%A4%A8%E0%A4%BF%E0%A4%B0%E0%A5%8D%E0%A4%A6%E0%A5%87%E0%A4%B6,URL,COMPLETED,3,False,29410fbf-171e-4f6a-9a9c-7a241ae8b97c,,0,0
d05710b9-738d-40ac-8fc2-a07f2ba35e56,https://www.pfrda.org.in/w/regulatory-framework/guidelines/addendum-to-the-valuation-guidelines-for-securities-held-under-nps-issued-vide-circular-no.-pfrda/2019/23/reg-pf/4-dt-21-nov-2019?p_l_back_url=%2Fhi%2Fregulatory-framework%2Fguidelines&p_l_back_url_title=%E0%A4%A6%E0%A4%BF%E0%A4%B6%E0%A4%BE%E0%A4%A8%E0%A4%BF%E0%A4%B0%E0%A5%8D%E0%A4%A6%E0%A5%87%E0%A4%B6,URL,COMPLETED,1,False,,abe2fe36-ffca-4dbd-9861-1922af1adb0a,0,0
6fc28091-45e9-4833-850f-4ac2063cf440,https://www.pfrda.org.in/w/regulatory-framework/guidelines/addendum-to-the-valuation-guidelines-for-securities-held-under-nps-issued-vide-circular-no.-pfrda/2019/23/reg-pf/4-dt-21-nov-2019?p_l_back_url=%2Fhi%2Fregulatory-framework%2Fguidelines&p_l_back_url_title=%E0%A4%A6%E0%A4%BF%E0%A4%B6%E0%A4%BE%E0%A4%A8%E0%A4%BF%E0%A4%B0%E0%A5%8D%E0%A4%A6%E0%A5%87%E0%A4%B6,URL,COMPLETED,3,False,abe2fe36-ffca-4dbd-9861-1922af1adb0a,,0,0
abe2fe36-ffca-4dbd-9861-1922af1adb0a,https://www.pfrda.org.in/w/regulatory-framework/guidelines/addendum-to-the-valuation-guidelines-for-securities-held-under-nps-issued-vide-circular-no.-pfrda/2019/23/reg-pf/4-dt-21-nov-2019?p_l_back_url=%2Fhi%2Fregulatory-framework%2Fguidelines&p_l_back_url_title=%E0%A4%A6%E0%A4%BF%E0%A4%B6%E0%A4%BE%E0%A4%A8%E0%A4%BF%E0%A4%B0%E0%A5%8D%E0%A4%A6%E0%A5%87%E0%A4%B6,URL,COMPLETED,2,False,d05710b9-738d-40ac-8fc2-a07f2ba35e56,6fc28091-45e9-4833-850f-4ac2063cf440,0,0
2f1767c8-5a35-43ec-ad24-a2f30739b173,https://www.pfrda.org.in/w/regulatory-framework/guidelines/guidelines-for-operational-activities-to-be-followed-by-point-of-presence-pops-performing-activities-of-atal-pension-yojana-apy-?p_l_back_url=%2Fhi%2Fregulatory-framework%2Fguidelines&p_l_back_url_title=%E0%A4%A6%E0%A4%BF%E0%A4%B6%E0%A4%BE%E0%A4%A8%E0%A4%BF%E0%A4%B0%E0%A5%8D%E0%A4%A6%E0%A5%87%E0%A4%B6,URL,COMPLETED,1,False,,9de4cf05-bff4-40d1-b509-ca6d2f85e4b9,0,0
409baafe-5b4a-475a-9a78-769722c6aced,https://www.pfrda.org.in/w/regulatory-framework/guidelines/guidelines-for-operational-activities-to-be-followed-by-point-of-presence-pops-performing-activities-of-atal-pension-yojana-apy-?p_l_back_url=%2Fhi%2Fregulatory-framework%2Fguidelines&p_l_back_url_title=%E0%A4%A6%E0%A4%BF%E0%A4%B6%E0%A4%BE%E0%A4%A8%E0%A4%BF%E0%A4%B0%E0%A5%8D%E0%A4%A6%E0%A5%87%E0%A4%B6,URL,COMPLETED,3,False,9de4cf05-bff4-40d1-b509-ca6d2f85e4b9,,0,0
9de4cf05-bff4-40d1-b509-ca6d2f85e4b9,https://www.pfrda.org.in/w/regulatory-framework/guidelines/guidelines-for-operational-activities-to-be-followed-by-point-of-presence-pops-performing-activities-of-atal-pension-yojana-apy-?p_l_back_url=%2Fhi%2Fregulatory-framework%2Fguidelines&p_l_back_url_title=%E0%A4%A6%E0%A4%BF%E0%A4%B6%E0%A4%BE%E0%A4%A8%E0%A4%BF%E0%A4%B0%E0%A5%8D%E0%A4%A6%E0%A5%87%E0%A4%B6,URL,COMPLETED,2,False,2f1767c8-5a35-43ec-ad24-a2f30739b173,409baafe-5b4a-475a-9a78-769722c6aced,0,0
ae154959-137f-46c2-bcbc-d938743d03f1,https://www.pfrda.org.in/w/regulatory-framework/guidelines/guidelines-for-operational-activities-to-be-followed-by-point-of-presence-pops-performing-activities-of-nps-lite?p_l_back_url=%2Fhi%2Fregulatory-framework%2Fguidelines&p_l_back_url_title=%E0%A4%A6%E0%A4%BF%E0%A4%B6%E0%A4%BE%E0%A4%A8%E0%A4%BF%E0%A4%B0%E0%A5%8D%E0%A4%A6%E0%A5%87%E0%A4%B6,URL,COMPLETED,2,False,14282bdb-1062-45b7-8b70-7ee32b4cdeee,cf7c8108-ad01-4985-afa1-d13b2ef7bc68,0,0
14282bdb-1062-45b7-8b70-7ee32b4cdeee,https://www.pfrda.org.in/w/regulatory-framework/guidelines/guidelines-for-operational-activities-to-be-followed-by-point-of-presence-pops-performing-activities-of-nps-lite?p_l_back_url=%2Fhi%2Fregulatory-framework%2Fguidelines&p_l_back_url_title=%E0%A4%A6%E0%A4%BF%E0%A4%B6%E0%A4%BE%E0%A4%A8%E0%A4%BF%E0%A4%B0%E0%A5%8D%E0%A4%A6%E0%A5%87%E0%A4%B6,URL,COMPLETED,1,False,,ae154959-137f-46c2-bcbc-d938743d03f1,0,0
cf7c8108-ad01-4985-afa1-d13b2ef7bc68,https://www.pfrda.org.in/w/regulatory-framework/guidelines/guidelines-for-operational-activities-to-be-followed-by-point-of-presence-pops-performing-activities-of-nps-lite?p_l_back_url=%2Fhi%2Fregulatory-framework%2Fguidelines&p_l_back_url_title=%E0%A4%A6%E0%A4%BF%E0%A4%B6%E0%A4%BE%E0%A4%A8%E0%A4%BF%E0%A4%B0%E0%A5%8D%E0%A4%A6%E0%A5%87%E0%A4%B6,URL,COMPLETED,3,False,ae154959-137f-46c2-bcbc-d938743d03f1,,0,0
9cb37e76-9b10-4baf-b349-971044435c59,https://www.pfrda.org.in/w/regulatory-framework/guidelines/information-and-cyber-security-policy-guidelines-2024-for-intermediaries-/-regulated-entities?p_l_back_url=%2Fhi%2Fregulatory-framework%2Fguidelines&p_l_back_url_title=%E0%A4%A6%E0%A4%BF%E0%A4%B6%E0%A4%BE%E0%A4%A8%E0%A4%BF%E0%A4%B0%E0%A5%8D%E0%A4%A6%E0%A5%87%E0%A4%B6,URL,COMPLETED,2,False,16ed58fa-824f-4882-9c31-055a6754d8c9,da9c6f8d-c446-4f7d-89a1-f0262385a5d9,0,0
16ed58fa-824f-4882-9c31-055a6754d8c9,https://www.pfrda.org.in/w/regulatory-framework/guidelines/information-and-cyber-security-policy-guidelines-2024-for-intermediaries-/-regulated-entities?p_l_back_url=%2Fhi%2Fregulatory-framework%2Fguidelines&p_l_back_url_title=%E0%A4%A6%E0%A4%BF%E0%A4%B6%E0%A4%BE%E0%A4%A8%E0%A4%BF%E0%A4%B0%E0%A5%8D%E0%A4%A6%E0%A5%87%E0%A4%B6,URL,COMPLETED,1,False,,9cb37e76-9b10-4baf-b349-971044435c59,0,0
da9c6f8d-c446-4f7d-89a1-f0262385a5d9,https://www.pfrda.org.in/w/regulatory-framework/guidelines/information-and-cyber-security-policy-guidelines-2024-for-intermediaries-/-regulated-entities?p_l_back_url=%2Fhi%2Fregulatory-framework%2Fguidelines&p_l_back_url_title=%E0%A4%A6%E0%A4%BF%E0%A4%B6%E0%A4%BE%E0%A4%A8%E0%A4%BF%E0%A4%B0%E0%A5%8D%E0%A4%A6%E0%A5%87%E0%A4%B6,URL,COMPLETED,3,False,9cb37e76-9b10-4baf-b349-971044435c59,,0,0
693e948d-03e8-493f-aef1-64fc547961e4,https://www.pfrda.org.in/w/regulatory-framework/guidelines/registration-of-pension-funds-guidelines-2025?p_l_back_url=%2Fhi%2Fregulatory-framework%2Fguidelines&p_l_back_url_title=%E0%A4%A6%E0%A4%BF%E0%A4%B6%E0%A4%BE%E0%A4%A8%E0%A4%BF%E0%A4%B0%E0%A5%8D%E0%A4%A6%E0%A5%87%E0%A4%B6,URL,COMPLETED,2,False,2e59f97f-c223-4f34-a649-3b7e57c982eb,d2ea4f56-e289-466d-9551-b04f1e204c4b,0,0
2e59f97f-c223-4f34-a649-3b7e57c982eb,https://www.pfrda.org.in/w/regulatory-framework/guidelines/registration-of-pension-funds-guidelines-2025?p_l_back_url=%2Fhi%2Fregulatory-framework%2Fguidelines&p_l_back_url_title=%E0%A4%A6%E0%A4%BF%E0%A4%B6%E0%A4%BE%E0%A4%A8%E0%A4%BF%E0%A4%B0%E0%A5%8D%E0%A4%A6%E0%A5%87%E0%A4%B6,URL,COMPLETED,1,False,,693e948d-03e8-493f-aef1-64fc547961e4,0,0
d2ea4f56-e289-466d-9551-b04f1e204c4b,https://www.pfrda.org.in/w/regulatory-framework/guidelines/registration-of-pension-funds-guidelines-2025?p_l_back_url=%2Fhi%2Fregulatory-framework%2Fguidelines&p_l_back_url_title=%E0%A4%A6%E0%A4%BF%E0%A4%B6%E0%A4%BE%E0%A4%A8%E0%A4%BF%E0%A4%B0%E0%A5%8D%E0%A4%A6%E0%A5%87%E0%A4%B6,URL,COMPLETED,3,False,693e948d-03e8-493f-aef1-64fc547961e4,,0,0
f20415fe-3bf5-4df6-8580-4ff08100c1b3,https://www.pfrda.org.in/w/regulatory-framework/guidelines/registration-of-pension-funds-guidelines-2026-?p_l_back_url=%2Fhi%2Fregulatory-framework%2Fguidelines&p_l_back_url_title=%E0%A4%A6%E0%A4%BF%E0%A4%B6%E0%A4%BE%E0%A4%A8%E0%A4%BF%E0%A4%B0%E0%A5%8D%E0%A4%A6%E0%A5%87%E0%A4%B6,URL,COMPLETED,1,False,,5fe7d655-6984-4d14-9539-910af6bdfe01,0,0
5fe7d655-6984-4d14-9539-910af6bdfe01,https://www.pfrda.org.in/w/regulatory-framework/guidelines/registration-of-pension-funds-guidelines-2026-?p_l_back_url=%2Fhi%2Fregulatory-framework%2Fguidelines&p_l_back_url_title=%E0%A4%A6%E0%A4%BF%E0%A4%B6%E0%A4%BE%E0%A4%A8%E0%A4%BF%E0%A4%B0%E0%A5%8D%E0%A4%A6%E0%A5%87%E0%A4%B6,URL,COMPLETED,2,False,f20415fe-3bf5-4df6-8580-4ff08100c1b3,af352e94-4026-47b2-b1b5-540c2533b552,0,0
af352e94-4026-47b2-b1b5-540c2533b552,https://www.pfrda.org.in/w/regulatory-framework/guidelines/registration-of-pension-funds-guidelines-2026-?p_l_back_url=%2Fhi%2Fregulatory-framework%2Fguidelines&p_l_back_url_title=%E0%A4%A6%E0%A4%BF%E0%A4%B6%E0%A4%BE%E0%A4%A8%E0%A4%BF%E0%A4%B0%E0%A5%8D%E0%A4%A6%E0%A5%87%E0%A4%B6,URL,COMPLETED,3,False,5fe7d655-6984-4d14-9539-910af6bdfe01,,0,0
df5615d6-1d91-4db5-9c26-7f6c708af83f,https://www.pfrda.org.in/w/regulatory-framework/master-circulars/active-master-circulars/eapy-online-facility-to-ease-onboarding-and-seeding-of-aadhaar-for-apy-subscribers?p_l_back_url=%2Fhi%2Fregulatory-framework%2Fmaster-circulars%2Factive-master-circulars&p_l_back_url_title=%E0%A4%B8%E0%A4%95%E0%A5%8D%E0%A4%B0%E0%A4%BF%E0%A4%AF,URL,COMPLETED,1,False,,,0,0
48f55ed3-2314-4396-91d3-1d77f416e103,https://www.pfrda.org.in/w/regulatory-framework/master-circulars/active-master-circulars/master-circular-on-investment-guidelines-for-nps-tier-i-tier-ii-other-than-ups/central/state-government-default-corporate-cg-nps-lite-apy-?p_l_back_url=%2Fhi%2Fregulatory-framework%2Fmaster-circulars%2Farchived-master-circulars&p_l_back_url_title=%E0%A4%B8%E0%A4%82%E0%A4%97%E0%A5%8D%E0%A4%B0%E0%A4%B9%E0%A5%80%E0%A4%A4,URL,COMPLETED,1,False,,,0,0
91ce03cb-4fac-4b54-abe3-89b566f8ca5c,https://www.pfrda.org.in/w/regulatory-framework/master-circulars/active-master-circulars/master-circular-on-investment-guidelines-for-ups/nps/apy-schemes-central/-state-government-default-corporate-cg-nps-lite-atal-pension-yojana-and-apy-fund-scheme-1?p_l_back_url=%2Fhi%2Fregulatory-framework%2Fmaster-circulars%2Factive-master-circulars&p_l_back_url_title=%E0%A4%B8%E0%A4%95%E0%A5%8D%E0%A4%B0%E0%A4%BF%E0%A4%AF,URL,COMPLETED,1,False,,,0,0
9bec1440-2457-492a-8cc6-92105e6d8cbe,https://www.pfrda.org.in/w/regulatory-framework/master-circulars/active-master-circulars/master-circular-on-investment-guidelines-for-ups/nps/apy-schemes-central/-state-government-default-corporate-cg-nps-lite-atal-pension-yojana-and-apy-fund-scheme?p_l_back_url=%2Fhi%2Fregulatory-framework%2Fmaster-circulars%2Farchived-master-circulars&p_l_back_url_title=%E0%A4%B8%E0%A4%82%E0%A4%97%E0%A5%8D%E0%A4%B0%E0%A4%B9%E0%A5%80%E0%A4%A4,URL,COMPLETED,1,False,,,0,0
33254c20-f53d-41d5-8369-ccf179efa4e6,https://www.pfrda.org.in/w/regulatory-framework/master-circulars/active-master-circulars/partial-withdrawal-of-accumulated-pension-wealth-under-the-national-pension-system-nps-?p_l_back_url=%2Fhi%2Fregulatory-framework%2Fmaster-circulars%2Factive-master-circulars&p_l_back_url_title=%E0%A4%B8%E0%A4%95%E0%A5%8D%E0%A4%B0%E0%A4%BF%E0%A4%AF,URL,COMPLETED,1,False,,,0,0
975b4dfd-b5ee-4713-a180-75a5e44c7c2a,https://www.pfrda.org.in/w/regulatory-framework/notifications/gazette_notification-on-ups?p_l_back_url=%2Fhi%2Fregulatory-framework%2Fnotifications&p_l_back_url_title=%E0%A4%85%E0%A4%A7%E0%A4%BF%E0%A4%B8%E0%A5%82%E0%A4%9A%E0%A4%A8%E0%A4%BE%E0%A4%8F%E0%A4%81,URL,COMPLETED,1,False,,,0,0
a21641df-c90e-42ca-b35c-a4200d241eaa,https://www.pfrda.org.in/w/regulatory-framework/notifications/reconstitution-of-pension-advisory-committee-pac-1?p_l_back_url=%2Fhi%2Fregulatory-framework%2Fnotifications&p_l_back_url_title=%E0%A4%85%E0%A4%A7%E0%A4%BF%E0%A4%B8%E0%A5%82%E0%A4%9A%E0%A4%A8%E0%A4%BE%E0%A4%8F%E0%A4%81,URL,COMPLETED,1,False,,,0,0
b4d40252-15da-4273-a6dd-fe78787269ce,https://www.pfrda.org.in/w/regulatory-framework/notifications/reconstitution-of-pension-advisory-committee-pac-?p_l_back_url=%2Fhi%2Fregulatory-framework%2Fnotifications&p_l_back_url_title=%E0%A4%85%E0%A4%A7%E0%A4%BF%E0%A4%B8%E0%A5%82%E0%A4%9A%E0%A4%A8%E0%A4%BE%E0%A4%8F%E0%A4%81,URL,COMPLETED,1,False,,,0,0
f30a7531-584d-4a0f-a618-e4b28c8dfa77,https://www.pfrda.org.in/w/regulatory-framework/notifications/state-notification/andhra-pradesh-choice-of-pension-fund-and-investment-pattern-in-nps-tier-i?p_l_back_url=%2Fhi%2Fregulatory-framework%2Fnotifications&p_l_back_url_title=%E0%A4%85%E0%A4%A7%E0%A4%BF%E0%A4%B8%E0%A5%82%E0%A4%9A%E0%A4%A8%E0%A4%BE%E0%A4%8F%E0%A4%81,URL,COMPLETED,1,False,,,0,0
ce804f26-a206-4270-97d0-e2a6fb95403f,https://www.pfrda.org.in/w/regulatory-framework/notifications/state-notification/arunachal-pradesh-choice-of-pension-fund-manager-and-investment-pattern?p_l_back_url=%2Fhi%2Fregulatory-framework%2Fnotifications&p_l_back_url_title=%E0%A4%85%E0%A4%A7%E0%A4%BF%E0%A4%B8%E0%A5%82%E0%A4%9A%E0%A4%A8%E0%A4%BE%E0%A4%8F%E0%A4%81,URL,COMPLETED,1,False,,,0,0
44a34162-3a7b-4ccc-9835-29ce8f927ef7,https://www.pfrda.org.in/w/regulatory-framework/notifications/state-notification/arunachal-pradesh-extension-of-benefits-under-rule-10-of-ccs-implementation-of-nps-rules-2021?p_l_back_url=%2Fhi%2Fregulatory-framework%2Fnotifications&p_l_back_url_title=%E0%A4%85%E0%A4%A7%E0%A4%BF%E0%A4%B8%E0%A5%82%E0%A4%9A%E0%A4%A8%E0%A4%BE%E0%A4%8F%E0%A4%81,URL,COMPLETED,1,False,,,0,0
fae26ec4-57b1-4e0d-a497-2ec68f719a88,https://www.pfrda.org.in/w/regulatory-framework/notifications/state-notification/gujarat-nps-contribution-enhancement-10-to-14-?p_l_back_url=%2Fhi%2Fregulatory-framework%2Fnotifications&p_l_back_url_title=%E0%A4%85%E0%A4%A7%E0%A4%BF%E0%A4%B8%E0%A5%82%E0%A4%9A%E0%A4%A8%E0%A4%BE%E0%A4%8F%E0%A4%81,URL,COMPLETED,1,False,,,0,0
9e380a6f-3f0f-47cb-a2b9-270eebc1dd3e,https://www.pfrda.org.in/w/regulatory-framework/notifications/state-notification/gujarat-the-gujarat-civil-services-new-contributory-pension-scheme-rules-2024?p_l_back_url=%2Fhi%2Fregulatory-framework%2Fnotifications&p_l_back_url_title=%E0%A4%85%E0%A4%A7%E0%A4%BF%E0%A4%B8%E0%A5%82%E0%A4%9A%E0%A4%A8%E0%A4%BE%E0%A4%8F%E0%A4%81,URL,COMPLETED,1,False,,,0,0
87c587c5-73c3-4675-beaa-3b401c15c421,https://www.pfrda.org.in/w/regulatory-framework/notifications/the-central-civil-services-implementation-of-the-unified-pension-scheme-under-the-national-pension-system-rules-2025?p_l_back_url=%2Fhi%2Fregulatory-framework%2Fnotifications&p_l_back_url_title=%E0%A4%85%E0%A4%A7%E0%A4%BF%E0%A4%B8%E0%A5%82%E0%A4%9A%E0%A4%A8%E0%A4%BE%E0%A4%8F%E0%A4%81,URL,COMPLETED,1,False,,,0,0
4a1ff95d-2d61-4926-89db-17cc568fd620,https://www.pfrda.org.in/w/regulatory-framework/regulations/31-pension-fund-regulatory-and-development-authority-operationalisation-of-unified-pension-scheme-under-national-pension-system-regulation-2025?p_l_back_url=%2Fhi%2Fregulatory-framework%2Fregulations&p_l_back_url_title=%E0%A4%B5%E0%A4%BF%E0%A4%A8%E0%A4%BF%E0%A4%AF%E0%A4%AE,URL,COMPLETED,1,False,,fb7bf246-974a-45c9-a972-87b7c49ec76c,0,0
fb7bf246-974a-45c9-a972-87b7c49ec76c,https://www.pfrda.org.in/w/regulatory-framework/regulations/31-pension-fund-regulatory-and-development-authority-operationalisation-of-unified-pension-scheme-under-national-pension-system-regulation-2025?p_l_back_url=%2Fhi%2Fregulatory-framework%2Fregulations&p_l_back_url_title=%E0%A4%B5%E0%A4%BF%E0%A4%A8%E0%A4%BF%E0%A4%AF%E0%A4%AE,URL,COMPLETED,2,False,4a1ff95d-2d61-4926-89db-17cc568fd620,455a5120-4c7e-4b0d-9883-45ef4bd80fa1,0,0
455a5120-4c7e-4b0d-9883-45ef4bd80fa1,https://www.pfrda.org.in/w/regulatory-framework/regulations/31-pension-fund-regulatory-and-development-authority-operationalisation-of-unified-pension-scheme-under-national-pension-system-regulation-2025?p_l_back_url=%2Fhi%2Fregulatory-framework%2Fregulations&p_l_back_url_title=%E0%A4%B5%E0%A4%BF%E0%A4%A8%E0%A4%BF%E0%A4%AF%E0%A4%AE,URL,COMPLETED,3,False,fb7bf246-974a-45c9-a972-87b7c49ec76c,,0,0
d7cc4fa9-f3c7-4995-aad3-9a9defc2e812,https://www.pfrda.org.in/w/regulatory-framework/regulations/pension-fund-regulatory-and-development-authority-employees-service-amendment-regulation-2025?p_l_back_url=%2Fhi%2Fregulatory-framework%2Fregulations&p_l_back_url_title=%E0%A4%B5%E0%A4%BF%E0%A4%A8%E0%A4%BF%E0%A4%AF%E0%A4%AE,URL,COMPLETED,1,False,,9e1c75ac-7691-427c-b9d3-4e5d78eca8c8,0,0
15745c09-1525-4009-9989-ca758064f967,https://www.pfrda.org.in/w/regulatory-framework/regulations/pension-fund-regulatory-and-development-authority-employees-service-amendment-regulation-2025?p_l_back_url=%2Fhi%2Fregulatory-framework%2Fregulations&p_l_back_url_title=%E0%A4%B5%E0%A4%BF%E0%A4%A8%E0%A4%BF%E0%A4%AF%E0%A4%AE,URL,COMPLETED,3,False,9e1c75ac-7691-427c-b9d3-4e5d78eca8c8,,0,0
9e1c75ac-7691-427c-b9d3-4e5d78eca8c8,https://www.pfrda.org.in/w/regulatory-framework/regulations/pension-fund-regulatory-and-development-authority-employees-service-amendment-regulation-2025?p_l_back_url=%2Fhi%2Fregulatory-framework%2Fregulations&p_l_back_url_title=%E0%A4%B5%E0%A4%BF%E0%A4%A8%E0%A4%BF%E0%A4%AF%E0%A4%AE,URL,COMPLETED,2,False,d7cc4fa9-f3c7-4995-aad3-9a9defc2e812,15745c09-1525-4009-9989-ca758064f967,0,0
d588e52c-214e-4845-81e1-0a4637c6ce84,https://www.pfrda.org.in/w/regulatory-framework/regulations/pension-fund-regulatory-and-development-authority-employees-service-second-amendment-regulations-2025?p_l_back_url=%2Fhi%2Fregulatory-framework%2Fregulations&p_l_back_url_title=%E0%A4%B5%E0%A4%BF%E0%A4%A8%E0%A4%BF%E0%A4%AF%E0%A4%AE,URL,COMPLETED,1,False,,51c19d9d-de9a-442a-a296-da21863dfa62,0,0
51c19d9d-de9a-442a-a296-da21863dfa62,https://www.pfrda.org.in/w/regulatory-framework/regulations/pension-fund-regulatory-and-development-authority-employees-service-second-amendment-regulations-2025?p_l_back_url=%2Fhi%2Fregulatory-framework%2Fregulations&p_l_back_url_title=%E0%A4%B5%E0%A4%BF%E0%A4%A8%E0%A4%BF%E0%A4%AF%E0%A4%AE,URL,COMPLETED,2,False,d588e52c-214e-4845-81e1-0a4637c6ce84,691ad23c-5303-49ef-9dd6-7a807369354f,0,0
691ad23c-5303-49ef-9dd6-7a807369354f,https://www.pfrda.org.in/w/regulatory-framework/regulations/pension-fund-regulatory-and-development-authority-employees-service-second-amendment-regulations-2025?p_l_back_url=%2Fhi%2Fregulatory-framework%2Fregulations&p_l_back_url_title=%E0%A4%B5%E0%A4%BF%E0%A4%A8%E0%A4%BF%E0%A4%AF%E0%A4%AE,URL,COMPLETED,3,False,51c19d9d-de9a-442a-a296-da21863dfa62,,0,0
995a243f-e2d2-48ff-bbc4-9208afef9c24,https://www.pfrda.org.in/w/regulatory-framework/regulations/pension-fund-regulatory-and-development-authority-exits-and-withdrawals-under-the-national-pension-system-amendment-regulations-2025?p_l_back_url=%2Fhi%2Fregulatory-framework%2Fregulations&p_l_back_url_title=%E0%A4%B5%E0%A4%BF%E0%A4%A8%E0%A4%BF%E0%A4%AF%E0%A4%AE,URL,COMPLETED,3,False,7935ea55-09f7-47fb-9ba2-0bdd2e185665,,0,0
7935ea55-09f7-47fb-9ba2-0bdd2e185665,https://www.pfrda.org.in/w/regulatory-framework/regulations/pension-fund-regulatory-and-development-authority-exits-and-withdrawals-under-the-national-pension-system-amendment-regulations-2025?p_l_back_url=%2Fhi%2Fregulatory-framework%2Fregulations&p_l_back_url_title=%E0%A4%B5%E0%A4%BF%E0%A4%A8%E0%A4%BF%E0%A4%AF%E0%A4%AE,URL,COMPLETED,2,False,0591f7c1-c2a6-45d5-bf53-9f4ea7ce2d22,995a243f-e2d2-48ff-bbc4-9208afef9c24,0,0
0591f7c1-c2a6-45d5-bf53-9f4ea7ce2d22,https://www.pfrda.org.in/w/regulatory-framework/regulations/pension-fund-regulatory-and-development-authority-exits-and-withdrawals-under-the-national-pension-system-amendment-regulations-2025?p_l_back_url=%2Fhi%2Fregulatory-framework%2Fregulations&p_l_back_url_title=%E0%A4%B5%E0%A4%BF%E0%A4%A8%E0%A4%BF%E0%A4%AF%E0%A4%AE,URL,COMPLETED,1,False,,7935ea55-09f7-47fb-9ba2-0bdd2e185665,0,0
273dccf3-1c8e-4bb7-b534-25af3b677278,https://www.pfrda.org.in/w/regulatory-framework/regulations/pension-fund-regulatory-and-development-authority-operationalisation-of-unified-pension-scheme-under-national-pension-system-amendment-regulations-2025?p_l_back_url=%2Fhi%2Fregulatory-framework%2Fregulations&p_l_back_url_title=%E0%A4%B5%E0%A4%BF%E0%A4%A8%E0%A4%BF%E0%A4%AF%E0%A4%AE,URL,COMPLETED,1,False,,,0,0
a7f1ede8-5380-4311-b7a7-020b6571ed27,https://www.pfrda.org.in/w/regulatory-framework/rules/pension-fund-regulatory-and-development-authority-allowances-payable-to-part-time-members-rules-2014?p_l_back_url=%2Fhi%2Fregulatory-framework%2Frules&p_l_back_url_title=%E0%A4%A8%E0%A4%BF%E0%A4%AF%E0%A4%AE,URL,COMPLETED,1,False,,,0,0
866744a6-e09d-4a4d-a1f5-56ed710d58fb,https://www.pfrda.org.in/w/regulatory-framework/rules/pension-fund-regulatory-and-development-authority-form-of-annual-statement-of-accounts-and-records-rules-2015?p_l_back_url=%2Fhi%2Fregulatory-framework%2Frules&p_l_back_url_title=%E0%A4%A8%E0%A4%BF%E0%A4%AF%E0%A4%AE,URL,COMPLETED,1,False,,,0,0
c1203ff7-b7ef-484c-967d-8ee3a17bf666,https://www.pfrda.org.in/w/regulatory-framework/rules/pension-fund-regulatory-and-development-authority-procedure-for-search-and-seizure-by-authorised-officer-rules-2014?p_l_back_url=%2Fhi%2Fregulatory-framework%2Frules&p_l_back_url_title=%E0%A4%A8%E0%A4%BF%E0%A4%AF%E0%A4%AE,URL,COMPLETED,1,False,,,0,0
8da52516-d7e1-4cc0-b085-156762c8add6,https://www.pfrda.org.in/w/regulatory-framework/rules/pension-fund-regulatory-and-development-authority-reports-returns-and-statements-rules-2015?p_l_back_url=%2Fhi%2Fregulatory-framework%2Frules&p_l_back_url_title=%E0%A4%A8%E0%A4%BF%E0%A4%AF%E0%A4%AE,URL,COMPLETED,1,False,,,0,0
164a6281-727c-40fa-b04b-c620619ca86a,https://www.pfrda.org.in/w/regulatory-framework/rules/pension-fund-regulatory-and-development-authority-salary-and-allowances-payable-to-and-other-terms-and-conditions-of-service-of-chairperson-and-whole-time-members-amendment-rules-2017?p_l_back_url=%2Fhi%2Fregulatory-framework%2Frules&p_l_back_url_title=%E0%A4%A8%E0%A4%BF%E0%A4%AF%E0%A4%AE,URL,COMPLETED,1,False,,,0,0
b48a1073-3bdd-4aef-9488-957e9fc9bfe0,https://www.pfrda.org.in/w/regulatory-framework/rules/pension-fund-regulatory-and-development-authority-salary-and-allowances-payable-to-and-other-terms-and-conditions-of-service-of-chairperson-and-whole-time-members-rules-2014?p_l_back_url=%2Fhi%2Fregulatory-framework%2Frules&p_l_back_url_title=%E0%A4%A8%E0%A4%BF%E0%A4%AF%E0%A4%AE,URL,COMPLETED,1,False,,,0,0
50d07d35-ac3f-40ab-9039-23cd05cb5b47,https://www.pfrda.org.in/w/regulatory-framework/rules/pension-fund-regulatory-and-development-authority-salary-and-allowances-payable-to-and-other-terms-and-conditions-of-service-of-chairperson-and-whole-time-members-third-amendment-rules-2021?p_l_back_url=%2Fhi%2Fregulatory-framework%2Frules&p_l_back_url_title=%E0%A4%A8%E0%A4%BF%E0%A4%AF%E0%A4%AE,URL,COMPLETED,1,False,,,0,0
f5106c0a-4315-4069-bd43-f47db4c282b8,https://www.pfrda.org.in/w/regulatory-framework/rules/pfrda-salary-and-allowances-payable-to-and-other-terms-and-conditions-of-service-of-chairperson-and-whole-time-members-amendment-rules-2023.?p_l_back_url=%2Fhi%2Fregulatory-framework%2Frules&p_l_back_url_title=%E0%A4%A8%E0%A4%BF%E0%A4%AF%E0%A4%AE,URL,COMPLETED,1,False,,,0,0
b8439ce3-c8c4-4262-adbd-bd463ed67d8d,https://www.pfrda.org.in/w/request-for-empanelment-for-event-management-services?p_l_back_url=%2Fget-to-know%2Ftenders&p_l_back_url_title=Tenders,URL,COMPLETED,1,False,,,0,0
4d52d05c-ddd0-4154-9bad-8541b93ad2f5,https://www.pfrda.org.in/w/request-for-empanelment-for-event-management-services?p_l_back_url=%2Fhi%2Fget-to-know%2Ftenders&p_l_back_url_title=%E0%A4%A8%E0%A4%BF%E0%A4%B5%E0%A4%BF%E0%A4%A6%E0%A4%BE%E0%A4%93%E0%A4%82,URL,COMPLETED,1,False,,,0,0
0465f76d-c2fe-476b-a67f-d94fc45fd5dc,https://www.pfrda.org.in/w/request-for-empanelment-for-event-management-services?p_l_back_url=%2Fweb%2Fpfrda%2Fget-to-know%2Ftenders&p_l_back_url_title=Tenders,URL,COMPLETED,1,False,,,0,0
aa29325d-b012-4134-974e-a09fa02bc473,https://www.pfrda.org.in/w/request-for-proposal-for-appointment-of-media-monitoring-agency?p_l_back_url=%2Fget-to-know%2Ftenders&p_l_back_url_title=Tenders,URL,COMPLETED,1,False,,,0,0
60daa04f-40cb-4c4f-9083-d90ed5c903a6,https://www.pfrda.org.in/w/request-for-proposal-for-appointment-of-media-monitoring-agency?p_l_back_url=%2Fhi%2Fget-to-know%2Ftenders&p_l_back_url_title=%E0%A4%A8%E0%A4%BF%E0%A4%B5%E0%A4%BF%E0%A4%A6%E0%A4%BE%E0%A4%93%E0%A4%82,URL,COMPLETED,1,False,,,0,0
8bda7dff-34ca-43b3-a06d-388ac51b6462,https://www.pfrda.org.in/w/request-for-proposal-for-appointment-of-media-monitoring-agency?p_l_back_url=%2Fweb%2Fpfrda%2Fget-to-know%2Ftenders&p_l_back_url_title=Tenders,URL,COMPLETED,1,False,,,0,0
60ff8c4a-83a6-42cf-b32d-02b2c3509121,https://www.pfrda.org.in/w/request-for-proposal-rfp-for-engagement-of-training-agency-ies-for-subscriber-awareness-education-and-training-for-stakeholders-on-nps-sanchay?p_l_back_url=%2Fget-to-know%2Ftenders&p_l_back_url_title=Tenders,URL,COMPLETED,1,False,,,0,0
7db0acec-e780-49a3-b620-a3881c3f82dc,https://www.pfrda.org.in/w/request-for-proposal-rfp-for-engagement-of-training-agency-ies-for-subscriber-awareness-education-and-training-for-stakeholders-on-nps-sanchay?p_l_back_url=%2Fhi%2Fget-to-know%2Ftenders&p_l_back_url_title=%E0%A4%A8%E0%A4%BF%E0%A4%B5%E0%A4%BF%E0%A4%A6%E0%A4%BE%E0%A4%93%E0%A4%82,URL,COMPLETED,1,False,,257bf36f-4a57-4748-9fd3-008e316c59ff,0,0
257bf36f-4a57-4748-9fd3-008e316c59ff,https://www.pfrda.org.in/w/request-for-proposal-rfp-for-engagement-of-training-agency-ies-for-subscriber-awareness-education-and-training-for-stakeholders-on-nps-sanchay?p_l_back_url=%2Fhi%2Fget-to-know%2Ftenders&p_l_back_url_title=%E0%A4%A8%E0%A4%BF%E0%A4%B5%E0%A4%BF%E0%A4%A6%E0%A4%BE%E0%A4%93%E0%A4%82,URL,COMPLETED,2,False,7db0acec-e780-49a3-b620-a3881c3f82dc,,0,0
874e5b21-569b-4a2a-8b01-eb569e004f69,https://www.pfrda.org.in/w/request-for-proposal-rfp-for-engagement-of-training-agency-ies-for-subscriber-awareness-education-and-training-for-stakeholders-on-nps-sanchay?p_l_back_url=%2Fweb%2Fpfrda%2Fget-to-know%2Ftenders&p_l_back_url_title=Tenders,URL,COMPLETED,1,False,,,0,0
c75ff7f9-efb1-4aec-b616-3b6030e34079,https://www.pfrda.org.in/w/request-for-proposal-rfp-for-engagement-of-training-agency-ies-for-subscriber-awareness-education-and-training-for-stakeholders-on-nps-sanchay?p_l_back_url=%2Fweb%2Fpfrda%2Frecent-updates&p_l_back_url_title=Recent+Updates,URL,COMPLETED,1,False,,,0,0
a0b8c35b-9590-4984-8c1b-62338a912713,https://www.pfrda.org.in/w/research-publications/annual-reports/annual-report-2018-19-?p_l_back_url=%2Fhi%2Fresearch-publications%2Fannual-reports&p_l_back_url_title=%E0%A4%B5%E0%A4%BE%E0%A4%B0%E0%A5%8D%E0%A4%B7%E0%A4%BF%E0%A4%95+%E0%A4%B0%E0%A4%BF%E0%A4%AA%E0%A5%8B%E0%A4%B0%E0%A5%8D%E0%A4%9F,URL,COMPLETED,1,False,,,0,0
4bd5e985-5c80-41e4-ab64-18a5ec54d7dd,https://www.pfrda.org.in/w/research-publications/annual-reports/annual-report-2019-20-?p_l_back_url=%2Fhi%2Fresearch-publications%2Fannual-reports&p_l_back_url_title=%E0%A4%B5%E0%A4%BE%E0%A4%B0%E0%A5%8D%E0%A4%B7%E0%A4%BF%E0%A4%95+%E0%A4%B0%E0%A4%BF%E0%A4%AA%E0%A5%8B%E0%A4%B0%E0%A5%8D%E0%A4%9F,URL,COMPLETED,1,False,,,0,0
ba9cb86a-babc-4f9d-a622-4f7f2972ee8f,https://www.pfrda.org.in/w/research-publications/annual-reports/annual-report-2020-21?p_l_back_url=%2Fhi%2Fresearch-publications%2Fannual-reports&p_l_back_url_title=%E0%A4%B5%E0%A4%BE%E0%A4%B0%E0%A5%8D%E0%A4%B7%E0%A4%BF%E0%A4%95+%E0%A4%B0%E0%A4%BF%E0%A4%AA%E0%A5%8B%E0%A4%B0%E0%A5%8D%E0%A4%9F,URL,COMPLETED,1,False,,,0,0
c4fb2735-5bd1-4dd0-ae88-376d9520ff59,https://www.pfrda.org.in/w/research-publications/annual-reports/annual-report-2021-22-?p_l_back_url=%2Fhi%2Fresearch-publications%2Fannual-reports&p_l_back_url_title=%E0%A4%B5%E0%A4%BE%E0%A4%B0%E0%A5%8D%E0%A4%B7%E0%A4%BF%E0%A4%95+%E0%A4%B0%E0%A4%BF%E0%A4%AA%E0%A5%8B%E0%A4%B0%E0%A5%8D%E0%A4%9F,URL,COMPLETED,1,False,,,0,0
67940564-1039-479c-8b70-f3951be4150b,https://www.pfrda.org.in/w/research-publications/annual-reports/annual-report-2022-23-?p_l_back_url=%2Fhi%2Fresearch-publications%2Fannual-reports&p_l_back_url_title=%E0%A4%B5%E0%A4%BE%E0%A4%B0%E0%A5%8D%E0%A4%B7%E0%A4%BF%E0%A4%95+%E0%A4%B0%E0%A4%BF%E0%A4%AA%E0%A5%8B%E0%A4%B0%E0%A5%8D%E0%A4%9F,URL,COMPLETED,1,False,,,0,0
e68c769c-e043-42d4-ba3b-99756f5eea19,https://www.pfrda.org.in/w/research-publications/newsletters/apy-e-newsletter-december-2022?p_l_back_url=%2Fhi%2Fresearch-publications%2Fnewsletters&p_l_back_url_title=%E0%A4%B8%E0%A4%AE%E0%A4%BE%E0%A4%9A%E0%A4%BE%E0%A4%B0+%E0%A4%AA%E0%A4%A4%E0%A5%8D%E0%A4%B0%E0%A4%BF%E0%A4%95%E0%A4%BE,URL,COMPLETED,1,False,,,0,0
6144f1d1-6e08-42ec-acc6-153745b75047,https://www.pfrda.org.in/w/research-publications/newsletters/apy-e-newsletter-february-2023?p_l_back_url=%2Fhi%2Fresearch-publications%2Fnewsletters&p_l_back_url_title=%E0%A4%B8%E0%A4%AE%E0%A4%BE%E0%A4%9A%E0%A4%BE%E0%A4%B0+%E0%A4%AA%E0%A4%A4%E0%A5%8D%E0%A4%B0%E0%A4%BF%E0%A4%95%E0%A4%BE,URL,COMPLETED,1,False,,,0,0
52cba061-9903-4cbe-9e32-7c8f65d6aafd,https://www.pfrda.org.in/w/research-publications/newsletters/apy-e-newsletter-january-2023?p_l_back_url=%2Fhi%2Fresearch-publications%2Fnewsletters&p_l_back_url_title=%E0%A4%B8%E0%A4%AE%E0%A4%BE%E0%A4%9A%E0%A4%BE%E0%A4%B0+%E0%A4%AA%E0%A4%A4%E0%A5%8D%E0%A4%B0%E0%A4%BF%E0%A4%95%E0%A4%BE,URL,COMPLETED,1,False,,,0,0
98d42425-a2c2-47ec-a94d-230910a774bc,https://www.pfrda.org.in/w/research-publications/newsletters/apy-e-newsletter-july-2022?p_l_back_url=%2Fhi%2Fresearch-publications%2Fnewsletters&p_l_back_url_title=%E0%A4%B8%E0%A4%AE%E0%A4%BE%E0%A4%9A%E0%A4%BE%E0%A4%B0+%E0%A4%AA%E0%A4%A4%E0%A5%8D%E0%A4%B0%E0%A4%BF%E0%A4%95%E0%A4%BE,URL,COMPLETED,1,False,,,0,0
382c08f3-c4dd-4b47-b5c1-e57a88da66ed,https://www.pfrda.org.in/w/research-publications/newsletters/apy-e-newsletter-july-2023?p_l_back_url=%2Fhi%2Fresearch-publications%2Fnewsletters&p_l_back_url_title=%E0%A4%B8%E0%A4%AE%E0%A4%BE%E0%A4%9A%E0%A4%BE%E0%A4%B0+%E0%A4%AA%E0%A4%A4%E0%A5%8D%E0%A4%B0%E0%A4%BF%E0%A4%95%E0%A4%BE,URL,COMPLETED,1,False,,,0,0
ffaf81a9-a06e-493f-b2fb-7dbdb836a896,https://www.pfrda.org.in/w/research-publications/newsletters/apy-e-newsletter-march-2023?p_l_back_url=%2Fhi%2Fresearch-publications%2Fnewsletters&p_l_back_url_title=%E0%A4%B8%E0%A4%AE%E0%A4%BE%E0%A4%9A%E0%A4%BE%E0%A4%B0+%E0%A4%AA%E0%A4%A4%E0%A5%8D%E0%A4%B0%E0%A4%BF%E0%A4%95%E0%A4%BE,URL,COMPLETED,1,False,,,0,0
3b20a741-bb9b-408d-83b6-6d2c324e8da3,https://www.pfrda.org.in/w/research-publications/newsletters/apy-e-newsletter-november-2022?p_l_back_url=%2Fhi%2Fresearch-publications%2Fnewsletters&p_l_back_url_title=%E0%A4%B8%E0%A4%AE%E0%A4%BE%E0%A4%9A%E0%A4%BE%E0%A4%B0+%E0%A4%AA%E0%A4%A4%E0%A5%8D%E0%A4%B0%E0%A4%BF%E0%A4%95%E0%A4%BE,URL,COMPLETED,1,False,,,0,0
66ebbea3-a3d9-423b-aad7-172b92e00f3e,https://www.pfrda.org.in/w/research-publications/newsletters/apy-e-newsletter-october-2022?p_l_back_url=%2Fhi%2Fresearch-publications%2Fnewsletters&p_l_back_url_title=%E0%A4%B8%E0%A4%AE%E0%A4%BE%E0%A4%9A%E0%A4%BE%E0%A4%B0+%E0%A4%AA%E0%A4%A4%E0%A5%8D%E0%A4%B0%E0%A4%BF%E0%A4%95%E0%A4%BE,URL,COMPLETED,1,False,,,0,0
7758aac3-cf29-48fa-9507-441985680dd7,https://www.pfrda.org.in/w/research-publications/newsletters/apy-e-newsletter-september-2022?p_l_back_url=%2Fhi%2Fresearch-publications%2Fnewsletters&p_l_back_url_title=%E0%A4%B8%E0%A4%AE%E0%A4%BE%E0%A4%9A%E0%A4%BE%E0%A4%B0+%E0%A4%AA%E0%A4%A4%E0%A5%8D%E0%A4%B0%E0%A4%BF%E0%A4%95%E0%A4%BE,URL,COMPLETED,1,False,,,0,0
c6c3ec71-8389-4155-9ef4-ed682b64fb0e,https://www.pfrda.org.in/w/research-publications/working-papers/pension-for-the-common-person-progress-of-atal-pension-yojana?p_l_back_url=%2Fhi%2Fresearch-publications%2Fworking-papers&p_l_back_url_title=%E0%A4%95%E0%A4%BE%E0%A4%B0%E0%A5%8D%E0%A4%AF+-+%E0%A4%AA%E0%A4%A4%E0%A5%8D%E0%A4%B0,URL,COMPLETED,1,False,,,0,0
d01d1c62-12d3-4b90-b325-b41780a9b241,https://www.pfrda.org.in/w/research-publications/working-papers/perspectives-on-the-pension-sector-in-india?p_l_back_url=%2Fhi%2Fresearch-publications%2Fworking-papers&p_l_back_url_title=%E0%A4%95%E0%A4%BE%E0%A4%B0%E0%A5%8D%E0%A4%AF+-+%E0%A4%AA%E0%A4%A4%E0%A5%8D%E0%A4%B0,URL,COMPLETED,1,False,,,0,0
1b6eef28-68ce-4d3b-a6ec-b9887fa69adc,https://www.pfrda.org.in/w/reservation-roster-2024?p_l_back_url=%2Fhi%2Fabout-us%2Forganization%2Freservation-roster&p_l_back_url_title=%E0%A4%86%E0%A4%B0%E0%A4%95%E0%A5%8D%E0%A4%B7%E0%A4%A3+%E0%A4%B0%E0%A5%8B%E0%A4%B8%E0%A5%8D%E0%A4%9F%E0%A4%B0,URL,COMPLETED,1,False,,,0,0
7eb9b507-65e3-4641-bf36-7decde845dd9,https://www.pfrda.org.in/w/reservation-roster-2025?p_l_back_url=%2Fhi%2Fabout-us%2Forganization%2Freservation-roster&p_l_back_url_title=%E0%A4%86%E0%A4%B0%E0%A4%95%E0%A5%8D%E0%A4%B7%E0%A4%A3+%E0%A4%B0%E0%A5%8B%E0%A4%B8%E0%A5%8D%E0%A4%9F%E0%A4%B0,URL,COMPLETED,1,False,,,0,0
a6447d53-f137-4d09-bcd2-91b2e34e96fa,https://www.pfrda.org.in/w/response-to-stakeholders-exposure-draft-on-amendments-to-pfrda-exits-and-withdrawals-under-the-national-pension-system-regulations-2015?p_l_back_url=%2Fhi%2Fregulatory-framework%2Fexposure-drafts&p_l_back_url_title=%E0%A4%AA%E0%A5%8D%E0%A4%B0%E0%A4%BE%E0%A4%B0%E0%A5%82%E0%A4%AA+%E0%A4%AE%E0%A4%B8%E0%A5%8C%E0%A4%A6%E0%A4%BE,URL,COMPLETED,1,False,,,0,0
e87e73ad-5476-4fa9-89d9-c09e73263e0c,https://www.pfrda.org.in/w/securities-lending-and-borrowing-slb-?p_l_back_url=%2Fhi%2Fregulatory-framework%2Freports&p_l_back_url_title=%E0%A4%B8%E0%A4%B2%E0%A4%BE%E0%A4%B9%E0%A4%95%E0%A4%BE%E0%A4%B0+%E0%A4%B8%E0%A4%AE%E0%A4%BF%E0%A4%A4%E0%A4%BF+%E0%A4%95%E0%A5%80+%E0%A4%B0%E0%A4%BF%E0%A4%AA%E0%A5%8B%E0%A4%B0%E0%A5%8D%E0%A4%9F,URL,COMPLETED,1,False,,,0,0
647bc5d1-57d9-44bd-aef4-704ba24a5392,https://www.pfrda.org.in/w/shri-s.-ramann-chairman-pfrda-%7C-consultation-paper-on-enhancing-the-national-pension-system-proposals-for-flexible-assured-and-predictable-pension-schemes-?p_l_back_url=%2Fhi%2Fmedia%2Fchairperson-s-speeches&p_l_back_url_title=%E0%A4%85%E0%A4%A7%E0%A5%8D%E0%A4%AF%E0%A4%95%E0%A5%8D%E0%A4%B7+%E0%A4%95%E0%A5%87+%E0%A4%AD%E0%A4%BE%E0%A4%B7%E0%A4%A3,URL,COMPLETED,1,False,,,0,0
05bf24b7-bd6c-4c66-820c-3e495f3f0338,https://www.pfrda.org.in/w/shri-s-ramann-chairperson-s-address-during-nps-diwas-conference-2025?p_l_back_url=%2Fhi%2Fmedia%2Fchairperson-s-speeches&p_l_back_url_title=%E0%A4%85%E0%A4%A7%E0%A5%8D%E0%A4%AF%E0%A4%95%E0%A5%8D%E0%A4%B7+%E0%A4%95%E0%A5%87+%E0%A4%AD%E0%A4%BE%E0%A4%B7%E0%A4%A3,URL,COMPLETED,1,False,,,0,0
127fbead-e983-4b2e-b73f-56ff9b0ab7a6,https://www.pfrda.org.in/w/socio-economic-characteristics-of-nps-subscribers-all-citizen-model-?p_l_back_url=%2Fhi%2Fregulatory-framework%2Freports&p_l_back_url_title=%E0%A4%B8%E0%A4%B2%E0%A4%BE%E0%A4%B9%E0%A4%95%E0%A4%BE%E0%A4%B0+%E0%A4%B8%E0%A4%AE%E0%A4%BF%E0%A4%A4%E0%A4%BF+%E0%A4%95%E0%A5%80+%E0%A4%B0%E0%A4%BF%E0%A4%AA%E0%A5%8B%E0%A4%B0%E0%A5%8D%E0%A4%9F,URL,COMPLETED,1,False,,,0,0
527d5f21-0e64-479e-bb31-27d2bf225de5,https://www.pfrda.org.in/w/s-ramann-chairman-pfrda-on-pension-reforms-retirement-readiness-%7C-wealth-wizards-money-maestros?p_l_back_url=%2Fhi%2Fmedia%2Fchairperson-s-speeches&p_l_back_url_title=%E0%A4%85%E0%A4%A7%E0%A5%8D%E0%A4%AF%E0%A4%95%E0%A5%8D%E0%A4%B7+%E0%A4%95%E0%A5%87+%E0%A4%AD%E0%A4%BE%E0%A4%B7%E0%A4%A3,URL,COMPLETED,1,False,,,0,0
c19faf2d-a69d-44d8-9c9e-10b1ac11eb1a,https://www.pfrda.org.in/w/subscriber-information-brochure-for-govt-subscribers-part-a?p_l_back_url=%2Fforms&p_l_back_url_title=Forms,URL,COMPLETED,1,False,,,0,0
af91fafa-547e-46f7-94c1-9e49e6758a21,https://www.pfrda.org.in/w/subscriber-information-brochure-for-govt-subscribers-part-a?p_l_back_url=%2Fhi%2Fforms&p_l_back_url_title=%E0%A4%AA%E0%A5%8D%E0%A4%B0%E0%A4%AA%E0%A4%A4%E0%A5%8D%E0%A4%B0,URL,COMPLETED,2,False,abdbae75-eb82-48c6-bfd5-f94472d637e7,,0,0
abdbae75-eb82-48c6-bfd5-f94472d637e7,https://www.pfrda.org.in/w/subscriber-information-brochure-for-govt-subscribers-part-a?p_l_back_url=%2Fhi%2Fforms&p_l_back_url_title=%E0%A4%AA%E0%A5%8D%E0%A4%B0%E0%A4%AA%E0%A4%A4%E0%A5%8D%E0%A4%B0,URL,COMPLETED,1,False,,af91fafa-547e-46f7-94c1-9e49e6758a21,0,0
de1d8143-3767-4ca7-b4d6-e386bb7b841c,https://www.pfrda.org.in/w/subscriber-information-brochure-for-govt.-subscribers-part-b-?p_l_back_url=%2Fforms&p_l_back_url_title=Forms,URL,COMPLETED,1,False,,,0,0
351d3a4f-c35b-4646-adf7-f387537ce9c4,https://www.pfrda.org.in/w/subscriber-information-brochure-for-govt.-subscribers-part-b-?p_l_back_url=%2Fhi%2Fforms&p_l_back_url_title=%E0%A4%AA%E0%A5%8D%E0%A4%B0%E0%A4%AA%E0%A4%A4%E0%A5%8D%E0%A4%B0,URL,COMPLETED,2,False,ad7090fa-7622-4bb1-92b5-bf71c2171fca,,0,0
ad7090fa-7622-4bb1-92b5-bf71c2171fca,https://www.pfrda.org.in/w/subscriber-information-brochure-for-govt.-subscribers-part-b-?p_l_back_url=%2Fhi%2Fforms&p_l_back_url_title=%E0%A4%AA%E0%A5%8D%E0%A4%B0%E0%A4%AA%E0%A4%A4%E0%A5%8D%E0%A4%B0,URL,COMPLETED,1,False,,351d3a4f-c35b-4646-adf7-f387537ce9c4,0,0
0b935469-43b3-4376-8690-9a4344b0f0b6,https://www.pfrda.org.in/w/surrender-of-certificate-of-registration-cor-issued-to-pop-sub-entity-pop-se-under-pfrda-point-of-presence-regulations-2018-and-amendments-thereof?p_l_back_url=%2Fhi%2Fregulatory-framework%2Fcirculars%2Finoperative&p_l_back_url_title=%E0%A4%A8%E0%A4%BF%E0%A4%B7%E0%A5%8D%E0%A4%95%E0%A5%8D%E0%A4%B0%E0%A4%BF%E0%A4%AF,URL,COMPLETED,1,False,,,0,0
afd81d53-8e42-4b3f-a5d0-7c202c3f0f02,https://www.pfrda.org.in/w/tender-document-hindi-request-for-proposal-rfp-for-engagement-of-training-agency-ies-for-subscriber-awareness-education-and-training-for-stakeholders-on-nps-sanchay,URL,COMPLETED,1,False,,,0,0
5d324a93-0ec8-4c90-a202-2152008d00d9,https://www.pfrda.org.in/w/tender-document-hindi-request-for-proposal-rfp-for-engagement-of-training-agency-ies-for-subscriber-awareness-education-and-training-for-stakeholders-on-nps-sanchay?p_l_back_url=%2Fweb%2Fpfrda%2Frecent-updates&p_l_back_url_title=Recent+Updates,URL,COMPLETED,1,False,,,0,0
3d2156cc-9c3f-4aab-aa65-49193f214349,https://www.pfrda.org.in/w/tender-document-inviting-bids-from-irdai-registered-insurance-companies-for-providing-group-personal-accident-gpa-policy-for-officers/staff-members-of-the-pension-fund-regulatory-and-development-authority-reg.-1?p_l_back_url=%2Fget-to-know%2Ftenders&p_l_back_url_title=Tenders,URL,COMPLETED,1,False,,,0,0
b7cc8c10-f75d-4156-baba-0ba503db9742,https://www.pfrda.org.in/w/tender-document-inviting-bids-from-irdai-registered-insurance-companies-for-providing-group-personal-accident-gpa-policy-for-officers/staff-members-of-the-pension-fund-regulatory-and-development-authority-reg.-1?p_l_back_url=%2Fhi%2Fget-to-know%2Ftenders&p_l_back_url_title=%E0%A4%A8%E0%A4%BF%E0%A4%B5%E0%A4%BF%E0%A4%A6%E0%A4%BE%E0%A4%93%E0%A4%82,URL,COMPLETED,1,False,,,0,0
9ab39358-6b83-43a7-ab19-0679059476e8,https://www.pfrda.org.in/w/tender-document-inviting-bids-from-irdai-registered-insurance-companies-for-providing-group-personal-accident-gpa-policy-for-officers/staff-members-of-the-pension-fund-regulatory-and-development-authority-reg.-1?p_l_back_url=%2Fweb%2Fpfrda%2Fget-to-know%2Ftenders&p_l_back_url_title=Tenders,URL,COMPLETED,1,False,,,0,0
b95e56e9-625c-4de3-8d8d-4ad115d42381,https://www.pfrda.org.in/w/tender-document-request-for-proposal-rfp-for-engagement-of-training-agency-ies-for-subscriber-awareness-education-and-training-for-stakeholders-on-nps-sanchay,URL,COMPLETED,1,False,,,0,0
5d723826-e9d4-4188-928b-2630da568385,https://www.pfrda.org.in/w/tender-document-request-for-proposal-rfp-for-engagement-of-training-agency-ies-for-subscriber-awareness-education-and-training-for-stakeholders-on-nps-sanchay-copy-2-,URL,COMPLETED,1,False,,,0,0
0774fdd0-b926-4290-b5ad-b0d5a320e97f,https://www.pfrda.org.in/w/tender-document-request-for-proposal-rfp-for-engagement-of-training-agency-ies-for-subscriber-awareness-education-and-training-for-stakeholders-on-nps-sanchay-copy-2-?p_l_back_url=%2Fweb%2Fpfrda%2Frecent-updates&p_l_back_url_title=Recent+Updates,URL,COMPLETED,1,False,,,0,0
444b9458-22ab-4fe4-bfb2-b43d93c7eb28,https://www.pfrda.org.in/w/tender-document-request-for-proposal-rfp-for-engagement-of-training-agency-ies-for-subscriber-awareness-education-and-training-for-stakeholders-on-nps-sanchay?p_l_back_url=%2Fweb%2Fpfrda%2Frecent-updates&p_l_back_url_title=Recent+Updates,URL,COMPLETED,1,False,,,0,0
addddd6b-2e4d-4e36-8b7f-72a335c5ab42,https://www.pfrda.org.in/w/tender-document-_sitc_network_equipment_mumbai_office,URL,COMPLETED,1,False,,,0,0
1a9a49cc-281b-43dd-baa4-0e44006890bc,https://www.pfrda.org.in/w/ups-training-material-copy-,URL,COMPLETED,1,False,,,0,0
d724195a-a427-4e4f-9846-6b95d4e05f89,https://www.pfrda.org.in/w/welcome-address-by-shri-s.-ramann-chairperson-pfrda-at-the-inauguration-of-the-nps-diwas-conference-on-inclusive-pensions-innovative-solutions-strengthening-retirement-security-in-india-on-01-october-2025-at-new-delhi?p_l_back_url=%2Fhi%2Fmedia%2Fchairperson-s-speeches&p_l_back_url_title=%E0%A4%85%E0%A4%A7%E0%A5%8D%E0%A4%AF%E0%A4%95%E0%A5%8D%E0%A4%B7+%E0%A4%95%E0%A5%87+%E0%A4%AD%E0%A4%BE%E0%A4%B7%E0%A4%A3,URL,COMPLETED,1,False,,,0,0
4bb1fcd0-2e6d-4e1e-aec6-28c13213f32a,http://www.pfrda.org.in/MyAuth/Admin/showimg.cshtml?ID=1527,URL,COMPLETED,1,False,,,0,0
2559a398-c429-4da8-a03c-d92dffb18a87,sms:56677,URL,ERROR,5,False,a01b4ba9-8978-4cbb-9db5-676db2fb34c2,,0,0
2afac0fe-4806-4096-961f-ac2d60ae1fe0,sms:56677,URL,ERROR,1,False,,,0,0
e73148e1-afeb-4d8f-bb8c-6ed1c90581d2,sms:56677,URL,ERROR,6,False,2559a398-c429-4da8-a03c-d92dffb18a87,,0,0
653445b7-d54c-4bb5-8e05-90f30e394fc1,sms:56677,URL,ERROR,8,False,f1d71984-930b-428d-8451-b4577a2149cd,,0,0
a01b4ba9-8978-4cbb-9db5-676db2fb34c2,sms:56677,URL,ERROR,4,False,f0c214a6-db29-48c0-8405-6ea9e092cb37,,0,0
132a5e8c-6646-4893-a95b-a3bf7e12d149,sms:56677,URL,ERROR,2,False,2afac0fe-4806-4096-961f-ac2d60ae1fe0,,0,0
f0c214a6-db29-48c0-8405-6ea9e092cb37,sms:56677,URL,ERROR,3,False,132a5e8c-6646-4893-a95b-a3bf7e12d149,,0,0
f1d71984-930b-428d-8451-b4577a2149cd,sms:56677,URL,ERROR,7,False,e73148e1-afeb-4d8f-bb8c-6ed1c90581d2,,0,0
2eb8874f-5cac-4c2b-8509-52a0210bd807,02-FAQs-Ombudsman-under-APY.pdf,DOCUMENT,COMPLETED,1,False,,,0,0
7e5d7fd8-5fcf-41bd-aae5-d034abb0c1c5,02-FAQs-Ombudsman-under-APY.pdf,DOCUMENT,COMPLETED,1,False,,,0,0
c4d9b9d6-bc3a-4d9c-ba7d-71a1f38046d7,03-Revised-FAQs-for-Central-Government-Sector-CG-and-Central-Autonomous-Bodies-CABs.pdf,DOCUMENT,COMPLETED,1,False,,,0,0
f5f60242-8ce7-445d-b0c6-1773ca7d606a,03-Revised-FAQs-for-Central-Government-Sector-CG-and-Central-Autonomous-Bodies-CABs.pdf,DOCUMENT,COMPLETED,1,False,,,0,0
ae5bb01f-c7d0-4437-be45-d29166a88ce5,04-Revised-FAQs-for-for-State-Government-Sector-SG-and-State-Autonomous-Bodies-SABs.pdf,DOCUMENT,COMPLETED,1,False,,,0,0
18e7908c-bf18-4169-9102-2b252d892de3,04-Revised-FAQs-for-for-State-Government-Sector-SG-and-State-Autonomous-Bodies-SABs.pdf,DOCUMENT,COMPLETED,1,False,,,0,0
c115e718-6d93-4b5a-b00e-310c2a31dc70,06-FAQs-for-Exit-from-National-Pension-System-by-citizens-including-corporate-sector-subscribers.pdf,DOCUMENT,COMPLETED,1,False,,,0,0
238996e8-0794-486e-9f68-babccd70c09e,06-FAQs-for-Exit-from-National-Pension-System-by-citizens-including-corporate-sector-subscribers.pdf,DOCUMENT,COMPLETED,1,False,,,0,0
7d3cb6fa-67a3-4c2c-bf6c-4acda341da6b,07-Corp-FAQ.pdf,DOCUMENT,COMPLETED,1,False,,,0,0
55fc187b-b96c-4043-9a9e-a7467675e026,07-Corp-FAQ.pdf,DOCUMENT,COMPLETED,1,False,,,0,0
db79d9e7-b1b5-41a3-98ef-ab08e50978a2,08-FAQs-for-Exit-from-National-Pension-System-by-citizens-including-corporate-sector-subscribers-0.pdf,DOCUMENT,COMPLETED,1,False,,,0,0
9ea52539-d20d-472d-aba8-d01712d8093a,08-FAQs-for-Exit-from-National-Pension-System-by-citizens-including-corporate-sector-subscribers-0.pdf,DOCUMENT,COMPLETED,1,False,,,0,0
2f1e7135-6375-4d26-894c-b321a3de2109,09-Swav-FAQ.pdf,DOCUMENT,COMPLETED,1,False,,,0,0
18058e98-95cb-4466-9234-f61a7e0ae2cd,09-Swav-FAQ.pdf,DOCUMENT,COMPLETED,1,False,,,0,0
d306823f-d3d6-4047-afb0-e3d564454556,10-FAQs-for-Exit-from-National-Pension-System-by-NPS-Lite-and-Swavalamban-subscribers.pdf,DOCUMENT,COMPLETED,1,False,,,0,0
4a3a9299-a8fb-4124-b645-e88ce01e54e4,10-FAQs-for-Exit-from-National-Pension-System-by-NPS-Lite-and-Swavalamban-subscribers.pdf,DOCUMENT,COMPLETED,1,False,,,0,0
332f4790-4cbb-449a-8b59-fabf0f20990b,11-Exit-FAQs-NPS-Lite.pdf,DOCUMENT,COMPLETED,1,False,,,0,0
71f6ef00-49e9-4c59-87f7-d0387dd7d714,11-Exit-FAQs-NPS-Lite.pdf,DOCUMENT,COMPLETED,1,False,,,0,0
4e2ca083-26ea-4c13-944f-5c052b61c273,12-Hindi-Exit-FAQs-NPS-Lite.pdf,DOCUMENT,COMPLETED,1,False,,,0,0
de298e90-93af-460f-8301-137cd355bd1e,12-Hindi-Exit-FAQs-NPS-Lite.pdf,DOCUMENT,COMPLETED,1,False,,,0,0
9c83ff7f-916e-4ff3-adad-4d95d3b772da,20-Exit-FAQs-CG-CAB.pdf,DOCUMENT,COMPLETED,1,False,,,0,0
1bc81c5f-fe53-4e6e-9ac9-13337819d6b1,20-Exit-FAQs-CG-CAB.pdf,DOCUMENT,COMPLETED,1,False,,,0,0
a3e2565a-c390-4dfe-83c5-f3aea400821e,21-Exit-FAQs-SG-SAB.pdf,DOCUMENT,COMPLETED,1,False,,,0,0
a75f29ec-48e3-49f0-aae3-d419248813ab,21-Exit-FAQs-SG-SAB.pdf,DOCUMENT,COMPLETED,1,False,,,0,0
0cec0a5e-08a1-4c92-a93e-733fa330dda4,23-Exit-FAQs-Corporate.pdf,DOCUMENT,COMPLETED,1,False,,,0,0
4649e11e-e5f8-4020-b5f5-4b396f396cd6,23-Exit-FAQs-Corporate.pdf,DOCUMENT,COMPLETED,1,False,,,0,0
a5f8ad67-571b-44b4-aa56-0f7254e697c9,24-Hindi-Exit-FAQs-CG-CAB.pdf,DOCUMENT,COMPLETED,1,False,,,0,0
43171871-7d48-4d64-9ed2-2550fbd3b3a4,24-Hindi-Exit-FAQs-CG-CAB.pdf,DOCUMENT,COMPLETED,1,False,,,0,0
f047dd4c-d7b5-4cd2-b94a-429843e9ba15,25-Hindi-Exit-FAQs-SG-SAB.pdf,DOCUMENT,COMPLETED,1,False,,,0,0
845cf8bb-238d-48f4-9c83-76417580d835,25-Hindi-Exit-FAQs-SG-SAB.pdf,DOCUMENT,COMPLETED,1,False,,,0,0
d0fee6d6-3b09-45b8-bdc9-5b74ed0743bc,26-Hindi-Exit-FAQs-All-Citizen-Model.pdf,DOCUMENT,COMPLETED,1,False,,,0,0
0acf7fa9-3127-4ca6-91a6-f44119d8c17a,26-Hindi-Exit-FAQs-All-Citizen-Model.pdf,DOCUMENT,COMPLETED,1,False,,,0,0
7478d378-71ea-4db8-b318-9c0751966600,27-Hindi-Exit-FAQs-Corporate.pdf,DOCUMENT,COMPLETED,1,False,,,0,0
572abbcf-4cce-4cae-b84b-e6368eab0cb3,27-Hindi-Exit-FAQs-Corporate.pdf,DOCUMENT,COMPLETED,1,False,,,0,0
dd3e27de-3fae-444c-bb93-8b56fc234d73,41b17_0.pdf,DOCUMENT,COMPLETED,1,False,,,0,0
0f1827fb-db12-4628-83ea-c6b9532b35b4,41b17_0.pdf,DOCUMENT,COMPLETED,1,False,,,0,0
e1c2351a-956e-4b12-8ccd-049e7f7f819e,41b17.pdf,DOCUMENT,COMPLETED,1,False,,,0,0
ec4b7504-6486-4c42-921d-b72fd104db3d,41b17.pdf,DOCUMENT,COMPLETED,1,False,,,0,0
978f5dea-712d-47d8-a7f3-d74361d22e82,4ib8_2.pdf,DOCUMENT,COMPLETED,1,False,,,0,0
e27764c9-4d61-4deb-b98a-217e4b6a2c8e,4ib8_2.pdf,DOCUMENT,COMPLETED,1,False,,,0,0
c586ccd2-ed7a-49c7-bfc3-1ae31f926314,4ibii-min.pdf,DOCUMENT,COMPLETED,1,False,,,0,0
d9188b56-7502-4033-938b-bbfbdb0a1e9c,4ibii-min.pdf,DOCUMENT,COMPLETED,1,False,,,0,0
c02a08c9-b55d-42a4-a8f3-ef657392efc8,4ibiv-min.pdf,DOCUMENT,COMPLETED,1,False,,,0,0
891fe64c-8d91-4ffc-81a8-ede4a9d98894,4ibiv-min.pdf,DOCUMENT,COMPLETED,1,False,,,0,0
d7b1117d-bd37-4a13-bc03-965180e63d9d,4ibvii-min.pdf,DOCUMENT,COMPLETED,1,False,,,0,0
8f8b1b41-e2ca-442a-8336-64e0e5a5f124,4ibvii-min.pdf,DOCUMENT,COMPLETED,1,False,,,0,0
1d0774d9-20d6-4df5-8361-1a7b1e1829be,4ibvi-min.pdf,DOCUMENT,COMPLETED,1,False,,,0,0
b147a458-23ca-4b40-a146-0bb17714749e,4ibvi-min.pdf,DOCUMENT,COMPLETED,1,False,,,0,0
c7886421-d2e6-43dc-b655-356d6b5fcaa0,4ibv-min.pdf,DOCUMENT,COMPLETED,1,False,,,0,0
60ebf12d-73fb-451a-95b6-7c15349a3439,4ibv-min.pdf,DOCUMENT,COMPLETED,1,False,,,0,0
e860cb59-3a6b-4d3d-aac5-bfcce56a9fdb,4ibx-min.pdf,DOCUMENT,COMPLETED,1,False,,,0,0
815434c3-7e03-4082-af96-852534d2b5a4,4ibx-min.pdf,DOCUMENT,COMPLETED,1,False,,,0,0
ca5a48dc-3190-4ef8-9578-949beea132d8,AIS-Implementation-of-NPS-Rules-2026.pdf,DOCUMENT,COMPLETED,1,False,,,0,0
a5604e4e-2035-45be-8a47-e4cb18f7d99b,AIS-Implementation-of-NPS-Rules-2026.pdf,DOCUMENT,COMPLETED,1,False,,,0,0
1aa38a70-8276-4778-888f-6d9805f4c535,Annual_Report_of_NPS_2024-Final.pdf,DOCUMENT,COMPLETED,1,False,,,0,0
35b0d0b9-14d3-44ce-8713-9980d46f974a,Annual_Report_of_NPS_2024-Final.pdf,DOCUMENT,COMPLETED,1,False,,,0,0
06200208-f78b-47d1-bee9-30c600781d7d,Annual_Stewardship_Report_FY_23-24.pdf,DOCUMENT,COMPLETED,1,False,,,0,0
3e2613e0-b521-48db-8759-1d0d50ab4dab,Annual_Stewardship_Report_FY_23-24.pdf,DOCUMENT,COMPLETED,1,False,,,0,0
afbe8a53-a933-4f29-998b-9885fa47c0be,Annual-Stewardship-Report-FY-25-26.pdf,DOCUMENT,COMPLETED,1,False,,,0,0
99135096-5031-4f24-8104-08fc7541f901,Annual-Stewardship-Report-FY-25-26.pdf,DOCUMENT,COMPLETED,1,False,,,0,0
d570a241-108e-44e2-9a2f-40fa34a22c3a,Annual-Voting-Summary-FY-25-26.xlsx,DOCUMENT,COMPLETED,1,False,,,0,0
e5d4ef1d-52f7-4ccf-a060-2c7943915834,Annual-Voting-Summary-FY-25-26.xlsx,DOCUMENT,COMPLETED,1,False,,,0,0
2ac85716-cfea-43a8-bd89-0ee7b85fc120,APY_Flyer_Assamese.pdf,DOCUMENT,COMPLETED,1,False,,,0,0
fa001c07-b6bf-4fe7-910f-15e167ae6b27,APY_Flyer_Assamese.pdf,DOCUMENT,COMPLETED,1,False,,,0,0
1696d9dd-b65e-4d5f-8df1-ba916830dd82,APY_Flyer_Bengali.pdf,DOCUMENT,COMPLETED,1,False,,,0,0
8db4b978-b3cd-47ee-9466-a51667f94d2e,APY_Flyer_Bengali.pdf,DOCUMENT,COMPLETED,1,False,,,0,0
5904dd53-8459-402f-bd63-816cf7eca825,APY_Flyer_Bodo.pdf,DOCUMENT,COMPLETED,1,False,,,0,0
f4890c36-5ae9-4536-8aad-d6235777f596,APY_Flyer_Bodo.pdf,DOCUMENT,COMPLETED,1,False,,,0,0
fe69720e-2d81-45df-b95b-74fbc3f92f5f,APY_Flyer_Dogri.pdf,DOCUMENT,COMPLETED,1,False,,,0,0
7ac2fa84-2f0b-4403-80e2-af88a75e420d,APY_Flyer_Dogri.pdf,DOCUMENT,COMPLETED,1,False,,,0,0
c03599b0-edac-41c8-b3a7-d68414ab4e00,APY_Flyer_English.pdf,DOCUMENT,COMPLETED,1,False,,,0,0
24dd5d52-5912-4ef6-9b51-38a3938653bb,APY_Flyer_English.pdf,DOCUMENT,COMPLETED,1,False,,,0,0
12c9fdd2-19a7-400c-8852-17d936d1aab0,APY_Flyer_Gujarati.pdf,DOCUMENT,COMPLETED,1,False,,,0,0
d2b8ee26-98e3-4d82-ad3b-f81a48aada1e,APY_Flyer_Gujarati.pdf,DOCUMENT,COMPLETED,1,False,,,0,0
96dd6d94-73bf-46c6-8f23-bac681e8c89a,APY_Flyer_Hindi.pdf,DOCUMENT,COMPLETED,1,False,,,0,0
44638543-72ba-4232-b4be-7527f2646679,APY_Flyer_Hindi.pdf,DOCUMENT,COMPLETED,1,False,,,0,0
05528f1b-fda8-46c8-861b-97d5669aa952,APY_Flyer_Kannada.pdf,DOCUMENT,COMPLETED,1,False,,,0,0
b2312e68-e8ff-4a5b-a859-cf633585646f,APY_Flyer_Kannada.pdf,DOCUMENT,COMPLETED,1,False,,,0,0
ff3bd61b-00ce-44fb-b53f-815c352c625d,APY_Flyer_Kashmiri.pdf,DOCUMENT,COMPLETED,1,False,,,0,0
0847a041-b3c9-4290-b7c8-d89996357cdd,APY_Flyer_Kashmiri.pdf,DOCUMENT,COMPLETED,1,False,,,0,0
3cf21e43-8758-4cf5-a937-08c6c0123bd9,APY_Flyer_Konkani.pdf,DOCUMENT,COMPLETED,1,False,,,0,0
3970c19a-f16f-4876-90bf-81bd12a026ba,APY_Flyer_Konkani.pdf,DOCUMENT,COMPLETED,1,False,,,0,0
af7c284a-e7d5-4a55-acd3-3cd2356448c9,APY_Flyer_Maithili.pdf,DOCUMENT,COMPLETED,1,False,,,0,0
2aea1fa3-155d-4668-b1e3-a3c816a9127e,APY_Flyer_Maithili.pdf,DOCUMENT,COMPLETED,1,False,,,0,0
56d5ed72-a9c9-4515-92da-903ae5cad37f,APY_Flyer_Malayalam.pdf,DOCUMENT,COMPLETED,1,False,,,0,0
cba81dee-0903-45c8-82d5-f4e9aea7ba96,APY_Flyer_Malayalam.pdf,DOCUMENT,COMPLETED,1,False,,,0,0
3b997483-5c94-4070-b00e-9c3a5b97f638,APY_Flyer_Manipuri.pdf,DOCUMENT,COMPLETED,1,False,,,0,0
b8aa88c8-05b3-4aa0-8bfd-5b6d300c0ed7,APY_Flyer_Manipuri.pdf,DOCUMENT,COMPLETED,1,False,,,0,0
a1a76b04-0b27-4ca9-b0cb-78993e9346b6,APY_Flyer_Marathi.pdf,DOCUMENT,COMPLETED,1,False,,,0,0
fdeda78b-cbbb-4e30-b7f3-2b7c7609f390,APY_Flyer_Marathi.pdf,DOCUMENT,COMPLETED,1,False,,,0,0
a8bdfad0-f535-4d08-8a47-fe54fab5976e,APY_Flyer_Nepali.pdf,DOCUMENT,COMPLETED,1,False,,,0,0
70c79b07-be04-40d4-825c-48f42c7b6ba4,APY_Flyer_Nepali.pdf,DOCUMENT,COMPLETED,1,False,,,0,0
21faa809-27fc-4b24-9a4c-856dd2623e77,APY_Flyer_Odia.pdf,DOCUMENT,COMPLETED,1,False,,,0,0
e7145a55-ac9f-4daa-96a8-18c67c569e6d,APY_Flyer_Odia.pdf,DOCUMENT,COMPLETED,1,False,,,0,0
1344f5cc-ec08-456b-b37a-570e60847f8d,APY_Flyer_Punjabi.pdf,DOCUMENT,COMPLETED,1,False,,,0,0
8516a892-df85-4ac3-a219-21e80ace3947,APY_Flyer_Punjabi.pdf,DOCUMENT,COMPLETED,1,False,,,0,0
b8a79258-f588-4a57-9d2a-83d69b276da5,APY_Flyer_Sanskrit.pdf,DOCUMENT,COMPLETED,1,False,,,0,0
2cd8e2d6-5398-4db4-98c0-75640c48be2b,APY_Flyer_Sanskrit.pdf,DOCUMENT,COMPLETED,1,False,,,0,0
1d7681a1-63ed-4e4f-b982-bab7c858eabb,APY_Flyer_Santhali.pdf,DOCUMENT,COMPLETED,1,False,,,0,0
917afdf0-4fb6-434a-b9b6-5ca9359d7333,APY_Flyer_Santhali.pdf,DOCUMENT,COMPLETED,1,False,,,0,0
aa6e5287-7a63-4bee-853e-1560f7f94b73,APY_Flyer_Sindhi.pdf,DOCUMENT,COMPLETED,1,False,,,0,0
40cb3ddd-37f0-459f-bf3c-096ec4dbf37c,APY_Flyer_Sindhi.pdf,DOCUMENT,COMPLETED,1,False,,,0,0
09b5f98c-426a-489c-9fb7-aa1536563746,APY_Flyer_Tamil.pdf,DOCUMENT,COMPLETED,1,False,,,0,0
eb94c9b3-5ec6-4f94-8a64-b6e2fffc87d0,APY_Flyer_Tamil.pdf,DOCUMENT,COMPLETED,1,False,,,0,0
2ab5f290-989f-4214-ae89-df8f7207ee48,APY_Flyer_Telugu.pdf,DOCUMENT,COMPLETED,1,False,,,0,0
f69fedb1-a7af-4342-8565-023785945093,APY_Flyer_Telugu.pdf,DOCUMENT,COMPLETED,1,False,,,0,0
b712b99a-8517-4535-9452-53c22ed5cecf,APY_Flyer_Urdu.pdf,DOCUMENT,COMPLETED,1,False,,,0,0
417dc5f7-a14a-4ebe-ae92-35762509b358,APY_Flyer_Urdu.pdf,DOCUMENT,COMPLETED,1,False,,,0,0
17d8ea7a-da21-46a3-8569-b9a0f76a9cf6,APY.pdf,DOCUMENT,COMPLETED,1,False,,,0,0
e9d8fdc4-0b66-4764-813e-4cacf43be0f7,APY.pdf,DOCUMENT,COMPLETED,1,False,,,0,0
c21337bc-57db-4012-a6f3-08e2c533a136,ASR26.pdf,DOCUMENT,COMPLETED,1,False,,,0,0
589ca198-dabb-4350-baa7-5d18624c1906,ASR26.pdf,DOCUMENT,COMPLETED,1,False,,,0,0
93508ead-06f4-4368-957f-63d69e717327,Billingual+Press+Release+PFRDA+Launches+AI-Powered+PFRDA+Pension+Sahayak.pdf,DOCUMENT,COMPLETED,1,False,,,0,0
3fe5c9da-554d-4248-b195-d0aaa692e0b5,Billingual+Press+Release+PFRDA+Launches+AI-Powered+PFRDA+Pension+Sahayak.pdf,DOCUMENT,COMPLETED,1,False,,,0,0
e94051b1-4da8-4a03-ac3d-670f8c3a54ba,Billingual+Press+Release+PFRDA+Launches+AI-Powered+PFRDA+Pension+Sahayak.pdf,DOCUMENT,COMPLETED,1,False,,,0,0
76c9dc18-d06d-4dad-ad56-edb6024e6ba7,Billingual+Press+Release+PFRDA+Launches+AI-Powered+PFRDA+Pension+Sahayak.pdf,DOCUMENT,COMPLETED,1,False,,,0,0
fb722ecc-09a1-4577-9804-c5d2a60e0acf,boardcomm_0.pdf,DOCUMENT,COMPLETED,1,False,,,0,0
eded17e1-fbeb-4861-bcde-3c240e899f7a,boardcomm_0.pdf,DOCUMENT,COMPLETED,1,False,,,0,0
04fc98b1-74b6-4590-8852-261774745bfa,boardcomm.pdf,DOCUMENT,COMPLETED,1,False,,,0,0
a3d9f3c0-efbf-4cff-b8ae-715173829ee6,boardcomm.pdf,DOCUMENT,COMPLETED,1,False,,,0,0
588d0644-ee1c-4933-ba8d-7158e2af2391,CABListDecember2014.pdf,DOCUMENT,PROCESSING,1,True,,,0,0
7d8f6cf5-922f-469a-8d4f-bb9d6b7cd9d7,CABListDecember2014.pdf,DOCUMENT,COMPLETED,1,False,,,0,0
48e44740-9ef6-4f3d-8790-cc935a89e1b1,CABListDecember2014.pdf,DOCUMENT,COMPLETED,1,False,,,0,0
78fc16ef-e44c-45f9-8521-58e1711fb0a3,CABListDecember2014.pdf,DOCUMENT,PROCESSING,1,True,,,0,0
c95796f2-7769-4636-8d31-4f4e3603d596,CircularNPSLiteOperationalGuidelines.pdf,DOCUMENT,COMPLETED,1,False,,,0,0
042f0c3b-c124-4d94-b953-bb7e13ec053a,CircularNPSLiteOperationalGuidelines.pdf,DOCUMENT,COMPLETED,1,False,,,0,0
c47c8e73-0524-43c2-b635-2f21a3c8b176,corrigendum_BCM-2nd-extension.pdf,DOCUMENT,COMPLETED,1,False,,,0,0
d3bdd9f3-7434-4712-ac1b-e5fc6d759f5d,Corrigendumcumclarifications.pdf,DOCUMENT,COMPLETED,1,False,,,0,0
78ab3e6d-44ee-4c3c-bc49-9109b4690881,Corrigendumcumclarifications.pdf,DOCUMENT,COMPLETED,1,False,,,0,0
71e80876-8ddf-4b33-9a4d-99838897ba67,corrigendum-DPDP_0.pdf,DOCUMENT,COMPLETED,1,False,,,0,0
a68e7220-3906-4453-8718-d1e2c3b12151,corrigendum-DPDP_0.pdf,DOCUMENT,COMPLETED,1,False,,,0,0
9c1c3e55-7a55-4764-a31a-0f156c35646f,Corrigendumn_0.pdf,DOCUMENT,COMPLETED,1,False,,,0,0
3f6442ff-8148-4727-afe2-46875b55a54e,Corrigendumn_0.pdf,DOCUMENT,COMPLETED,1,False,,,0,0
199f1c5b-8e8a-4c5c-a030-6f615c0f07b2,CustomerGrievanceRedressal-CorporateBankIndiaDeutsheBank_AG_Oct2022.pdf,DOCUMENT,COMPLETED,1,False,,,0,0
0da57aa1-3a1b-48f6-bd5d-0616b58e2427,CustomerGrievanceRedressal-CorporateBankIndiaDeutsheBank_AG_Oct2022.pdf,DOCUMENT,COMPLETED,1,False,,,0,0
2679054c-a8d8-4a80-ad8d-e23a01b58901,Detailed-advt-022026.pdf,DOCUMENT,COMPLETED,1,False,,,0,0
5dd78312-9266-45be-b676-0adbbde037fc,Detailed-advt-022026.pdf,DOCUMENT,COMPLETED,1,False,,,0,0
b27b6d0d-3c0b-4023-a80e-7b6c470579c0,Directory-updated_0.pdf,DOCUMENT,COMPLETED,1,False,,,0,0
6d0530ae-9cfd-4cc6-bcef-11f337787830,Directory-updated_0.pdf,DOCUMENT,COMPLETED,1,False,,,0,0
099709d4-8128-4852-a445-648d6f84ba1e,Directory-updated_1.pdf,DOCUMENT,COMPLETED,1,False,,,0,0
4353dd87-02ba-4900-9561-d702ddc131d6,Directory-updated_1.pdf,DOCUMENT,COMPLETED,1,False,,,0,0
9d1640c6-82e9-480c-b182-24578cbd3c35,Directory-updated.pdf,DOCUMENT,COMPLETED,1,False,,,0,0
046b06d5-dc2a-4613-ad67-09da8688b7b7,Directory-updated.pdf,DOCUMENT,COMPLETED,1,False,,,0,0
bce14cd9-9401-4104-844c-1bfc11ca7caf,DPDP-RfP.pdf,DOCUMENT,COMPLETED,1,False,,,0,0
2378d2c7-4304-45d1-82cb-1054d3779eb6,DPDP-RfP.pdf,DOCUMENT,COMPLETED,1,False,,,0,0
2ca1d2fc-bd8c-45c8-bb82-2530fdf6d6d9,Enhancement+of+Investment+Choice+Options+under+NPS+for+subscribers+of+Central.pdf,DOCUMENT,COMPLETED,1,False,,,0,0
7dbb813c-675d-4447-9718-df3fe0f3b12a,exits-and-withdrawals-under-the-national-pension-system-regulations-2015-last-amended-on-16-december-2025.pdf,DOCUMENT,COMPLETED,1,False,,,0,0
6f9d8e08-3c7e-4ba6-98ed-6eb40264730d,exits-and-withdrawals-under-the-national-pension-system-regulations-2015-last-amended-on-16-december-2025.pdf,DOCUMENT,COMPLETED,1,False,,,0,0
302a0330-05ae-4ceb-ba44-0b8862606c6a,Exposure+Draft+dated+02+Sep+2026+-+Proposed+changes+to+the+PFRDA+PoP+Regulations.pdf,DOCUMENT,COMPLETED,1,False,,,0,0
185f341d-00ca-4e5b-b05e-f0d19f0bfb88,Exposure+Draft+dated+02+Sep+2026+-+Proposed+changes+to+the+PFRDA+PoP+Regulations.pdf,DOCUMENT,COMPLETED,1,False,,,0,0
f5e66f76-dac6-424e-bf93-936d36505ecd,Exposure+Draft+dated+02+Sep+2026+-+Proposed+changes+to+the+PFRDA+PoP+Regulations.pdf,DOCUMENT,COMPLETED,1,False,,,0,0
85566228-0c91-480a-8364-85ea4caaf529,Exposure+Draft+dated+02+Sep+2026+-+Proposed+changes+to+the+PFRDA+PoP+Regulations.pdf,DOCUMENT,COMPLETED,1,False,,,0,0
d840ac38-65ad-40bc-b626-280166481a23,Exposure+Draft+dated+02+Sep+2026+-+Proposed+changes+to+the+PFRDA+PoP+Regulations.pdf,DOCUMENT,COMPLETED,1,False,,,0,0
3558d2a2-2946-4cda-848c-81401f49b7c5,Exposure+Draft+dated+02+Sep+2026+-+Proposed+changes+to+the+PFRDA+PoP+Regulations.pdf,DOCUMENT,COMPLETED,1,False,,,0,0
02997230-bb39-46b7-aaa1-cbc72c9dbd1d,Exposure+Draft+dated+02+Sep+2026+-+Proposed+changes+to+the+PFRDA+PoP+Regulations.pdf,DOCUMENT,COMPLETED,1,False,,,0,0
4c586279-1f21-46df-9c30-2fe4b5d085ae,FAQ_Hindi-NPS_Vatsalya_16_06_2026.pdf,DOCUMENT,COMPLETED,1,False,,,0,0
e7b2c704-d703-4566-b0e0-a9674aacd1d0,FAQ_Hindi-NPS_Vatsalya_16_06_2026.pdf,DOCUMENT,COMPLETED,1,False,,,0,0
3aeb839c-1df4-4c90-b21c-2655e9d619c1,FAQonUPS13092025.pdf,DOCUMENT,COMPLETED,1,False,,,0,0
216d0917-0c44-4762-81cd-f98fac3cd861,FAQonUPS13092025.pdf,DOCUMENT,COMPLETED,1,False,,,0,0
d2f622a8-559c-4b29-833e-dc708ca679fc,Final_APY_FAQs_English_28-11-23.pdf,DOCUMENT,COMPLETED,1,False,,,0,0
f34c0477-8e07-4e23-b350-f8ebeb1feb91,Final_APY_FAQs_English_28-11-23.pdf,DOCUMENT,COMPLETED,1,False,,,0,0
92aae158-801f-4011-8f3c-3392e4115a26,Final_APY_FAQs_Hindi-28-11-23.pdf,DOCUMENT,COMPLETED,1,False,,,0,0
07bb3c70-fec9-47a9-8a36-283915cfd6ac,Final_APY_FAQs_Hindi-28-11-23.pdf,DOCUMENT,COMPLETED,1,False,,,0,0
5e42e30c-dde7-43ef-bea0-9b71af968434,Final+Order+Alankit_sd_Copy+21.08.2026.pdf,DOCUMENT,COMPLETED,1,False,,,0,0
845436c9-fa5b-46bb-bc36-665165a9facf,Final+Order+Alankit_sd_Copy+21.08.2026.pdf,DOCUMENT,COMPLETED,1,False,,,0,0
cb57113b-6c09-4b41-a94d-650dffa55d4e,Final+Order+Alankit_sd_Copy+21.08.2026.pdf,DOCUMENT,COMPLETED,1,False,,,0,0
690727ab-750d-4d7c-8bfb-6fb33493b625,Final+Order+Alankit_sd_Copy+21.08.2026.pdf,DOCUMENT,COMPLETED,1,False,,,0,0
7b0a9cbb-76ec-4b6d-9a3c-3d3eefa58e43,Final+Order+Alankit_sd_Copy+21.08.2026.pdf,DOCUMENT,COMPLETED,1,False,,,0,0
5db7c5b1-5da0-42c3-8a8d-5e8a0f0526b1,Final+Order+Alankit_sd_Copy+21.08.2026.pdf,DOCUMENT,COMPLETED,1,False,,,0,0
477b3a99-199d-4b2d-96cc-50085b7cf25a,Final+Order+Alankit_sd_Copy+21.08.2026.pdf,DOCUMENT,COMPLETED,1,False,,,0,0
821c841e-f6e5-436d-a840-1f81c830100b,Final+Order+Alankit_sd_Copy+21.08.2026.pdf,DOCUMENT,COMPLETED,1,False,,,0,0
ab309e1d-1511-4282-9bfc-fa971b213a8a,Final+PRESS+RELEASE-+APY+9+Cr+Enrolments.pdf,DOCUMENT,COMPLETED,1,False,,,0,0
8d966dee-d123-4bde-a874-701bbe20ed20,Final+PRESS+RELEASE-+APY+9+Cr+Enrolments.pdf,DOCUMENT,COMPLETED,1,False,,,0,0
c1fcbbdf-29f2-40a3-b2b9-035dfa8821ba,Final+PRESS+RELEASE-+APY+9+Cr+Enrolments.pdf,DOCUMENT,COMPLETED,1,False,,,0,0
9f67d727-350c-46ac-b7e7-5f6a4e6ccf51,Final+PRESS+RELEASE-+APY+9+Cr+Enrolments.pdf,DOCUMENT,COMPLETED,1,False,,,0,0
c4416a39-d590-4e36-bdd6-d25ba9e7f632,GazettePFRDAExitandWithdrawalstheNPSAmendmentRegulations2025.pdf,DOCUMENT,COMPLETED,1,False,,,0,0
e5635d68-ff92-4e43-b52b-539cf378ae29,GazettePFRDAExitandWithdrawalstheNPSAmendmentRegulations2025.pdf,DOCUMENT,COMPLETED,1,False,,,0,0
5340cbde-61d2-40e8-8a3f-23c51bdea75f,GazettePFRDAOperationalisationofUPSNPSAmendmentRegulations2025.pdf,DOCUMENT,COMPLETED,1,False,,,0,0
a53729e5-f3a9-41a0-8ab9-ee601c809c9f,GazettePFRDAOperationalisationofUPSNPSAmendmentRegulations2025.pdf,DOCUMENT,COMPLETED,1,False,,,0,0
8eb275de-7a6c-48c9-ae68-75cd7581efee,GeM-Bidding_1.pdf,DOCUMENT,COMPLETED,1,False,,,0,0
a94626c5-fee2-4652-8818-8d232eca7272,GeM-Bidding_1.pdf,DOCUMENT,COMPLETED,1,False,,,0,0
90e4d5c3-b55c-49e7-b768-b56e5dacc637,GPA.pdf,DOCUMENT,COMPLETED,1,False,,,0,0
9772540c-6b2c-4098-92b1-c3770975b292,GPA.pdf,DOCUMENT,COMPLETED,1,False,,,0,0
223fe2df-f655-4d3e-9c2b-0f5041f8514a,guidelines-for-operational-atal.pdf,DOCUMENT,COMPLETED,1,False,,,0,0
c5fa667d-f684-45de-b9cf-f088eae6ec71,guidelines-for-operational-atal.pdf,DOCUMENT,COMPLETED,1,False,,,0,0
aa8b13ac-e9f6-4d29-95ee-6a22f1bed20e,Handbook+Merged+31.05.2025.pdf,DOCUMENT,COMPLETED,1,False,,,0,0
e52f65e3-51ec-4ca9-8c00-abc345bb7c39,Handbook+Merged+31.05.2025.pdf,DOCUMENT,COMPLETED,1,False,,,0,0
93fcf3c6-db51-4842-9b0e-f18d7f2d7623,Handbook+Merged+31.05.2025.pdf,DOCUMENT,COMPLETED,1,False,,,0,0
bef006fc-f19d-4446-a912-ddb4688f59e9,Handbook+Merged+31.05.2025.pdf,DOCUMENT,COMPLETED,1,False,,,0,0
eec322d2-6022-4400-b662-eadb02ca7b93,Handbook+Merged+31.05.2025.pdf,DOCUMENT,COMPLETED,1,False,,,0,0
559ff3ec-51c9-4127-8e7b-ad9da7e412b3,Handbook+Merged+31.05.2025.pdf,DOCUMENT,COMPLETED,1,False,,,0,0
88436021-e57c-4425-96d9-6756cacf3290,Handbook+Merged+31.05.2025.pdf,DOCUMENT,COMPLETED,1,False,,,0,0
6816915d-5ba9-42e4-bd6c-3053c27c588b,Handbook+Merged+31.05.2025.pdf,DOCUMENT,COMPLETED,1,False,,,0,0
dd5b78a3-af33-4954-940c-b7fc11cfebe2,Holiday_in_hindi_Paripatra_2024.pdf,DOCUMENT,COMPLETED,1,False,,,0,0
d21a82ac-5beb-4acb-9378-28d436f9dc90,Holiday_in_hindi_Paripatra_2024.pdf,DOCUMENT,COMPLETED,1,False,,,0,0
6141fa38-5ca5-4d19-9c22-f18478700b4f,holiday.pdf,DOCUMENT,COMPLETED,1,False,,,0,0
9e130494-d2e1-4c55-855d-4750f31f831c,holiday.pdf,DOCUMENT,COMPLETED,1,False,,,0,0
4a64ae0b-3a18-4117-a06c-b1451e387f17,imf1apr26.pdf,DOCUMENT,COMPLETED,1,False,,,0,0
d8d61236-c70a-4931-b754-2901b55d2ae3,imf1apr26.pdf,DOCUMENT,COMPLETED,1,False,,,0,0
1bfe15e4-5e03-41fd-a69e-90cea9084a5f,Integrity.pdf,DOCUMENT,COMPLETED,1,False,,,0,0
b5f4f8e6-bfa6-4420-9071-dfe63c77866d,Investor_Charter_Hindi%281%29_0.pdf,DOCUMENT,COMPLETED,1,False,,,0,0
bd79e2d6-c0a3-4358-aef9-4ed9e9d9a65c,Investor_Charter_Hindi%281%29_0.pdf,DOCUMENT,COMPLETED,1,False,,,0,0
23ff6884-05e8-4fe3-8149-01676c982a20,list_holidays_2027.pdf,DOCUMENT,COMPLETED,1,False,,,0,0
f4dce077-9792-417d-afce-dc6d04e23a87,list_holidays_2027.pdf,DOCUMENT,COMPLETED,1,False,,,0,0
f2bb2ff0-b886-4087-b5c8-db0ceb9f2961,list_holidays_2027.pdf,DOCUMENT,COMPLETED,1,False,,,0,0
cbc93b24-b6ea-4d89-b97f-f9005e58d27f,list_holidays_2027.pdf,DOCUMENT,COMPLETED,1,False,,,0,0
63d20f5b-c69a-41ab-8b56-3468c6402be6,list_holidays_2027.pdf,DOCUMENT,COMPLETED,1,False,,,0,0
a4a1e468-4d88-4a66-a285-7d3afe0e88cd,list_holidays_2027.pdf,DOCUMENT,COMPLETED,1,False,,,0,0
5678b4b3-e0d3-47ee-baad-48c97343a938,list_holidays_2027.pdf,DOCUMENT,COMPLETED,1,False,,,0,0
ceaffb2d-7e42-4a9d-8dfa-5e35601843ee,list_holidays_2027.pdf,DOCUMENT,COMPLETED,1,False,,,0,0
652e6e92-c858-457d-ab54-40cd4fcfec82,List_of_Holidays_in_NPS_Trust_2024.pdf,DOCUMENT,COMPLETED,1,False,,,0,0
367916ff-cabb-4d6d-bedd-f855c1b496be,List_of_Holidays_in_NPS_Trust_2024.pdf,DOCUMENT,COMPLETED,1,False,,,0,0
d110b96b-f3d8-4097-89d5-bf380705dd3e,listofholidays.pdf,DOCUMENT,COMPLETED,1,False,,,0,0
f33c541e-e1fd-423d-b46b-265b44149dba,listofholidays.pdf,DOCUMENT,COMPLETED,1,False,,,0,0
429831f7-58c9-43f3-a10e-e399182096e1,list_of_officers_published_on_NPS_Trust_1.pdf,DOCUMENT,PROCESSING,1,True,,,0,0
e6455ee2-106e-4ad8-bcf9-e899cd74cc1c,list_of_officers_published_on_NPS_Trust_1.pdf,DOCUMENT,PROCESSING,1,True,,,0,0
0472cf62-d50b-4468-9519-09fc4190bbf5,NoticeGMC_1.pdf,DOCUMENT,COMPLETED,1,False,,,0,0
587f8da5-a352-4546-b399-ab41eea3600e,NoticeGMC_1.pdf,DOCUMENT,COMPLETED,1,False,,,0,0
a34f6c36-8f48-47dd-be11-4e1c9ba0d977,NOTICE+INVITING+PROPOSALS+FOR+SELECTION+OF+SPONSORS+OF+PENSION+FUNDS+-+On+Tap+basis.pdf,DOCUMENT,COMPLETED,1,False,,,0,0
e49b198f-a5cd-486f-a90a-1aa430f48024,NOTICE+INVITING+PROPOSALS+FOR+SELECTION+OF+SPONSORS+OF+PENSION+FUNDS+-+On+Tap+basis.pdf,DOCUMENT,COMPLETED,1,False,,,0,0
8de8c10f-aeab-4bde-88cb-0f3ecf9125eb,NPS_Trust_Annual_Report_2015_16.pdf,DOCUMENT,COMPLETED,1,False,,,0,0
4a6f6d94-1af4-4e87-8cfd-1f33a12616ba,NPS_Trust_Annual_Report_2015_16.pdf,DOCUMENT,COMPLETED,1,False,,,0,0
038df590-6606-4c96-8b9b-6a5407b9d209,NPS_Trust_Annual_Report_2016_17.pdf,DOCUMENT,COMPLETED,1,False,,,0,0
b50dcf45-42a6-4deb-8af5-8096311c618c,NPS_Trust_Annual_Report_2016_17.pdf,DOCUMENT,COMPLETED,1,False,,,0,0
d1a8c6a1-fc51-44c6-b6d7-7854920a2373,NPS_Trust_Annual_Report_2017_18.pdf,DOCUMENT,COMPLETED,1,False,,,0,0
e2be1dec-8dd9-4e83-958b-a78e158f343d,NPS_Trust_Annual_Report_2017_18.pdf,DOCUMENT,COMPLETED,1,False,,,0,0
69de2f0d-cb15-4972-a229-465c0d556f78,NPS_Trust_Annual_Report_2018_19.pdf,DOCUMENT,COMPLETED,1,False,,,0,0
1d3e8814-7bdd-4566-b78e-2ab94781be32,NPS_Trust_Annual_Report_2018_19.pdf,DOCUMENT,COMPLETED,1,False,,,0,0
89b1e8c4-0b2b-4b94-8ee2-7f25c3ba2488,NPS_Trust_Annual_Report_2019_20.pdf,DOCUMENT,COMPLETED,1,False,,,0,0
ba8b322a-604c-4e80-b4ed-6e9e7e5009ed,NPS_Trust_Annual_Report_2019_20.pdf,DOCUMENT,COMPLETED,1,False,,,0,0
0dba7789-a242-4f80-926c-d42410467081,NPS_Trust_Annual_Report_2020_21.pdf,DOCUMENT,COMPLETED,1,False,,,0,0
1a9a1064-5f3f-449f-9e11-b52e5dd2188c,NPS_Trust_Annual_Report_2020_21.pdf,DOCUMENT,COMPLETED,1,False,,,0,0
7b235012-d8f8-451a-b0ac-3b911d8c8a83,NPS_Trust_Annual_Report_2021_22.pdf,DOCUMENT,PROCESSING,1,True,,,0,0
76b1e65e-d821-4dc5-b1a3-06a9177fe98f,NPS_Trust_Annual_Report_2021_22.pdf,DOCUMENT,PROCESSING,1,True,,,0,0
f3062b43-9449-48eb-8986-1e0765df09a1,NPSVatsalyaBrochureCombined.pdf,DOCUMENT,COMPLETED,1,False,,,0,0
3946fda8-193a-4f8f-acd9-566c7aeb2f63,NPSVatsalyaBrochureCombined.pdf,DOCUMENT,COMPLETED,1,False,,,0,0
ef556736-3604-4171-824e-73ae9f817f72,Office_order_08_September_2023_1.pdf,DOCUMENT,COMPLETED,1,False,,,0,0
8a73bc13-3d93-41ae-877d-9626d00a4caf,Office_order_08_September_2023_1.pdf,DOCUMENT,COMPLETED,1,False,,,0,0
b4d8379e-ce67-4937-94f3-e9a110171d24,Office+Order-+Closing+of+Central+Government+Offices+located+in+DelhiNew+Delhi+on+11.09.2026+on.pdf,DOCUMENT,COMPLETED,1,False,,,0,0
1a836b9b-5c29-40ee-9078-001e73c148d7,Office+Order-+Closing+of+Central+Government+Offices+located+in+DelhiNew+Delhi+on+11.09.2026+on.pdf,DOCUMENT,COMPLETED,1,False,,,0,0
cb34903d-da1e-49a1-af14-1385c9c5b8ca,Office_order_Declaration_of_Holiday_on_14th_April_2025.pdf,DOCUMENT,COMPLETED,1,False,,,0,0
897cdf26-0d14-43bc-b69b-ac1722bc302f,Office_order_Declaration_of_Holiday_on_14th_April_2025.pdf,DOCUMENT,COMPLETED,1,False,,,0,0
63ca659f-cc10-428a-a2fe-9990f4992ee2,Office_Order-List_of_Holidays.pdf,DOCUMENT,COMPLETED,1,False,,,0,0
2d4aeb16-899a-41f7-a2ea-c210aad039ce,Office_Order-List_of_Holidays.pdf,DOCUMENT,COMPLETED,1,False,,,0,0
a8caeea2-4aa3-41b0-8beb-bb52dffb92ea,Office+Order+-+List+of+Holidays+to+be+observed+during+the+calendar+year+2026+at+Mumbai+Regional+Office.pdf,DOCUMENT,COMPLETED,1,False,,,0,0
5d447e65-2b66-49da-ad1f-06e5131deb5d,Office+Order+-+List+of+Holidays+to+be+observed+during+the+calendar+year+2026+at+Mumbai+Regional+Office.pdf,DOCUMENT,COMPLETED,1,False,,,0,0
3981f57e-e6db-4262-9b1a-3dc9f25fd323,office_order.pdf,DOCUMENT,COMPLETED,1,False,,,0,0
b12fd2a7-3008-4566-bbfc-2abc84a2bff5,office_order.pdf,DOCUMENT,COMPLETED,1,False,,,0,0
cf1adabd-ebbb-4690-b7cd-916795ac16bd,Old-Trust-Deed.pdf,DOCUMENT,COMPLETED,1,False,,,0,0
2776bff4-83ff-4c01-acd3-72ef98de0be6,Old-Trust-Deed.pdf,DOCUMENT,COMPLETED,1,False,,,0,0
0786c3d2-488b-4ce6-934f-8a51d95e2615,OnlineApril.pdf,DOCUMENT,COMPLETED,1,False,,,0,0
274c2deb-d039-4d98-bfe1-234057511ddd,OnlineApril.pdf,DOCUMENT,COMPLETED,1,False,,,0,0
2a349481-2ae5-4b57-8a13-b58feb9884af,Online-APY-Awareness-Program-for-February-2026.pdf,DOCUMENT,COMPLETED,1,False,,,0,0
f7b3d9ed-9cd5-4bdf-b90a-40b9867a1d2f,Online-APY-Awareness-Program-for-February-2026.pdf,DOCUMENT,COMPLETED,1,False,,,0,0
5d7250ce-eec0-404f-adf4-50ce4e07dc4d,operationalUPS_0.pdf,DOCUMENT,COMPLETED,1,False,,,0,0
3159bbe9-bbb5-4c0f-9964-4d73c92e8524,operationalUPS_0.pdf,DOCUMENT,COMPLETED,1,False,,,0,0
6948488f-f8b2-4b9d-8ce0-ab9327a7ef7c,Partial_Withdrawal_FAQs_0.pdf,DOCUMENT,COMPLETED,1,False,,,0,0
864054a8-29d5-4b0d-a7e2-2d90e321126b,Partial_Withdrawal_FAQs_0.pdf,DOCUMENT,COMPLETED,1,False,,,0,0
c9936b4f-df1f-4ba4-a64d-6cdacfae5f17,Pension_Bulletin_Apr_June+2026.pdf,DOCUMENT,COMPLETED,1,False,,,0,0
7c11ed83-77b5-4471-a09f-96a16ebba61c,Pension_Bulletin_Apr_June+2026.pdf,DOCUMENT,COMPLETED,1,False,,,0,0
fc34b658-1909-4c80-be53-1b0b1c3abef3,Pension_Bulletin_Final_Apr_June.pdf,DOCUMENT,COMPLETED,1,False,,,0,0
596df7db-427a-4527-9240-553cb4ef64b1,Pension_Bulletin_Final_Apr_June.pdf,DOCUMENT,COMPLETED,1,False,,,0,0
44e1e8ed-cf45-48b8-8c76-38350729611a,Pension_Bulletin_Final_Apr_June.pdf,DOCUMENT,COMPLETED,1,False,,,0,0
4da66950-a0e3-47c9-81e8-fce70b296212,Pension_Bulletin_Final_Apr_June.pdf,DOCUMENT,COMPLETED,1,False,,,0,0
d6bc50cc-8988-4838-aef0-386548644352,Pension_Bulletin_Final_Apr_June.pdf,DOCUMENT,COMPLETED,1,False,,,0,0
5a82b729-0aea-4812-8870-29a12dffae02,Pension_Bulletin_Final_Apr_June.pdf,DOCUMENT,COMPLETED,1,False,,,0,0
c5c57401-ff67-43f0-a7b5-b5280eb92394,PFRDA+%28Exits+and+Withdrawals+under+the+National+Pension+System%29+%28Amendment%29+Regulations%2C+2026.pdf,DOCUMENT,COMPLETED,1,False,,,0,0
972f694f-8507-4a3a-82e5-85a731ea2210,PFRDA+%28Exits+and+Withdrawals+under+the+National+Pension+System%29+%28Amendment%29+Regulations%2C+2026.pdf,DOCUMENT,COMPLETED,1,False,,,0,0
0a6c21b9-25a1-4304-ab95-d85c1fd12066,PFRDA+%28REGISTRATION+OF+PENSION+FUNDS%29+GUIDELINES%2C+2026+%28amended+on+13.07.2026%29.pdf,DOCUMENT,COMPLETED,1,False,,,0,0
aed9d28e-3010-44de-aec9-642fff9731b2,PFRDA+%28REGISTRATION+OF+PENSION+FUNDS%29+GUIDELINES%2C+2026+%28amended+on+13.07.2026%29.pdf,DOCUMENT,COMPLETED,1,False,,,0,0
c813ce0a-54b3-4aff-b8db-51c2e949d008,PFRDA+%28Regulatory+Sandbox%29+Regulations+2026.pdf,DOCUMENT,COMPLETED,1,False,,,0,0
6e173331-fd7b-4857-8d15-47d0a35dc420,PFRDA+%28Regulatory+Sandbox%29+Regulations+2026.pdf,DOCUMENT,COMPLETED,1,False,,,0,0
e07393e2-e343-44e9-9676-20ffa51dbcc6,PFRDA+Act+-+2013+%28Hindi%29.pdf,DOCUMENT,COMPLETED,1,False,,,0,0
9b8bba05-5dff-4f28-ac2c-d26c87c5f308,PFRDA+Act+-+2013+%28Hindi%29.pdf,DOCUMENT,COMPLETED,1,False,,,0,0
976e607d-101c-4c13-afc6-698b25fd6d2f,PFRDA+Act+-+2013+%28Hindi%29.pdf,DOCUMENT,COMPLETED,1,False,,,0,0
768fd388-e1f7-4f5c-9a88-a27a196f877b,PFRDA+Act+-+2013+%28Hindi%29.pdf,DOCUMENT,COMPLETED,1,False,,,0,0
9be1e89e-3a18-47ff-9cd7-0736f5b966fd,PFRDA+Act+-+2013+%28Hindi%29.pdf,DOCUMENT,COMPLETED,1,False,,,0,0
37fbbb98-b214-4015-bc35-ed292cf13b02,PFRDA+Act+-+2013+%28Hindi%29.pdf,DOCUMENT,COMPLETED,1,False,,,0,0
f60b6709-b83f-482d-a154-56c0029b2472,PFRDA+Act+-+2013+%28Hindi%29.pdf,DOCUMENT,COMPLETED,1,False,,,0,0
0b42c0a1-5889-48f7-b241-b7473b6235c9,PFRDA+Act+-+2013+%28Hindi%29.pdf,DOCUMENT,COMPLETED,1,False,,,0,0
d0280b49-61f8-4f36-880c-ec5b6da6a28e,PFRDA+conducts+Atal+Pension+Yojana+Annual+Felicitation+Programme+on+20+May+2026+%28Wednesday%29+at+New+Delhi.pdf,DOCUMENT,COMPLETED,1,False,,,0,0
f310b587-5dfd-467e-9611-4b8e4bf26bc3,PFRDA+conducts+Atal+Pension+Yojana+Annual+Felicitation+Programme+on+20+May+2026+%28Wednesday%29+at+New+Delhi.pdf,DOCUMENT,COMPLETED,1,False,,,0,0
8244d172-a71a-4d0a-943c-8b49d342e082,PFRDA+conducts+Atal+Pension+Yojana+Annual+Felicitation+Programme+on+20+May+2026+%28Wednesday%29+at+New+Delhi.pdf,DOCUMENT,COMPLETED,1,False,,,0,0
aa5eb758-1f21-4e63-b2e3-820a8f9d445c,PFRDA+conducts+Atal+Pension+Yojana+Annual+Felicitation+Programme+on+20+May+2026+%28Wednesday%29+at+New+Delhi.pdf,DOCUMENT,COMPLETED,1,False,,,0,0
962b5f47-5d97-4930-b7ef-dda14aa12d33,PFRDA+Exits+and+Withdrawals+under+the+NPS+Regulations+2015+_Last+amended+on+20+July+2026_+%281%29.pdf,DOCUMENT,COMPLETED,1,False,,,0,0
c9b23798-99a5-42e3-9d0f-3cebffa039ce,PFRDA+Exits+and+Withdrawals+under+the+NPS+Regulations+2015+_Last+amended+on+20+July+2026_+%281%29.pdf,DOCUMENT,COMPLETED,1,False,,,0,0
17b7040c-8017-4b2e-82e9-ddb5f81dd15b,Physical_submission_of_Form_A1.pdf,DOCUMENT,COMPLETED,1,False,,,0,0
26556911-e06d-40ec-be10-e1f5d8deba7a,Physical_submission_of_Form_A1.pdf,DOCUMENT,COMPLETED,1,False,,,0,0
fbe47010-c54e-4635-85f6-d5579e4794c7,Press+Release+-Government+Extends+Additional+NPS+Investment.pdf,DOCUMENT,COMPLETED,1,False,,,0,0
da5bf381-9456-4c74-9fba-e2377ecf3b90,Press+Release+-Government+Extends+Additional+NPS+Investment.pdf,DOCUMENT,COMPLETED,1,False,,,0,0
2f68acba-7c42-41ab-9c69-1c2785eaf7f8,Press+Release+-Government+Extends+Additional+NPS+Investment.pdf,DOCUMENT,COMPLETED,1,False,,,0,0
7134c557-88bb-4ce1-bf40-8f5270bc3838,Press+Release+-Government+Extends+Additional+NPS+Investment.pdf,DOCUMENT,COMPLETED,1,False,,,0,0
00c91026-ae1a-4ed2-97d6-7b602fa0d9c4,Press+Release+-Government+Extends+Additional+NPS+Investment.pdf,DOCUMENT,COMPLETED,1,False,,,0,0
b0022ef6-edfc-4861-8cb6-173d11d5cc1f,Press+Release+in+Hindi+for+Achieving+150+Cr+under+MSF.pdf,DOCUMENT,COMPLETED,1,False,,,0,0
04d65855-6e02-484e-9dfa-cff55408db24,Press+Release+in+Hindi+for+Achieving+150+Cr+under+MSF.pdf,DOCUMENT,COMPLETED,1,False,,,0,0
f1d93225-ee4c-487d-88ab-206dce5c6421,Press+Release+in+Hindi+for+Achieving+150+Cr+under+MSF.pdf,DOCUMENT,COMPLETED,1,False,,,0,0
e124d82b-3dac-4eec-aeaa-5f7738aa03cb,Press+Release+in+Hindi+for+Achieving+150+Cr+under+MSF.pdf,DOCUMENT,ERROR,1,True,,,0,0
1219dd71-3ad7-4f85-ae5b-e3822ddc3168,Press+Release+PFRDA+Launches+AI-Powered+PFRDA+Pension+Sahayak+Portal+to+Transform+Pension+Grievance+Redressal.pdf,DOCUMENT,COMPLETED,1,False,,,0,0
4f17495e-990d-4fcd-a20c-c7beed3aa95b,Press+Release+PFRDA+Launches+AI-Powered+PFRDA+Pension+Sahayak+Portal+to+Transform+Pension+Grievance+Redressal.pdf,DOCUMENT,COMPLETED,1,False,,,0,0
5c4ef045-4944-46b9-bf0d-75525864c3a7,Press+Release+PFRDA+Launches+AI-Powered+PFRDA+Pension+Sahayak+Portal+to+Transform+Pension+Grievance+Redressal.pdf,DOCUMENT,ERROR,1,True,,,0,0
1755d7d4-0214-4812-a597-356f132843a7,Press+Release+PFRDA+Launches+AI-Powered+PFRDA+Pension+Sahayak+Portal+to+Transform+Pension+Grievance+Redressal.pdf,DOCUMENT,COMPLETED,1,False,,,0,0
6e2da06a-1c1e-4578-bb4f-af01974d4b55,PRESS+Release+-+PFRDA+Sets+Up+ASCEND+Panel+to+bridge+Global+Pension+Funds+with+Indian+Pension+Funds+of+NPS.pdf,DOCUMENT,COMPLETED,1,False,,,0,0
7bbdc086-4464-4705-9b32-9dda2e9ea38c,PRESS+Release+-+PFRDA+Sets+Up+ASCEND+Panel+to+bridge+Global+Pension+Funds+with+Indian+Pension+Funds+of+NPS.pdf,DOCUMENT,COMPLETED,1,False,,,0,0
9bb16762-74d0-462f-8424-afcb728dda72,PRESS+Release+-+PFRDA+Sets+Up+ASCEND+Panel+to+bridge+Global+Pension+Funds+with+Indian+Pension+Funds+of+NPS.pdf,DOCUMENT,ERROR,1,True,,,0,0
e6ef614a-72c7-4e2f-aca8-f94ec65fcffe,PRESS+Release+-+PFRDA+Sets+Up+ASCEND+Panel+to+bridge+Global+Pension+Funds+with+Indian+Pension+Funds+of+NPS.pdf,DOCUMENT,COMPLETED,1,False,,,0,0
1f876132-928d-409b-9bdc-4d2eb6f033f7,PRESS+Release+-+PFRDA+Sets+Up+ASCEND+Panel+to+bridge+Global+Pension+Funds+with+Indian+Pension+Funds+of+NPS.pdf,DOCUMENT,COMPLETED,1,False,,,0,0
150bb9d1-da90-4c79-847f-a526032eb19f,PRESS+Release+-+PFRDA+Sets+Up+ASCEND+Panel+to+bridge+Global+Pension+Funds+with+Indian+Pension+Funds+of+NPS.pdf,DOCUMENT,COMPLETED,1,False,,,0,0
eceba78c-47e7-48f4-b118-74bf5c220762,PRESS+Release+-+PFRDA+Sets+Up+ASCEND+Panel+to+bridge+Global+Pension+Funds+with+Indian+Pension+Funds+of+NPS.pdf,DOCUMENT,COMPLETED,1,False,,,0,0
daf2ffa8-e958-4958-8f69-be1449af81ad,PRESS+Release+-+PFRDA+Sets+Up+ASCEND+Panel+to+bridge+Global+Pension+Funds+with+Indian+Pension+Funds+of+NPS.pdf,DOCUMENT,COMPLETED,1,False,,,0,0
63ed9028-fac5-4652-b876-c417f2bf8c40,Q1_FY_24-25_Majority_Votes.xlsx,DOCUMENT,COMPLETED,1,False,,,0,0
85c516bc-b571-445d-ab35-09e912c3fefb,Q1_FY_24-25_Majority_Votes.xlsx,DOCUMENT,COMPLETED,1,False,,,0,0
3d07285c-e3f3-482b-9cd2-c149eed34f3c,Q1_FY_24_Majority_Votes.xlsx,DOCUMENT,COMPLETED,1,False,,,0,0
66200bb0-34d2-4a7b-bdce-161cf76bb5b2,Q1_FY_24_Majority_Votes.xlsx,DOCUMENT,COMPLETED,1,False,,,0,0
19510ca3-812b-4153-868a-c438d7b0765e,Q1_FY_25-26_Majority_Votes.xlsx,DOCUMENT,COMPLETED,1,False,,,0,0
52e7d8b6-dde5-492f-87bb-adb1a854c56d,Q1_FY_25-26_Majority_Votes.xlsx,DOCUMENT,COMPLETED,1,False,,,0,0
477faf13-b929-4eb4-aa52-0bbfb323778e,Q2_FY_23-24_Majority_Votes.xlsx,DOCUMENT,COMPLETED,1,False,,,0,0
ba41a6d7-330f-424a-9be6-1a607b3006c5,Q2_FY_23-24_Majority_Votes.xlsx,DOCUMENT,COMPLETED,1,False,,,0,0
9c92a848-0528-48f1-bb97-05334a4fcd64,Q2_FY_24-25_Majority_Votes.xlsx,DOCUMENT,COMPLETED,1,False,,,0,0
3fdefdab-89cb-478f-b11f-63dbc23e3868,Q2_FY_24-25_Majority_Votes.xlsx,DOCUMENT,COMPLETED,1,False,,,0,0
d10c0008-a348-4d2c-97cb-9c4a4c951641,Q2FY26.xlsx,DOCUMENT,COMPLETED,1,False,,,0,0
5df5d419-5d81-47cb-b572-89969f049ba2,Q2FY26.xlsx,DOCUMENT,COMPLETED,1,False,,,0,0
923defa4-66f3-44cd-8fa0-de60277aec6f,Q3_FY_23-24_Majority_Votes.xlsx,DOCUMENT,COMPLETED,1,False,,,0,0
5ebcf998-e7ae-4f73-a82f-4787e4fa33ad,Q3_FY_23-24_Majority_Votes.xlsx,DOCUMENT,COMPLETED,1,False,,,0,0
72c43dbc-58d0-4263-a6d0-c22cca2c3fa5,Q3_FY_24-25_Majority_Votes.xlsx,DOCUMENT,COMPLETED,1,False,,,0,0
8a0442ff-573b-4f62-ba57-c7b49d1d6d36,Q3_FY_24-25_Majority_Votes.xlsx,DOCUMENT,COMPLETED,1,False,,,0,0
d74e1a7b-04d6-4943-9a11-9133146c1602,q3majorityvote_0.xlsx,DOCUMENT,COMPLETED,1,False,,,0,0
0cbd89e8-8c6c-4529-bda9-66a10f2796e8,q3majorityvote_0.xlsx,DOCUMENT,COMPLETED,1,False,,,0,0
650526e4-3cc6-4c43-8eac-60673d19659e,Q4_FY_23-24_Majority_Votes.xlsx,DOCUMENT,COMPLETED,1,False,,,0,0
7b6ae3a0-f198-44a4-9791-57925982fbbb,Q4_FY_23-24_Majority_Votes.xlsx,DOCUMENT,COMPLETED,1,False,,,0,0
bdb547ea-80b4-4cb3-88e9-cbdff85b2c05,Q4_FY_24-25_Majority_Votes.xlsx,DOCUMENT,COMPLETED,1,False,,,0,0
aeb47f63-9fb3-4a4f-8418-a94b846877f2,Q4_FY_24-25_Majority_Votes.xlsx,DOCUMENT,COMPLETED,1,False,,,0,0
0736f110-8ee7-4472-a0e8-c6e8f4112433,Q4_FY_25-26_Majority_Votes.xlsx,DOCUMENT,COMPLETED,1,False,,,0,0
997feeea-fb0f-42ba-b257-e9936fd12034,Q4_FY_25-26_Majority_Votes.xlsx,DOCUMENT,COMPLETED,1,False,,,0,0
9c596826-0add-465b-9946-10be03550c23,Recruitment+of+Officer+Grade+A+%28Assistant+Manager%29+2026+EWS-+Income+and+Asset+Certificate.pdf,DOCUMENT,COMPLETED,1,False,,,0,0
cd463f6e-d1f4-4056-994a-fa58166fb3fa,Recruitment+of+Officer+Grade+A+%28Assistant+Manager%29+2026+EWS-+Income+and+Asset+Certificate.pdf,DOCUMENT,COMPLETED,1,False,,,0,0
e308989d-de42-48ec-a960-9704d626e51d,Recruitment+of+Officer+Grade+A+%28Assistant+Manager%29+2026+EWS-+Income+and+Asset+Certificate.pdf,DOCUMENT,COMPLETED,1,False,,,0,0
f85b0ea1-09c9-43e4-9388-bf1b742198b2,Recruitment+of+Officer+Grade+A+%28Assistant+Manager%29+2026+EWS-+Income+and+Asset+Certificate.pdf,DOCUMENT,COMPLETED,1,False,,,0,0
39b04274-97fc-4d83-8fd5-5d6d44addb11,Recruitment+of+Officer+Grade+A+%28Assistant+Manager%29+2026+EWS-+Income+and+Asset+Certificate.pdf,DOCUMENT,COMPLETED,1,False,,,0,0
74744649-c5cb-4542-bb63-985766c642dc,Recruitment+of+Officer+Grade+A+%28Assistant+Manager%29+2026+EWS-+Income+and+Asset+Certificate.pdf,DOCUMENT,COMPLETED,1,False,,,0,0
ad400e27-0324-4872-89e8-1c7c8bd165e5,Recruitment+of+Officer+Grade+A+%28Assistant+Manager%29+2026+Form+V+-+Certificate+of+Disability.pdf,DOCUMENT,COMPLETED,1,False,,,0,0
99b9e7d0-35b8-4bae-b7b1-28cf299589b4,Recruitment+of+Officer+Grade+A+%28Assistant+Manager%29+2026+Form+V+-+Certificate+of+Disability.pdf,DOCUMENT,COMPLETED,1,False,,,0,0
f93aa441-563d-4e2e-bd31-9721503d2842,Recruitment+of+Officer+Grade+A+%28Assistant+Manager%29+2026+Form+V+-+Certificate+of+Disability.pdf,DOCUMENT,COMPLETED,1,False,,,0,0
15d3d424-cdc3-42ed-8911-f2cd03d6114d,Recruitment+of+Officer+Grade+A+%28Assistant+Manager%29+2026+Form+V+-+Certificate+of+Disability.pdf,DOCUMENT,COMPLETED,1,False,,,0,0
dcc5f96e-7dd6-477a-9099-078e8cca4b0f,Recruitment+of+Officer+Grade+A+%28Assistant+Manager%29+2026+Form+V+-+Certificate+of+Disability.pdf,DOCUMENT,COMPLETED,1,False,,,0,0
3364b54a-a2dc-4857-a440-afea25300dea,Recruitment+of+Officer+Grade+A+%28Assistant+Manager%29+2026+Form+V+-+Certificate+of+Disability.pdf,DOCUMENT,COMPLETED,1,False,,,0,0
de495619-f68a-45f3-ae8b-0e01fd963607,Recruitment+of+Officer+Grade+A+%28Assistant+Manager%29+2026+Form+VI+-+Certificate+of+Disability.pdf,DOCUMENT,COMPLETED,1,False,,,0,0
d04fc5d0-02f2-4940-99d3-cee81c50296a,Recruitment+of+Officer+Grade+A+%28Assistant+Manager%29+2026+Form+VI+-+Certificate+of+Disability.pdf,DOCUMENT,COMPLETED,1,False,,,0,0
687810dc-2c55-4f88-97da-d1017b4c22e3,Recruitment+of+Officer+Grade+A+%28Assistant+Manager%29+2026+Form+VI+-+Certificate+of+Disability.pdf,DOCUMENT,COMPLETED,1,False,,,0,0
cf709462-e4be-4f65-9776-774827b50626,Recruitment+of+Officer+Grade+A+%28Assistant+Manager%29+2026+Form+VI+-+Certificate+of+Disability.pdf,DOCUMENT,COMPLETED,1,False,,,0,0
9d91c978-3e91-4a34-9727-06cc6bc348e9,Recruitment+of+Officer+Grade+A+%28Assistant+Manager%29+2026+Form+VI+-+Certificate+of+Disability.pdf,DOCUMENT,COMPLETED,1,False,,,0,0
ca926d68-72f9-4a82-a931-2b0b794df9e8,Recruitment+of+Officer+Grade+A+%28Assistant+Manager%29+2026+Form+VI+-+Certificate+of+Disability.pdf,DOCUMENT,COMPLETED,1,False,,,0,0
f679eed3-3708-4bf6-9b24-953f70c4bc72,Recruitment+of+Officer+Grade+A+%28Assistant+Manager%29+2026+Form+VII+-+Certificate+of+Disability.pdf,DOCUMENT,COMPLETED,1,False,,,0,0
460ccda1-b8e4-4e5b-83f9-8070df766265,Recruitment+of+Officer+Grade+A+%28Assistant+Manager%29+2026+Form+VII+-+Certificate+of+Disability.pdf,DOCUMENT,COMPLETED,1,False,,,0,0
6891269f-403b-40f4-b105-e0dc4fbbb844,Recruitment+of+Officer+Grade+A+%28Assistant+Manager%29+2026+Form+VII+-+Certificate+of+Disability.pdf,DOCUMENT,COMPLETED,1,False,,,0,0
19653728-5eef-4446-bfea-2d3d4604e687,Recruitment+of+Officer+Grade+A+%28Assistant+Manager%29+2026+Form+VII+-+Certificate+of+Disability.pdf,DOCUMENT,COMPLETED,1,False,,,0,0
d156b025-a475-4dbf-afff-20082d497d72,Recruitment+of+Officer+Grade+A+%28Assistant+Manager%29+2026+Form+VII+-+Certificate+of+Disability.pdf,DOCUMENT,COMPLETED,1,False,,,0,0
20cf9257-9588-41fc-9d81-848cbb49896a,Recruitment+of+Officer+Grade+A+%28Assistant+Manager%29+2026+Form+VII+-+Certificate+of+Disability.pdf,DOCUMENT,COMPLETED,1,False,,,0,0
caf72ad9-0581-4412-aa46-02b0074f296b,Recruitment+of+Officer+Grade+A+%28Assistant+Manager%29+2026-OBC+Certificate+Format.pdf,DOCUMENT,COMPLETED,1,False,,,0,0
259ce7ff-24cc-4a30-8b87-0381e350dd1e,Recruitment+of+Officer+Grade+A+%28Assistant+Manager%29+2026-OBC+Certificate+Format.pdf,DOCUMENT,COMPLETED,1,False,,,0,0
254ca5b2-3bed-4b45-bb87-7b58faa20f23,Recruitment+of+Officer+Grade+A+%28Assistant+Manager%29+2026-OBC+Certificate+Format.pdf,DOCUMENT,COMPLETED,1,False,,,0,0
ac084cfe-83f3-4088-bdc7-ca7f1acb0e6c,Recruitment+of+Officer+Grade+A+%28Assistant+Manager%29+2026-OBC+Certificate+Format.pdf,DOCUMENT,COMPLETED,1,False,,,0,0
fb76b682-bcf6-4f86-959b-e9741b278b95,Recruitment+of+Officer+Grade+A+%28Assistant+Manager%29+2026-OBC+Certificate+Format.pdf,DOCUMENT,COMPLETED,1,False,,,0,0
3e180cff-4fa6-4fe2-88b9-be7b79ee44b2,Recruitment+of+Officer+Grade+A+%28Assistant+Manager%29+2026-OBC+Certificate+Format.pdf,DOCUMENT,COMPLETED,1,False,,,0,0
b7e5991e-2821-4e04-abb1-31419d55c8cb,Recruitment+of+Officer+Grade+A+%28Assistant+Manager%29-2026.pdf,DOCUMENT,COMPLETED,1,False,,,0,0
f0ec2d06-d483-4049-9e5b-9c506628834e,Recruitment+of+Officer+Grade+A+%28Assistant+Manager%29-2026.pdf,DOCUMENT,COMPLETED,1,False,,,0,0
3bb3007b-2e46-41de-8bc2-b6e46b654e7a,Recruitment+of+Officer+Grade+A+%28Assistant+Manager%29-2026.pdf,DOCUMENT,COMPLETED,1,False,,,0,0
bf3f1687-4b60-4b5c-b6cb-0ef8505b5b03,Recruitment+of+Officer+Grade+A+%28Assistant+Manager%29-2026.pdf,DOCUMENT,COMPLETED,1,False,,,0,0
f2f00050-12a6-47c3-a985-6308eb38e0b1,Recruitment+of+Officer+Grade+A+%28Assistant+Manager%29-2026.pdf,DOCUMENT,COMPLETED,1,False,,,0,0
5aeb5b62-0d7c-47ae-8d6f-ba056c348f80,Recruitment+of+Officer+Grade+A+%28Assistant+Manager%29-2026.pdf,DOCUMENT,COMPLETED,1,False,,,0,0
9685588f-14c6-4832-887b-beb44e25d522,Recruitment+of+Officer+Grade+A+%28Assistant+Manager%29+2026-+Scribe+Declaration+Form.pdf,DOCUMENT,COMPLETED,1,False,,,0,0
7b79b649-830c-40bd-819b-c62cc06ab978,Recruitment+of+Officer+Grade+A+%28Assistant+Manager%29+2026-+Scribe+Declaration+Form.pdf,DOCUMENT,COMPLETED,1,False,,,0,0
7e07e223-78fc-4628-bb13-9b2054b69981,Recruitment+of+Officer+Grade+A+%28Assistant+Manager%29+2026-+Scribe+Declaration+Form.pdf,DOCUMENT,COMPLETED,1,False,,,0,0
a366d95f-9042-4ce3-a81b-901bc73b66c0,Recruitment+of+Officer+Grade+A+%28Assistant+Manager%29+2026-+Scribe+Declaration+Form.pdf,DOCUMENT,COMPLETED,1,False,,,0,0
c75cf37a-e837-4d86-ae62-68cbcf431862,Recruitment+of+Officer+Grade+A+%28Assistant+Manager%29+2026-+Scribe+Declaration+Form.pdf,DOCUMENT,COMPLETED,1,False,,,0,0
26f1df7b-3877-499f-99cb-9a2efbb35c60,Recruitment+of+Officer+Grade+A+%28Assistant+Manager%29+2026-+Scribe+Declaration+Form.pdf,DOCUMENT,COMPLETED,1,False,,,0,0
45bee68a-728c-4e54-a2b4-c1612e5b602d,Recruitment+of+Officer+Grade+A+%28Assistant+Manager%29+2026-SC+ST+Certificate+Format.pdf,DOCUMENT,COMPLETED,1,False,,,0,0
744ca7ba-4c1b-48c9-b0e1-ac74e6ef4bba,Recruitment+of+Officer+Grade+A+%28Assistant+Manager%29+2026-SC+ST+Certificate+Format.pdf,DOCUMENT,COMPLETED,1,False,,,0,0
9168c0cf-17c7-4862-a9e0-1f49c6e4d238,Recruitment+of+Officer+Grade+A+%28Assistant+Manager%29+2026-SC+ST+Certificate+Format.pdf,DOCUMENT,COMPLETED,1,False,,,0,0
54d2c9c3-db04-464a-a7e8-0dfe2a433119,Recruitment+of+Officer+Grade+A+%28Assistant+Manager%29+2026-SC+ST+Certificate+Format.pdf,DOCUMENT,COMPLETED,1,False,,,0,0
4569a74b-99ca-430c-83bd-e4b33daf97e8,Recruitment+of+Officer+Grade+A+%28Assistant+Manager%29+2026-SC+ST+Certificate+Format.pdf,DOCUMENT,COMPLETED,1,False,,,0,0
78785f34-dd45-46ba-9797-2f71f06330fd,Recruitment+of+Officer+Grade+A+%28Assistant+Manager%29+2026-SC+ST+Certificate+Format.pdf,DOCUMENT,COMPLETED,1,False,,,0,0
01bb29a2-5fd8-4f75-8a48-87e6e081521a,reinvest.pdf,DOCUMENT,COMPLETED,1,False,,,0,0
9fb561ab-8561-4e64-af9c-9a156c58cac7,reinvest.pdf,DOCUMENT,COMPLETED,1,False,,,0,0
10c08353-8bd5-47cc-9bb2-19290afecd37,Result_Notice.pdf,DOCUMENT,COMPLETED,1,False,,,0,0
239557cd-b841-4603-a487-6d87d06253cb,Result_Notice.pdf,DOCUMENT,COMPLETED,1,False,,,0,0
1798081d-ce82-46f2-906e-16edcaa74c97,Result_of_BCM.pdf,DOCUMENT,COMPLETED,1,False,,,0,0
d8ed9e14-17a4-4373-91e2-12ae67adf996,Result_of_BCM.pdf,DOCUMENT,COMPLETED,1,False,,,0,0
6603cee4-2fee-4bb5-9854-fc6a7a46ba5c,RFP_2_0.pdf,DOCUMENT,COMPLETED,1,False,,,0,0
b2aa82a6-4ee7-4ff9-ae24-71997264c6fa,RFP_2_0.pdf,DOCUMENT,COMPLETED,1,False,,,0,0
fae35280-82ac-44ef-9723-afdfee175566,RFP_3.pdf,DOCUMENT,COMPLETED,1,False,,,0,0
9d9c32ef-8d95-4720-86eb-d0d0d7cc51b7,RFP_3.pdf,DOCUMENT,COMPLETED,1,False,,,0,0
a87ef54b-63c6-4206-a26a-725d83386020,RFP_4.pdf,DOCUMENT,COMPLETED,1,False,,,0,0
b576c9e3-a48f-4c64-99aa-1b695e784343,RFP_4.pdf,DOCUMENT,COMPLETED,1,False,,,0,0
c1ad7481-c588-4726-9c47-f0b5a94138a9,rfp.pdf,DOCUMENT,COMPLETED,1,False,,,0,0
5550c721-49a3-4f8c-ae83-c699ae0ccbf6,rfp.pdf,DOCUMENT,COMPLETED,1,False,,,0,0
cd277377-b404-4dc3-94a0-9e112db92c80,RFP__.pdf,DOCUMENT,COMPLETED,1,False,,,0,0
fe819157-8f96-4867-90cc-8d9c4b52feb2,RFP__.pdf,DOCUMENT,COMPLETED,1,False,,,0,0
99dfcda6-0924-45e0-81a4-a7d2cf2dcf02,RFP_result__0.pdf,DOCUMENT,COMPLETED,1,False,,,0,0
0efba509-d96e-4195-ac89-13d5982b14a1,RFP_result__0.pdf,DOCUMENT,COMPLETED,1,False,,,0,0
38808445-c20b-4a38-852b-7e3cfe37a57d,RFP_result.pdf,DOCUMENT,COMPLETED,1,False,,,0,0
0dced7ac-1f1d-432a-a81a-bc000070e453,RFP_result.pdf,DOCUMENT,COMPLETED,1,False,,,0,0
ba78b502-9e78-4b5b-97f5-fc058d213168,RFP_result_.pdf,DOCUMENT,COMPLETED,1,False,,,0,0
2ded029f-001f-4352-921d-f556bc6e85b8,RFP_result_.pdf,DOCUMENT,COMPLETED,1,False,,,0,0
a44a0f9e-2892-4a1a-9c58-0199d0a97249,rpfg26_0.pdf,DOCUMENT,COMPLETED,1,False,,,0,0
fc411ee4-9870-40c9-85cf-90ffec73325d,rpfg26_0.pdf,DOCUMENT,COMPLETED,1,False,,,0,0
a75b0bd1-9653-42f0-b0c3-2bb9d6bf44f5,Scheme-Atal_Pension_Yojna_4.pdf,DOCUMENT,COMPLETED,1,False,,,0,0
3c87c7a7-0af5-48f7-b238-db0dfee2b4c4,Scheme-Atal_Pension_Yojna_4.pdf,DOCUMENT,COMPLETED,1,False,,,0,0
16d16ca7-8829-4c75-a992-e58e1eb1747b,Settlement_of_Corpus_Closure_Form_upd.pdf,DOCUMENT,COMPLETED,1,False,,,0,0
b2da68ef-70b3-46f6-81b5-a76682001c01,Settlement_of_Corpus_Closure_Form_upd.pdf,DOCUMENT,COMPLETED,1,False,,,0,0
b5b09faf-795d-49e8-86b8-448681797db4,sharing-of-subscriber-information-with-pension-funds.pdf,DOCUMENT,COMPLETED,1,False,,,0,0
42365341-b85b-461e-acc3-4be0acbbe9fe,sharing-of-subscriber-information-with-pension-funds.pdf,DOCUMENT,COMPLETED,1,False,,,0,0
9f3822ff-84a3-4c09-aa13-46de18e387c7,StewardshipPolicyofNPSTrustV3.pdf,DOCUMENT,COMPLETED,1,False,,,0,0
5ff9d6be-fdd5-4970-8e7e-b7be63c5c1f6,StewardshipPolicyofNPSTrustV3.pdf,DOCUMENT,COMPLETED,1,False,,,0,0
29f20ffe-0897-42df-9145-e6e615465db0,tempintro_compressed.pdf,DOCUMENT,COMPLETED,1,False,,,0,0
b297afeb-49e0-484b-becd-6e74bc1c97d2,tempintro_compressed.pdf,DOCUMENT,COMPLETED,1,False,,,0,0
22609fb1-c33a-462c-aad7-556b31bd0f6f,tempRTI16_0.pdf,DOCUMENT,COMPLETED,1,False,,,0,0
68c68b84-0ddd-42c6-85cf-f9285e5d2257,tempRTI16_0.pdf,DOCUMENT,COMPLETED,1,False,,,0,0
72432712-616e-44a4-b994-ddea54f7e2d6,tempRTI16.pdf,DOCUMENT,COMPLETED,1,False,,,0,0
c78ed52b-52b5-49b0-9475-e361301f428d,tempRTI16.pdf,DOCUMENT,COMPLETED,1,False,,,0,0
a3065194-ddd7-4c29-b4b1-39dd2bbd739e,Top_200_stocks-31st_December_2021.pdf,DOCUMENT,COMPLETED,1,False,,,0,0
0067980b-cd91-45a2-8b19-6caf7abea47c,Top_200_stocks-31st_December_2021.pdf,DOCUMENT,COMPLETED,1,False,,,0,0
0d03bae5-0664-4093-b437-1e191e41fd66,Top_200_stocks_as_on_31st_December_2022_0.pdf,DOCUMENT,COMPLETED,1,False,,,0,0
d97b2e8e-2f3c-467e-850a-179dd68eed70,Top_200_stocks_as_on_31st_December_2022_0.pdf,DOCUMENT,COMPLETED,1,False,,,0,0
bab681d2-ea12-4741-b8a5-6f0041ce6ce4,Top_200_stocks_as_on_31st_December_2022.pdf,DOCUMENT,COMPLETED,1,False,,,0,0
831ffc0e-d37d-45c9-ba2d-edb7f95fc858,Top_200_stocks_as_on_31st_December_2022.pdf,DOCUMENT,COMPLETED,1,False,,,0,0
494b5f98-b371-4420-a8b5-932a15209ac8,Top_200_stocks_as_on_June_2022.pdf,DOCUMENT,COMPLETED,1,False,,,0,0
716e2622-3a75-473d-b835-63b5280cfe41,Top_200_stocks_as_on_June_2022.pdf,DOCUMENT,COMPLETED,1,False,,,0,0
d6d4b8da-1cff-4ccf-88b4-5056159b25b5,Top_200_Stocks_December_2023.pdf,DOCUMENT,COMPLETED,1,False,,,0,0
b834531d-2eb2-4ed9-99ba-0cf30af43148,Top_200_Stocks_December_2023.pdf,DOCUMENT,COMPLETED,1,False,,,0,0
bb44ceb1-93b0-4866-9dd2-0df3b4f1df96,Top_200_Stocks_December_2024.pdf,DOCUMENT,COMPLETED,1,False,,,0,0
4def6987-2ec3-4e6c-a2cc-c718481e5712,Top_200_Stocks_December_2024.pdf,DOCUMENT,COMPLETED,1,False,,,0,0
c60c49f7-42f0-4267-b293-44bce609dd60,Top_200_Stocks_June_2024.xlsx,DOCUMENT,COMPLETED,1,False,,,0,0
eeaa058b-fd53-41a9-a9c4-4e73db23f28c,Top_200_Stocks_June_2024.xlsx,DOCUMENT,COMPLETED,1,False,,,0,0
8ac507d7-f823-4c90-aeda-36f444170991,Top_200_stocks_June_23.xlsx,DOCUMENT,COMPLETED,1,False,,,0,0
83916a9b-f7ab-4f6e-a4a2-643b1dfa3406,Top_200_stocks_June_23.xlsx,DOCUMENT,COMPLETED,1,False,,,0,0
9f88b5d3-19c7-4bc8-a0c2-e2863db88d9c,Top_200_stocks.pdf,DOCUMENT,COMPLETED,1,False,,,0,0
79e1a526-7047-4c5d-884d-44752437a86a,Top_200_stocks.pdf,DOCUMENT,COMPLETED,1,False,,,0,0
8a7d9133-1cd7-4727-8396-bbf48e1ea955,Top_250_Stocks_December_2024.pdf,DOCUMENT,COMPLETED,1,False,,,0,0
0095de39-00f8-4fef-9307-ee91fa5af408,Top_250_Stocks_December_2024.pdf,DOCUMENT,COMPLETED,1,False,,,0,0
c3a93d1b-75c6-41f2-aa6e-f8befd0adbdf,Top-250-Stocks-June-2025.pdf,DOCUMENT,COMPLETED,1,False,,,0,0
0a2d44db-57ca-4932-bda7-382a61915e8a,Top-250-Stocks-June-2025.pdf,DOCUMENT,COMPLETED,1,False,,,0,0
b1ef565c-abd7-4773-b0f4-4476c68437c0,translation-hindi_1.pdf,DOCUMENT,COMPLETED,1,False,,,0,0
8a3196ae-3514-4ec4-8f45-4ca1fce48187,translation-hindi_1.pdf,DOCUMENT,COMPLETED,1,False,,,0,0
8d8e2e8e-85d8-45fc-8547-fa7d5598a6d8,translation-hindi_2.pdf,DOCUMENT,COMPLETED,1,False,,,0,0
c154dee4-560d-49d5-af45-98f3c4d74b28,translation-hindi_2.pdf,DOCUMENT,COMPLETED,1,False,,,0,0
c26c2f6e-4079-43f3-bde0-6f5b37193003,tw_popReg2026.pdf,DOCUMENT,COMPLETED,1,False,,,0,0
755ab100-b605-4977-940e-a0a27b3486f3,tw_popReg2026.pdf,DOCUMENT,COMPLETED,1,False,,,0,0
17c74d43-00d7-4434-bd02-dca60d679656,UPS_Manual_merged.pdf,DOCUMENT,COMPLETED,1,False,,,0,0
68a18fe7-ad13-43f1-a5d6-b6c4db50fd82,UPS_Manual_merged.pdf,DOCUMENT,COMPLETED,1,False,,,0,0
f51f0c5d-3bfe-41e7-a224-b0fccc806141,V16-Annual_Report_of_NPS_2023.pdf,DOCUMENT,COMPLETED,1,False,,,0,0
7e9e9de9-c8ac-4ae9-b53d-6032adaea2a5,V16-Annual_Report_of_NPS_2023.pdf,DOCUMENT,COMPLETED,1,False,,,0,0
b3a60f86-d0a2-4476-a76a-0699d23ac835,v8-Final-Annual-Report-of-NPS_2025.pdf,DOCUMENT,COMPLETED,1,False,,,0,0
5206a2c2-047b-433d-8f10-6cd10993d49e,v8-Final-Annual-Report-of-NPS_2025.pdf,DOCUMENT,COMPLETED,1,False,,,0,0
4a3f9bd5-bdf3-4d1f-9345-6c210b4bbd93,Vatsalya_Brochures.pdf,DOCUMENT,COMPLETED,1,False,,,0,0
9fd73bc2-dab7-42b6-8166-4467c06e092e,Vatsalya_Brochures.pdf,DOCUMENT,COMPLETED,1,False,,,0,0
13909ea9-e74f-4d80-a2eb-e0232051347c,VATSLAYA_Flyers.pdf,DOCUMENT,COMPLETED,1,False,,,0,0
236e6b9d-cd9d-4afd-9610-5df14d6898c3,VATSLAYA_Flyers.pdf,DOCUMENT,COMPLETED,1,False,,,0,0
0490e198-c8f4-46c7-b5ff-35e5816c5a4f,Voluntary-Exit_APY-Withdrawal-Form.pdf,DOCUMENT,COMPLETED,1,False,,,0,0
1fbb6906-2f8b-4be2-bc22-52ec1c903166,Voluntary-Exit_APY-Withdrawal-Form.pdf,DOCUMENT,COMPLETED,1,False,,,0,0
dbea68eb-124c-4bde-bc56-0a2a02ce97bf,Voting_Policy_on_Assets_held_by_NPS_Trust.pdf,DOCUMENT,COMPLETED,1,False,,,0,0
7dd55fd9-dc36-4817-8dc2-e91107a4e034,Voting_Policy_on_Assets_held_by_NPS_Trust.pdf,DOCUMENT,COMPLETED,1,False,,,0,0
